Path,Video,Subject,SuperTrial,Capture,StartFrame,EndFrame,Gesture
datasets\jigsaw\Suturing\Suturing\video\Suturing_B001_capture1,Suturing_B001_capture1,B,B001,capture1,80,219,G1
datasets\jigsaw\Suturing\Suturing\video\Suturing_B001_capture1,Suturing_B001_capture1,B,B001,capture1,220,370,G5
datasets\jigsaw\Suturing\Suturing\video\Suturing_B001_capture1,Suturing_B001_capture1,B,B001,capture1,371,590,G8
datasets\jigsaw\Suturing\Suturing\video\Suturing_B001_capture1,Suturing_B001_capture1,B,B001,capture1,591,660,G2
datasets\jigsaw\Suturing\Suturing\video\Suturing_B001_capture1,Suturing_B001_capture1,B,B001,capture1,661,954,G3
datasets\jigsaw\Suturing\Suturing\video\Suturing_B001_capture1,Suturing_B001_capture1,B,B001,capture1,955,1097,G8
datasets\jigsaw\Suturing\Suturing\video\Suturing_B001_capture1,Suturing_B001_capture1,B,B001,capture1,1098,1124,G2
datasets\jigsaw\Suturing\Suturing\video\Suturing_B001_capture1,Suturing_B001_capture1,B,B001,capture1,1125,1401,G3
datasets\jigsaw\Suturing\Suturing\video\Suturing_B001_capture1,Suturing_B001_capture1,B,B001,capture1,1402,1439,G2
datasets\jigsaw\Suturing\Suturing\video\Suturing_B001_capture1,Suturing_B001_capture1,B,B001,capture1,1440,1698,G8
datasets\jigsaw\Suturing\Suturing\video\Suturing_B001_capture1,Suturing_B001_capture1,B,B001,capture1,1699,1783,G2
datasets\jigsaw\Suturing\Suturing\video\Suturing_B001_capture1,Suturing_B001_capture1,B,B001,capture1,1784,2285,G3
datasets\jigsaw\Suturing\Suturing\video\Suturing_B001_capture1,Suturing_B001_capture1,B,B001,capture1,2286,2495,G6
datasets\jigsaw\Suturing\Suturing\video\Suturing_B001_capture1,Suturing_B001_capture1,B,B001,capture1,2496,2679,G4
datasets\jigsaw\Suturing\Suturing\video\Suturing_B001_capture1,Suturing_B001_capture1,B,B001,capture1,2680,2750,G2
datasets\jigsaw\Suturing\Suturing\video\Suturing_B001_capture1,Suturing_B001_capture1,B,B001,capture1,2751,2976,G3
datasets\jigsaw\Suturing\Suturing\video\Suturing_B001_capture1,Suturing_B001_capture1,B,B001,capture1,2977,3155,G6
datasets\jigsaw\Suturing\Suturing\video\Suturing_B001_capture1,Suturing_B001_capture1,B,B001,capture1,3156,3308,G4
datasets\jigsaw\Suturing\Suturing\video\Suturing_B001_capture1,Suturing_B001_capture1,B,B001,capture1,3309,3659,G2
datasets\jigsaw\Suturing\Suturing\video\Suturing_B001_capture1,Suturing_B001_capture1,B,B001,capture1,3660,4011,G3
datasets\jigsaw\Suturing\Suturing\video\Suturing_B001_capture1,Suturing_B001_capture1,B,B001,capture1,4012,4321,G8
datasets\jigsaw\Suturing\Suturing\video\Suturing_B001_capture1,Suturing_B001_capture1,B,B001,capture1,4322,4374,G2
datasets\jigsaw\Suturing\Suturing\video\Suturing_B001_capture1,Suturing_B001_capture1,B,B001,capture1,4375,4704,G3
datasets\jigsaw\Suturing\Suturing\video\Suturing_B001_capture1,Suturing_B001_capture1,B,B001,capture1,4705,4846,G6
datasets\jigsaw\Suturing\Suturing\video\Suturing_B001_capture1,Suturing_B001_capture1,B,B001,capture1,4847,4983,G4
datasets\jigsaw\Suturing\Suturing\video\Suturing_B001_capture1,Suturing_B001_capture1,B,B001,capture1,4984,5059,G2
datasets\jigsaw\Suturing\Suturing\video\Suturing_B001_capture1,Suturing_B001_capture1,B,B001,capture1,5060,5354,G3
datasets\jigsaw\Suturing\Suturing\video\Suturing_B001_capture1,Suturing_B001_capture1,B,B001,capture1,5355,5447,G6
datasets\jigsaw\Suturing\Suturing\video\Suturing_B001_capture1,Suturing_B001_capture1,B,B001,capture1,5448,5635,G11
datasets\jigsaw\Suturing\Suturing\video\Suturing_B001_capture2,Suturing_B001_capture2,B,B001,capture2,80,219,G1
datasets\jigsaw\Suturing\Suturing\video\Suturing_B001_capture2,Suturing_B001_capture2,B,B001,capture2,220,370,G5
datasets\jigsaw\Suturing\Suturing\video\Suturing_B001_capture2,Suturing_B001_capture2,B,B001,capture2,371,590,G8
datasets\jigsaw\Suturing\Suturing\video\Suturing_B001_capture2,Suturing_B001_capture2,B,B001,capture2,591,660,G2
datasets\jigsaw\Suturing\Suturing\video\Suturing_B001_capture2,Suturing_B001_capture2,B,B001,capture2,661,954,G3
datasets\jigsaw\Suturing\Suturing\video\Suturing_B001_capture2,Suturing_B001_capture2,B,B001,capture2,955,1097,G8
datasets\jigsaw\Suturing\Suturing\video\Suturing_B001_capture2,Suturing_B001_capture2,B,B001,capture2,1098,1124,G2
datasets\jigsaw\Suturing\Suturing\video\Suturing_B001_capture2,Suturing_B001_capture2,B,B001,capture2,1125,1401,G3
datasets\jigsaw\Suturing\Suturing\video\Suturing_B001_capture2,Suturing_B001_capture2,B,B001,capture2,1402,1439,G2
datasets\jigsaw\Suturing\Suturing\video\Suturing_B001_capture2,Suturing_B001_capture2,B,B001,capture2,1440,1698,G8
datasets\jigsaw\Suturing\Suturing\video\Suturing_B001_capture2,Suturing_B001_capture2,B,B001,capture2,1699,1783,G2
datasets\jigsaw\Suturing\Suturing\video\Suturing_B001_capture2,Suturing_B001_capture2,B,B001,capture2,1784,2285,G3
datasets\jigsaw\Suturing\Suturing\video\Suturing_B001_capture2,Suturing_B001_capture2,B,B001,capture2,2286,2495,G6
datasets\jigsaw\Suturing\Suturing\video\Suturing_B001_capture2,Suturing_B001_capture2,B,B001,capture2,2496,2679,G4
datasets\jigsaw\Suturing\Suturing\video\Suturing_B001_capture2,Suturing_B001_capture2,B,B001,capture2,2680,2750,G2
datasets\jigsaw\Suturing\Suturing\video\Suturing_B001_capture2,Suturing_B001_capture2,B,B001,capture2,2751,2976,G3
datasets\jigsaw\Suturing\Suturing\video\Suturing_B001_capture2,Suturing_B001_capture2,B,B001,capture2,2977,3155,G6
datasets\jigsaw\Suturing\Suturing\video\Suturing_B001_capture2,Suturing_B001_capture2,B,B001,capture2,3156,3308,G4
datasets\jigsaw\Suturing\Suturing\video\Suturing_B001_capture2,Suturing_B001_capture2,B,B001,capture2,3309,3659,G2
datasets\jigsaw\Suturing\Suturing\video\Suturing_B001_capture2,Suturing_B001_capture2,B,B001,capture2,3660,4011,G3
datasets\jigsaw\Suturing\Suturing\video\Suturing_B001_capture2,Suturing_B001_capture2,B,B001,capture2,4012,4321,G8
datasets\jigsaw\Suturing\Suturing\video\Suturing_B001_capture2,Suturing_B001_capture2,B,B001,capture2,4322,4374,G2
datasets\jigsaw\Suturing\Suturing\video\Suturing_B001_capture2,Suturing_B001_capture2,B,B001,capture2,4375,4704,G3
datasets\jigsaw\Suturing\Suturing\video\Suturing_B001_capture2,Suturing_B001_capture2,B,B001,capture2,4705,4846,G6
datasets\jigsaw\Suturing\Suturing\video\Suturing_B001_capture2,Suturing_B001_capture2,B,B001,capture2,4847,4983,G4
datasets\jigsaw\Suturing\Suturing\video\Suturing_B001_capture2,Suturing_B001_capture2,B,B001,capture2,4984,5059,G2
datasets\jigsaw\Suturing\Suturing\video\Suturing_B001_capture2,Suturing_B001_capture2,B,B001,capture2,5060,5354,G3
datasets\jigsaw\Suturing\Suturing\video\Suturing_B001_capture2,Suturing_B001_capture2,B,B001,capture2,5355,5447,G6
datasets\jigsaw\Suturing\Suturing\video\Suturing_B001_capture2,Suturing_B001_capture2,B,B001,capture2,5448,5635,G11
datasets\jigsaw\Suturing\Suturing\video\Suturing_B002_capture1,Suturing_B002_capture1,B,B002,capture1,5,78,G1
datasets\jigsaw\Suturing\Suturing\video\Suturing_B002_capture1,Suturing_B002_capture1,B,B002,capture1,79,203,G5
datasets\jigsaw\Suturing\Suturing\video\Suturing_B002_capture1,Suturing_B002_capture1,B,B002,capture1,204,550,G8
datasets\jigsaw\Suturing\Suturing\video\Suturing_B002_capture1,Suturing_B002_capture1,B,B002,capture1,551,613,G2
datasets\jigsaw\Suturing\Suturing\video\Suturing_B002_capture1,Suturing_B002_capture1,B,B002,capture1,614,862,G3
datasets\jigsaw\Suturing\Suturing\video\Suturing_B002_capture1,Suturing_B002_capture1,B,B002,capture1,863,1115,G6
datasets\jigsaw\Suturing\Suturing\video\Suturing_B002_capture1,Suturing_B002_capture1,B,B002,capture1,1116,1272,G4
datasets\jigsaw\Suturing\Suturing\video\Suturing_B002_capture1,Suturing_B002_capture1,B,B002,capture1,1273,1402,G2
datasets\jigsaw\Suturing\Suturing\video\Suturing_B002_capture1,Suturing_B002_capture1,B,B002,capture1,1403,1729,G3
datasets\jigsaw\Suturing\Suturing\video\Suturing_B002_capture1,Suturing_B002_capture1,B,B002,capture1,1730,1890,G6
datasets\jigsaw\Suturing\Suturing\video\Suturing_B002_capture1,Suturing_B002_capture1,B,B002,capture1,1891,2011,G4
datasets\jigsaw\Suturing\Suturing\video\Suturing_B002_capture1,Suturing_B002_capture1,B,B002,capture1,2012,2094,G2
datasets\jigsaw\Suturing\Suturing\video\Suturing_B002_capture1,Suturing_B002_capture1,B,B002,capture1,2095,2481,G3
datasets\jigsaw\Suturing\Suturing\video\Suturing_B002_capture1,Suturing_B002_capture1,B,B002,capture1,2482,2772,G6
datasets\jigsaw\Suturing\Suturing\video\Suturing_B002_capture1,Suturing_B002_capture1,B,B002,capture1,2773,2877,G4
datasets\jigsaw\Suturing\Suturing\video\Suturing_B002_capture1,Suturing_B002_capture1,B,B002,capture1,2878,2936,G2
datasets\jigsaw\Suturing\Suturing\video\Suturing_B002_capture1,Suturing_B002_capture1,B,B002,capture1,2937,3127,G3
datasets\jigsaw\Suturing\Suturing\video\Suturing_B002_capture1,Suturing_B002_capture1,B,B002,capture1,3128,3289,G6
datasets\jigsaw\Suturing\Suturing\video\Suturing_B002_capture1,Suturing_B002_capture1,B,B002,capture1,3290,3424,G11
datasets\jigsaw\Suturing\Suturing\video\Suturing_B002_capture2,Suturing_B002_capture2,B,B002,capture2,5,78,G1
datasets\jigsaw\Suturing\Suturing\video\Suturing_B002_capture2,Suturing_B002_capture2,B,B002,capture2,79,203,G5
datasets\jigsaw\Suturing\Suturing\video\Suturing_B002_capture2,Suturing_B002_capture2,B,B002,capture2,204,550,G8
datasets\jigsaw\Suturing\Suturing\video\Suturing_B002_capture2,Suturing_B002_capture2,B,B002,capture2,551,613,G2
datasets\jigsaw\Suturing\Suturing\video\Suturing_B002_capture2,Suturing_B002_capture2,B,B002,capture2,614,862,G3
datasets\jigsaw\Suturing\Suturing\video\Suturing_B002_capture2,Suturing_B002_capture2,B,B002,capture2,863,1115,G6
datasets\jigsaw\Suturing\Suturing\video\Suturing_B002_capture2,Suturing_B002_capture2,B,B002,capture2,1116,1272,G4
datasets\jigsaw\Suturing\Suturing\video\Suturing_B002_capture2,Suturing_B002_capture2,B,B002,capture2,1273,1402,G2
datasets\jigsaw\Suturing\Suturing\video\Suturing_B002_capture2,Suturing_B002_capture2,B,B002,capture2,1403,1729,G3
datasets\jigsaw\Suturing\Suturing\video\Suturing_B002_capture2,Suturing_B002_capture2,B,B002,capture2,1730,1890,G6
datasets\jigsaw\Suturing\Suturing\video\Suturing_B002_capture2,Suturing_B002_capture2,B,B002,capture2,1891,2011,G4
datasets\jigsaw\Suturing\Suturing\video\Suturing_B002_capture2,Suturing_B002_capture2,B,B002,capture2,2012,2094,G2
datasets\jigsaw\Suturing\Suturing\video\Suturing_B002_capture2,Suturing_B002_capture2,B,B002,capture2,2095,2481,G3
datasets\jigsaw\Suturing\Suturing\video\Suturing_B002_capture2,Suturing_B002_capture2,B,B002,capture2,2482,2772,G6
datasets\jigsaw\Suturing\Suturing\video\Suturing_B002_capture2,Suturing_B002_capture2,B,B002,capture2,2773,2877,G4
datasets\jigsaw\Suturing\Suturing\video\Suturing_B002_capture2,Suturing_B002_capture2,B,B002,capture2,2878,2936,G2
datasets\jigsaw\Suturing\Suturing\video\Suturing_B002_capture2,Suturing_B002_capture2,B,B002,capture2,2937,3127,G3
datasets\jigsaw\Suturing\Suturing\video\Suturing_B002_capture2,Suturing_B002_capture2,B,B002,capture2,3128,3289,G6
datasets\jigsaw\Suturing\Suturing\video\Suturing_B002_capture2,Suturing_B002_capture2,B,B002,capture2,3290,3424,G11
datasets\jigsaw\Suturing\Suturing\video\Suturing_B003_capture1,Suturing_B003_capture1,B,B003,capture1,8,103,G1
datasets\jigsaw\Suturing\Suturing\video\Suturing_B003_capture1,Suturing_B003_capture1,B,B003,capture1,104,180,G5
datasets\jigsaw\Suturing\Suturing\video\Suturing_B003_capture1,Suturing_B003_capture1,B,B003,capture1,181,221,G2
datasets\jigsaw\Suturing\Suturing\video\Suturing_B003_capture1,Suturing_B003_capture1,B,B003,capture1,222,522,G3
datasets\jigsaw\Suturing\Suturing\video\Suturing_B003_capture1,Suturing_B003_capture1,B,B003,capture1,523,701,G6
datasets\jigsaw\Suturing\Suturing\video\Suturing_B003_capture1,Suturing_B003_capture1,B,B003,capture1,702,919,G4
datasets\jigsaw\Suturing\Suturing\video\Suturing_B003_capture1,Suturing_B003_capture1,B,B003,capture1,920,982,G2
datasets\jigsaw\Suturing\Suturing\video\Suturing_B003_capture1,Suturing_B003_capture1,B,B003,capture1,983,1205,G3
datasets\jigsaw\Suturing\Suturing\video\Suturing_B003_capture1,Suturing_B003_capture1,B,B003,capture1,1206,1394,G6
datasets\jigsaw\Suturing\Suturing\video\Suturing_B003_capture1,Suturing_B003_capture1,B,B003,capture1,1395,1526,G4
datasets\jigsaw\Suturing\Suturing\video\Suturing_B003_capture1,Suturing_B003_capture1,B,B003,capture1,1527,1595,G2
datasets\jigsaw\Suturing\Suturing\video\Suturing_B003_capture1,Suturing_B003_capture1,B,B003,capture1,1596,1929,G3
datasets\jigsaw\Suturing\Suturing\video\Suturing_B003_capture1,Suturing_B003_capture1,B,B003,capture1,1930,2195,G6
datasets\jigsaw\Suturing\Suturing\video\Suturing_B003_capture1,Suturing_B003_capture1,B,B003,capture1,2196,2370,G4
datasets\jigsaw\Suturing\Suturing\video\Suturing_B003_capture1,Suturing_B003_capture1,B,B003,capture1,2371,2436,G2
datasets\jigsaw\Suturing\Suturing\video\Suturing_B003_capture1,Suturing_B003_capture1,B,B003,capture1,2437,2683,G3
datasets\jigsaw\Suturing\Suturing\video\Suturing_B003_capture1,Suturing_B003_capture1,B,B003,capture1,2684,3116,G6
datasets\jigsaw\Suturing\Suturing\video\Suturing_B003_capture1,Suturing_B003_capture1,B,B003,capture1,3117,3274,G11
datasets\jigsaw\Suturing\Suturing\video\Suturing_B003_capture2,Suturing_B003_capture2,B,B003,capture2,8,103,G1
datasets\jigsaw\Suturing\Suturing\video\Suturing_B003_capture2,Suturing_B003_capture2,B,B003,capture2,104,180,G5
datasets\jigsaw\Suturing\Suturing\video\Suturing_B003_capture2,Suturing_B003_capture2,B,B003,capture2,181,221,G2
datasets\jigsaw\Suturing\Suturing\video\Suturing_B003_capture2,Suturing_B003_capture2,B,B003,capture2,222,522,G3
datasets\jigsaw\Suturing\Suturing\video\Suturing_B003_capture2,Suturing_B003_capture2,B,B003,capture2,523,701,G6
datasets\jigsaw\Suturing\Suturing\video\Suturing_B003_capture2,Suturing_B003_capture2,B,B003,capture2,702,919,G4
datasets\jigsaw\Suturing\Suturing\video\Suturing_B003_capture2,Suturing_B003_capture2,B,B003,capture2,920,982,G2
datasets\jigsaw\Suturing\Suturing\video\Suturing_B003_capture2,Suturing_B003_capture2,B,B003,capture2,983,1205,G3
datasets\jigsaw\Suturing\Suturing\video\Suturing_B003_capture2,Suturing_B003_capture2,B,B003,capture2,1206,1394,G6
datasets\jigsaw\Suturing\Suturing\video\Suturing_B003_capture2,Suturing_B003_capture2,B,B003,capture2,1395,1526,G4
datasets\jigsaw\Suturing\Suturing\video\Suturing_B003_capture2,Suturing_B003_capture2,B,B003,capture2,1527,1595,G2
datasets\jigsaw\Suturing\Suturing\video\Suturing_B003_capture2,Suturing_B003_capture2,B,B003,capture2,1596,1929,G3
datasets\jigsaw\Suturing\Suturing\video\Suturing_B003_capture2,Suturing_B003_capture2,B,B003,capture2,1930,2195,G6
datasets\jigsaw\Suturing\Suturing\video\Suturing_B003_capture2,Suturing_B003_capture2,B,B003,capture2,2196,2370,G4
datasets\jigsaw\Suturing\Suturing\video\Suturing_B003_capture2,Suturing_B003_capture2,B,B003,capture2,2371,2436,G2
datasets\jigsaw\Suturing\Suturing\video\Suturing_B003_capture2,Suturing_B003_capture2,B,B003,capture2,2437,2683,G3
datasets\jigsaw\Suturing\Suturing\video\Suturing_B003_capture2,Suturing_B003_capture2,B,B003,capture2,2684,3116,G6
datasets\jigsaw\Suturing\Suturing\video\Suturing_B003_capture2,Suturing_B003_capture2,B,B003,capture2,3117,3274,G11
datasets\jigsaw\Suturing\Suturing\video\Suturing_B004_capture1,Suturing_B004_capture1,B,B004,capture1,1,46,G1
datasets\jigsaw\Suturing\Suturing\video\Suturing_B004_capture1,Suturing_B004_capture1,B,B004,capture1,47,103,G5
datasets\jigsaw\Suturing\Suturing\video\Suturing_B004_capture1,Suturing_B004_capture1,B,B004,capture1,104,128,G2
datasets\jigsaw\Suturing\Suturing\video\Suturing_B004_capture1,Suturing_B004_capture1,B,B004,capture1,129,696,G3
datasets\jigsaw\Suturing\Suturing\video\Suturing_B004_capture1,Suturing_B004_capture1,B,B004,capture1,697,876,G6
datasets\jigsaw\Suturing\Suturing\video\Suturing_B004_capture1,Suturing_B004_capture1,B,B004,capture1,877,1015,G4
datasets\jigsaw\Suturing\Suturing\video\Suturing_B004_capture1,Suturing_B004_capture1,B,B004,capture1,1016,1417,G2
datasets\jigsaw\Suturing\Suturing\video\Suturing_B004_capture1,Suturing_B004_capture1,B,B004,capture1,1418,1603,G6
datasets\jigsaw\Suturing\Suturing\video\Suturing_B004_capture1,Suturing_B004_capture1,B,B004,capture1,1604,1722,G4
datasets\jigsaw\Suturing\Suturing\video\Suturing_B004_capture1,Suturing_B004_capture1,B,B004,capture1,1723,1799,G2
datasets\jigsaw\Suturing\Suturing\video\Suturing_B004_capture1,Suturing_B004_capture1,B,B004,capture1,1800,2186,G3
datasets\jigsaw\Suturing\Suturing\video\Suturing_B004_capture1,Suturing_B004_capture1,B,B004,capture1,2187,2326,G6
datasets\jigsaw\Suturing\Suturing\video\Suturing_B004_capture1,Suturing_B004_capture1,B,B004,capture1,2327,2429,G4
datasets\jigsaw\Suturing\Suturing\video\Suturing_B004_capture1,Suturing_B004_capture1,B,B004,capture1,2430,2564,G8
datasets\jigsaw\Suturing\Suturing\video\Suturing_B004_capture1,Suturing_B004_capture1,B,B004,capture1,2565,2860,G2
datasets\jigsaw\Suturing\Suturing\video\Suturing_B004_capture1,Suturing_B004_capture1,B,B004,capture1,2861,3069,G6
datasets\jigsaw\Suturing\Suturing\video\Suturing_B004_capture1,Suturing_B004_capture1,B,B004,capture1,3070,3257,G11
datasets\jigsaw\Suturing\Suturing\video\Suturing_B004_capture2,Suturing_B004_capture2,B,B004,capture2,1,46,G1
datasets\jigsaw\Suturing\Suturing\video\Suturing_B004_capture2,Suturing_B004_capture2,B,B004,capture2,47,103,G5
datasets\jigsaw\Suturing\Suturing\video\Suturing_B004_capture2,Suturing_B004_capture2,B,B004,capture2,104,128,G2
datasets\jigsaw\Suturing\Suturing\video\Suturing_B004_capture2,Suturing_B004_capture2,B,B004,capture2,129,696,G3
datasets\jigsaw\Suturing\Suturing\video\Suturing_B004_capture2,Suturing_B004_capture2,B,B004,capture2,697,876,G6
datasets\jigsaw\Suturing\Suturing\video\Suturing_B004_capture2,Suturing_B004_capture2,B,B004,capture2,877,1015,G4
datasets\jigsaw\Suturing\Suturing\video\Suturing_B004_capture2,Suturing_B004_capture2,B,B004,capture2,1016,1417,G2
datasets\jigsaw\Suturing\Suturing\video\Suturing_B004_capture2,Suturing_B004_capture2,B,B004,capture2,1418,1603,G6
datasets\jigsaw\Suturing\Suturing\video\Suturing_B004_capture2,Suturing_B004_capture2,B,B004,capture2,1604,1722,G4
datasets\jigsaw\Suturing\Suturing\video\Suturing_B004_capture2,Suturing_B004_capture2,B,B004,capture2,1723,1799,G2
datasets\jigsaw\Suturing\Suturing\video\Suturing_B004_capture2,Suturing_B004_capture2,B,B004,capture2,1800,2186,G3
datasets\jigsaw\Suturing\Suturing\video\Suturing_B004_capture2,Suturing_B004_capture2,B,B004,capture2,2187,2326,G6
datasets\jigsaw\Suturing\Suturing\video\Suturing_B004_capture2,Suturing_B004_capture2,B,B004,capture2,2327,2429,G4
datasets\jigsaw\Suturing\Suturing\video\Suturing_B004_capture2,Suturing_B004_capture2,B,B004,capture2,2430,2564,G8
datasets\jigsaw\Suturing\Suturing\video\Suturing_B004_capture2,Suturing_B004_capture2,B,B004,capture2,2565,2860,G2
datasets\jigsaw\Suturing\Suturing\video\Suturing_B004_capture2,Suturing_B004_capture2,B,B004,capture2,2861,3069,G6
datasets\jigsaw\Suturing\Suturing\video\Suturing_B004_capture2,Suturing_B004_capture2,B,B004,capture2,3070,3257,G11
datasets\jigsaw\Suturing\Suturing\video\Suturing_B005_capture1,Suturing_B005_capture1,B,B005,capture1,1,11,G1
datasets\jigsaw\Suturing\Suturing\video\Suturing_B005_capture1,Suturing_B005_capture1,B,B005,capture1,12,101,G5
datasets\jigsaw\Suturing\Suturing\video\Suturing_B005_capture1,Suturing_B005_capture1,B,B005,capture1,102,446,G8
datasets\jigsaw\Suturing\Suturing\video\Suturing_B005_capture1,Suturing_B005_capture1,B,B005,capture1,447,516,G2
datasets\jigsaw\Suturing\Suturing\video\Suturing_B005_capture1,Suturing_B005_capture1,B,B005,capture1,517,967,G3
datasets\jigsaw\Suturing\Suturing\video\Suturing_B005_capture1,Suturing_B005_capture1,B,B005,capture1,968,1115,G6
datasets\jigsaw\Suturing\Suturing\video\Suturing_B005_capture1,Suturing_B005_capture1,B,B005,capture1,1116,1186,G4
datasets\jigsaw\Suturing\Suturing\video\Suturing_B005_capture1,Suturing_B005_capture1,B,B005,capture1,1187,1261,G2
datasets\jigsaw\Suturing\Suturing\video\Suturing_B005_capture1,Suturing_B005_capture1,B,B005,capture1,1262,1489,G3
datasets\jigsaw\Suturing\Suturing\video\Suturing_B005_capture1,Suturing_B005_capture1,B,B005,capture1,1490,1667,G6
datasets\jigsaw\Suturing\Suturing\video\Suturing_B005_capture1,Suturing_B005_capture1,B,B005,capture1,1668,1779,G4
datasets\jigsaw\Suturing\Suturing\video\Suturing_B005_capture1,Suturing_B005_capture1,B,B005,capture1,1780,1845,G2
datasets\jigsaw\Suturing\Suturing\video\Suturing_B005_capture1,Suturing_B005_capture1,B,B005,capture1,1846,2089,G3
datasets\jigsaw\Suturing\Suturing\video\Suturing_B005_capture1,Suturing_B005_capture1,B,B005,capture1,2090,2234,G6
datasets\jigsaw\Suturing\Suturing\video\Suturing_B005_capture1,Suturing_B005_capture1,B,B005,capture1,2235,2329,G4
datasets\jigsaw\Suturing\Suturing\video\Suturing_B005_capture1,Suturing_B005_capture1,B,B005,capture1,2330,2372,G2
datasets\jigsaw\Suturing\Suturing\video\Suturing_B005_capture1,Suturing_B005_capture1,B,B005,capture1,2373,2588,G3
datasets\jigsaw\Suturing\Suturing\video\Suturing_B005_capture1,Suturing_B005_capture1,B,B005,capture1,2589,2693,G6
datasets\jigsaw\Suturing\Suturing\video\Suturing_B005_capture1,Suturing_B005_capture1,B,B005,capture1,2694,2848,G11
datasets\jigsaw\Suturing\Suturing\video\Suturing_B005_capture2,Suturing_B005_capture2,B,B005,capture2,1,11,G1
datasets\jigsaw\Suturing\Suturing\video\Suturing_B005_capture2,Suturing_B005_capture2,B,B005,capture2,12,101,G5
datasets\jigsaw\Suturing\Suturing\video\Suturing_B005_capture2,Suturing_B005_capture2,B,B005,capture2,102,446,G8
datasets\jigsaw\Suturing\Suturing\video\Suturing_B005_capture2,Suturing_B005_capture2,B,B005,capture2,447,516,G2
datasets\jigsaw\Suturing\Suturing\video\Suturing_B005_capture2,Suturing_B005_capture2,B,B005,capture2,517,967,G3
datasets\jigsaw\Suturing\Suturing\video\Suturing_B005_capture2,Suturing_B005_capture2,B,B005,capture2,968,1115,G6
datasets\jigsaw\Suturing\Suturing\video\Suturing_B005_capture2,Suturing_B005_capture2,B,B005,capture2,1116,1186,G4
datasets\jigsaw\Suturing\Suturing\video\Suturing_B005_capture2,Suturing_B005_capture2,B,B005,capture2,1187,1261,G2
datasets\jigsaw\Suturing\Suturing\video\Suturing_B005_capture2,Suturing_B005_capture2,B,B005,capture2,1262,1489,G3
datasets\jigsaw\Suturing\Suturing\video\Suturing_B005_capture2,Suturing_B005_capture2,B,B005,capture2,1490,1667,G6
datasets\jigsaw\Suturing\Suturing\video\Suturing_B005_capture2,Suturing_B005_capture2,B,B005,capture2,1668,1779,G4
datasets\jigsaw\Suturing\Suturing\video\Suturing_B005_capture2,Suturing_B005_capture2,B,B005,capture2,1780,1845,G2
datasets\jigsaw\Suturing\Suturing\video\Suturing_B005_capture2,Suturing_B005_capture2,B,B005,capture2,1846,2089,G3
datasets\jigsaw\Suturing\Suturing\video\Suturing_B005_capture2,Suturing_B005_capture2,B,B005,capture2,2090,2234,G6
datasets\jigsaw\Suturing\Suturing\video\Suturing_B005_capture2,Suturing_B005_capture2,B,B005,capture2,2235,2329,G4
datasets\jigsaw\Suturing\Suturing\video\Suturing_B005_capture2,Suturing_B005_capture2,B,B005,capture2,2330,2372,G2
datasets\jigsaw\Suturing\Suturing\video\Suturing_B005_capture2,Suturing_B005_capture2,B,B005,capture2,2373,2588,G3
datasets\jigsaw\Suturing\Suturing\video\Suturing_B005_capture2,Suturing_B005_capture2,B,B005,capture2,2589,2693,G6
datasets\jigsaw\Suturing\Suturing\video\Suturing_B005_capture2,Suturing_B005_capture2,B,B005,capture2,2694,2848,G11
datasets\jigsaw\Suturing\Suturing\video\Suturing_C001_capture1,Suturing_C001_capture1,C,C001,capture1,26,67,G1
datasets\jigsaw\Suturing\Suturing\video\Suturing_C001_capture1,Suturing_C001_capture1,C,C001,capture1,68,191,G5
datasets\jigsaw\Suturing\Suturing\video\Suturing_C001_capture1,Suturing_C001_capture1,C,C001,capture1,192,305,G8
datasets\jigsaw\Suturing\Suturing\video\Suturing_C001_capture1,Suturing_C001_capture1,C,C001,capture1,306,413,G2
datasets\jigsaw\Suturing\Suturing\video\Suturing_C001_capture1,Suturing_C001_capture1,C,C001,capture1,414,781,G3
datasets\jigsaw\Suturing\Suturing\video\Suturing_C001_capture1,Suturing_C001_capture1,C,C001,capture1,782,854,G6
datasets\jigsaw\Suturing\Suturing\video\Suturing_C001_capture1,Suturing_C001_capture1,C,C001,capture1,855,1039,G4
datasets\jigsaw\Suturing\Suturing\video\Suturing_C001_capture1,Suturing_C001_capture1,C,C001,capture1,1040,1191,G8
datasets\jigsaw\Suturing\Suturing\video\Suturing_C001_capture1,Suturing_C001_capture1,C,C001,capture1,1192,1354,G2
datasets\jigsaw\Suturing\Suturing\video\Suturing_C001_capture1,Suturing_C001_capture1,C,C001,capture1,1355,1581,G3
datasets\jigsaw\Suturing\Suturing\video\Suturing_C001_capture1,Suturing_C001_capture1,C,C001,capture1,1582,1793,G6
datasets\jigsaw\Suturing\Suturing\video\Suturing_C001_capture1,Suturing_C001_capture1,C,C001,capture1,1794,1915,G4
datasets\jigsaw\Suturing\Suturing\video\Suturing_C001_capture1,Suturing_C001_capture1,C,C001,capture1,1916,2016,G2
datasets\jigsaw\Suturing\Suturing\video\Suturing_C001_capture1,Suturing_C001_capture1,C,C001,capture1,2017,2253,G3
datasets\jigsaw\Suturing\Suturing\video\Suturing_C001_capture1,Suturing_C001_capture1,C,C001,capture1,2254,2410,G6
datasets\jigsaw\Suturing\Suturing\video\Suturing_C001_capture1,Suturing_C001_capture1,C,C001,capture1,2411,2529,G4
datasets\jigsaw\Suturing\Suturing\video\Suturing_C001_capture1,Suturing_C001_capture1,C,C001,capture1,2530,2623,G2
datasets\jigsaw\Suturing\Suturing\video\Suturing_C001_capture1,Suturing_C001_capture1,C,C001,capture1,2624,2782,G3
datasets\jigsaw\Suturing\Suturing\video\Suturing_C001_capture1,Suturing_C001_capture1,C,C001,capture1,2783,2987,G6
datasets\jigsaw\Suturing\Suturing\video\Suturing_C001_capture1,Suturing_C001_capture1,C,C001,capture1,2988,3180,G11
datasets\jigsaw\Suturing\Suturing\video\Suturing_C001_capture2,Suturing_C001_capture2,C,C001,capture2,26,67,G1
datasets\jigsaw\Suturing\Suturing\video\Suturing_C001_capture2,Suturing_C001_capture2,C,C001,capture2,68,191,G5
datasets\jigsaw\Suturing\Suturing\video\Suturing_C001_capture2,Suturing_C001_capture2,C,C001,capture2,192,305,G8
datasets\jigsaw\Suturing\Suturing\video\Suturing_C001_capture2,Suturing_C001_capture2,C,C001,capture2,306,413,G2
datasets\jigsaw\Suturing\Suturing\video\Suturing_C001_capture2,Suturing_C001_capture2,C,C001,capture2,414,781,G3
datasets\jigsaw\Suturing\Suturing\video\Suturing_C001_capture2,Suturing_C001_capture2,C,C001,capture2,782,854,G6
datasets\jigsaw\Suturing\Suturing\video\Suturing_C001_capture2,Suturing_C001_capture2,C,C001,capture2,855,1039,G4
datasets\jigsaw\Suturing\Suturing\video\Suturing_C001_capture2,Suturing_C001_capture2,C,C001,capture2,1040,1191,G8
datasets\jigsaw\Suturing\Suturing\video\Suturing_C001_capture2,Suturing_C001_capture2,C,C001,capture2,1192,1354,G2
datasets\jigsaw\Suturing\Suturing\video\Suturing_C001_capture2,Suturing_C001_capture2,C,C001,capture2,1355,1581,G3
datasets\jigsaw\Suturing\Suturing\video\Suturing_C001_capture2,Suturing_C001_capture2,C,C001,capture2,1582,1793,G6
datasets\jigsaw\Suturing\Suturing\video\Suturing_C001_capture2,Suturing_C001_capture2,C,C001,capture2,1794,1915,G4
datasets\jigsaw\Suturing\Suturing\video\Suturing_C001_capture2,Suturing_C001_capture2,C,C001,capture2,1916,2016,G2
datasets\jigsaw\Suturing\Suturing\video\Suturing_C001_capture2,Suturing_C001_capture2,C,C001,capture2,2017,2253,G3
datasets\jigsaw\Suturing\Suturing\video\Suturing_C001_capture2,Suturing_C001_capture2,C,C001,capture2,2254,2410,G6
datasets\jigsaw\Suturing\Suturing\video\Suturing_C001_capture2,Suturing_C001_capture2,C,C001,capture2,2411,2529,G4
datasets\jigsaw\Suturing\Suturing\video\Suturing_C001_capture2,Suturing_C001_capture2,C,C001,capture2,2530,2623,G2
datasets\jigsaw\Suturing\Suturing\video\Suturing_C001_capture2,Suturing_C001_capture2,C,C001,capture2,2624,2782,G3
datasets\jigsaw\Suturing\Suturing\video\Suturing_C001_capture2,Suturing_C001_capture2,C,C001,capture2,2783,2987,G6
datasets\jigsaw\Suturing\Suturing\video\Suturing_C001_capture2,Suturing_C001_capture2,C,C001,capture2,2988,3180,G11
datasets\jigsaw\Suturing\Suturing\video\Suturing_C002_capture1,Suturing_C002_capture1,C,C002,capture1,1,101,G5
datasets\jigsaw\Suturing\Suturing\video\Suturing_C002_capture1,Suturing_C002_capture1,C,C002,capture1,102,328,G8
datasets\jigsaw\Suturing\Suturing\video\Suturing_C002_capture1,Suturing_C002_capture1,C,C002,capture1,329,461,G2
datasets\jigsaw\Suturing\Suturing\video\Suturing_C002_capture1,Suturing_C002_capture1,C,C002,capture1,462,785,G3
datasets\jigsaw\Suturing\Suturing\video\Suturing_C002_capture1,Suturing_C002_capture1,C,C002,capture1,786,901,G6
datasets\jigsaw\Suturing\Suturing\video\Suturing_C002_capture1,Suturing_C002_capture1,C,C002,capture1,902,1029,G4
datasets\jigsaw\Suturing\Suturing\video\Suturing_C002_capture1,Suturing_C002_capture1,C,C002,capture1,1030,1207,G8
datasets\jigsaw\Suturing\Suturing\video\Suturing_C002_capture1,Suturing_C002_capture1,C,C002,capture1,1208,1321,G2
datasets\jigsaw\Suturing\Suturing\video\Suturing_C002_capture1,Suturing_C002_capture1,C,C002,capture1,1322,1505,G3
datasets\jigsaw\Suturing\Suturing\video\Suturing_C002_capture1,Suturing_C002_capture1,C,C002,capture1,1506,1685,G6
datasets\jigsaw\Suturing\Suturing\video\Suturing_C002_capture1,Suturing_C002_capture1,C,C002,capture1,1686,1859,G2
datasets\jigsaw\Suturing\Suturing\video\Suturing_C002_capture1,Suturing_C002_capture1,C,C002,capture1,1860,2086,G3
datasets\jigsaw\Suturing\Suturing\video\Suturing_C002_capture1,Suturing_C002_capture1,C,C002,capture1,2087,2163,G6
datasets\jigsaw\Suturing\Suturing\video\Suturing_C002_capture1,Suturing_C002_capture1,C,C002,capture1,2164,2334,G4
datasets\jigsaw\Suturing\Suturing\video\Suturing_C002_capture1,Suturing_C002_capture1,C,C002,capture1,2335,2412,G2
datasets\jigsaw\Suturing\Suturing\video\Suturing_C002_capture1,Suturing_C002_capture1,C,C002,capture1,2413,2833,G3
datasets\jigsaw\Suturing\Suturing\video\Suturing_C002_capture1,Suturing_C002_capture1,C,C002,capture1,2834,3005,G6
datasets\jigsaw\Suturing\Suturing\video\Suturing_C002_capture1,Suturing_C002_capture1,C,C002,capture1,3006,3267,G11
datasets\jigsaw\Suturing\Suturing\video\Suturing_C002_capture2,Suturing_C002_capture2,C,C002,capture2,1,101,G5
datasets\jigsaw\Suturing\Suturing\video\Suturing_C002_capture2,Suturing_C002_capture2,C,C002,capture2,102,328,G8
datasets\jigsaw\Suturing\Suturing\video\Suturing_C002_capture2,Suturing_C002_capture2,C,C002,capture2,329,461,G2
datasets\jigsaw\Suturing\Suturing\video\Suturing_C002_capture2,Suturing_C002_capture2,C,C002,capture2,462,785,G3
datasets\jigsaw\Suturing\Suturing\video\Suturing_C002_capture2,Suturing_C002_capture2,C,C002,capture2,786,901,G6
datasets\jigsaw\Suturing\Suturing\video\Suturing_C002_capture2,Suturing_C002_capture2,C,C002,capture2,902,1029,G4
datasets\jigsaw\Suturing\Suturing\video\Suturing_C002_capture2,Suturing_C002_capture2,C,C002,capture2,1030,1207,G8
datasets\jigsaw\Suturing\Suturing\video\Suturing_C002_capture2,Suturing_C002_capture2,C,C002,capture2,1208,1321,G2
datasets\jigsaw\Suturing\Suturing\video\Suturing_C002_capture2,Suturing_C002_capture2,C,C002,capture2,1322,1505,G3
datasets\jigsaw\Suturing\Suturing\video\Suturing_C002_capture2,Suturing_C002_capture2,C,C002,capture2,1506,1685,G6
datasets\jigsaw\Suturing\Suturing\video\Suturing_C002_capture2,Suturing_C002_capture2,C,C002,capture2,1686,1859,G2
datasets\jigsaw\Suturing\Suturing\video\Suturing_C002_capture2,Suturing_C002_capture2,C,C002,capture2,1860,2086,G3
datasets\jigsaw\Suturing\Suturing\video\Suturing_C002_capture2,Suturing_C002_capture2,C,C002,capture2,2087,2163,G6
datasets\jigsaw\Suturing\Suturing\video\Suturing_C002_capture2,Suturing_C002_capture2,C,C002,capture2,2164,2334,G4
datasets\jigsaw\Suturing\Suturing\video\Suturing_C002_capture2,Suturing_C002_capture2,C,C002,capture2,2335,2412,G2
datasets\jigsaw\Suturing\Suturing\video\Suturing_C002_capture2,Suturing_C002_capture2,C,C002,capture2,2413,2833,G3
datasets\jigsaw\Suturing\Suturing\video\Suturing_C002_capture2,Suturing_C002_capture2,C,C002,capture2,2834,3005,G6
datasets\jigsaw\Suturing\Suturing\video\Suturing_C002_capture2,Suturing_C002_capture2,C,C002,capture2,3006,3267,G11
datasets\jigsaw\Suturing\Suturing\video\Suturing_C003_capture1,Suturing_C003_capture1,C,C003,capture1,13,49,G1
datasets\jigsaw\Suturing\Suturing\video\Suturing_C003_capture1,Suturing_C003_capture1,C,C003,capture1,50,150,G5
datasets\jigsaw\Suturing\Suturing\video\Suturing_C003_capture1,Suturing_C003_capture1,C,C003,capture1,151,365,G8
datasets\jigsaw\Suturing\Suturing\video\Suturing_C003_capture1,Suturing_C003_capture1,C,C003,capture1,366,474,G2
datasets\jigsaw\Suturing\Suturing\video\Suturing_C003_capture1,Suturing_C003_capture1,C,C003,capture1,475,713,G3
datasets\jigsaw\Suturing\Suturing\video\Suturing_C003_capture1,Suturing_C003_capture1,C,C003,capture1,714,829,G6
datasets\jigsaw\Suturing\Suturing\video\Suturing_C003_capture1,Suturing_C003_capture1,C,C003,capture1,830,956,G4
datasets\jigsaw\Suturing\Suturing\video\Suturing_C003_capture1,Suturing_C003_capture1,C,C003,capture1,957,1160,G2
datasets\jigsaw\Suturing\Suturing\video\Suturing_C003_capture1,Suturing_C003_capture1,C,C003,capture1,1161,1324,G3
datasets\jigsaw\Suturing\Suturing\video\Suturing_C003_capture1,Suturing_C003_capture1,C,C003,capture1,1325,1488,G6
datasets\jigsaw\Suturing\Suturing\video\Suturing_C003_capture1,Suturing_C003_capture1,C,C003,capture1,1489,1607,G4
datasets\jigsaw\Suturing\Suturing\video\Suturing_C003_capture1,Suturing_C003_capture1,C,C003,capture1,1608,1707,G2
datasets\jigsaw\Suturing\Suturing\video\Suturing_C003_capture1,Suturing_C003_capture1,C,C003,capture1,1708,1928,G3
datasets\jigsaw\Suturing\Suturing\video\Suturing_C003_capture1,Suturing_C003_capture1,C,C003,capture1,1929,2057,G6
datasets\jigsaw\Suturing\Suturing\video\Suturing_C003_capture1,Suturing_C003_capture1,C,C003,capture1,2058,2212,G4
datasets\jigsaw\Suturing\Suturing\video\Suturing_C003_capture1,Suturing_C003_capture1,C,C003,capture1,2213,2259,G2
datasets\jigsaw\Suturing\Suturing\video\Suturing_C003_capture1,Suturing_C003_capture1,C,C003,capture1,2260,2504,G3
datasets\jigsaw\Suturing\Suturing\video\Suturing_C003_capture1,Suturing_C003_capture1,C,C003,capture1,2505,2818,G6
datasets\jigsaw\Suturing\Suturing\video\Suturing_C003_capture1,Suturing_C003_capture1,C,C003,capture1,2819,3060,G11
datasets\jigsaw\Suturing\Suturing\video\Suturing_C003_capture2,Suturing_C003_capture2,C,C003,capture2,13,49,G1
datasets\jigsaw\Suturing\Suturing\video\Suturing_C003_capture2,Suturing_C003_capture2,C,C003,capture2,50,150,G5
datasets\jigsaw\Suturing\Suturing\video\Suturing_C003_capture2,Suturing_C003_capture2,C,C003,capture2,151,365,G8
datasets\jigsaw\Suturing\Suturing\video\Suturing_C003_capture2,Suturing_C003_capture2,C,C003,capture2,366,474,G2
datasets\jigsaw\Suturing\Suturing\video\Suturing_C003_capture2,Suturing_C003_capture2,C,C003,capture2,475,713,G3
datasets\jigsaw\Suturing\Suturing\video\Suturing_C003_capture2,Suturing_C003_capture2,C,C003,capture2,714,829,G6
datasets\jigsaw\Suturing\Suturing\video\Suturing_C003_capture2,Suturing_C003_capture2,C,C003,capture2,830,956,G4
datasets\jigsaw\Suturing\Suturing\video\Suturing_C003_capture2,Suturing_C003_capture2,C,C003,capture2,957,1160,G2
datasets\jigsaw\Suturing\Suturing\video\Suturing_C003_capture2,Suturing_C003_capture2,C,C003,capture2,1161,1324,G3
datasets\jigsaw\Suturing\Suturing\video\Suturing_C003_capture2,Suturing_C003_capture2,C,C003,capture2,1325,1488,G6
datasets\jigsaw\Suturing\Suturing\video\Suturing_C003_capture2,Suturing_C003_capture2,C,C003,capture2,1489,1607,G4
datasets\jigsaw\Suturing\Suturing\video\Suturing_C003_capture2,Suturing_C003_capture2,C,C003,capture2,1608,1707,G2
datasets\jigsaw\Suturing\Suturing\video\Suturing_C003_capture2,Suturing_C003_capture2,C,C003,capture2,1708,1928,G3
datasets\jigsaw\Suturing\Suturing\video\Suturing_C003_capture2,Suturing_C003_capture2,C,C003,capture2,1929,2057,G6
datasets\jigsaw\Suturing\Suturing\video\Suturing_C003_capture2,Suturing_C003_capture2,C,C003,capture2,2058,2212,G4
datasets\jigsaw\Suturing\Suturing\video\Suturing_C003_capture2,Suturing_C003_capture2,C,C003,capture2,2213,2259,G2
datasets\jigsaw\Suturing\Suturing\video\Suturing_C003_capture2,Suturing_C003_capture2,C,C003,capture2,2260,2504,G3
datasets\jigsaw\Suturing\Suturing\video\Suturing_C003_capture2,Suturing_C003_capture2,C,C003,capture2,2505,2818,G6
datasets\jigsaw\Suturing\Suturing\video\Suturing_C003_capture2,Suturing_C003_capture2,C,C003,capture2,2819,3060,G11
datasets\jigsaw\Suturing\Suturing\video\Suturing_C004_capture1,Suturing_C004_capture1,C,C004,capture1,2,30,G1
datasets\jigsaw\Suturing\Suturing\video\Suturing_C004_capture1,Suturing_C004_capture1,C,C004,capture1,31,141,G5
datasets\jigsaw\Suturing\Suturing\video\Suturing_C004_capture1,Suturing_C004_capture1,C,C004,capture1,142,257,G8
datasets\jigsaw\Suturing\Suturing\video\Suturing_C004_capture1,Suturing_C004_capture1,C,C004,capture1,258,313,G2
datasets\jigsaw\Suturing\Suturing\video\Suturing_C004_capture1,Suturing_C004_capture1,C,C004,capture1,314,458,G3
datasets\jigsaw\Suturing\Suturing\video\Suturing_C004_capture1,Suturing_C004_capture1,C,C004,capture1,459,583,G6
datasets\jigsaw\Suturing\Suturing\video\Suturing_C004_capture1,Suturing_C004_capture1,C,C004,capture1,584,710,G4
datasets\jigsaw\Suturing\Suturing\video\Suturing_C004_capture1,Suturing_C004_capture1,C,C004,capture1,711,843,G2
datasets\jigsaw\Suturing\Suturing\video\Suturing_C004_capture1,Suturing_C004_capture1,C,C004,capture1,844,1073,G3
datasets\jigsaw\Suturing\Suturing\video\Suturing_C004_capture1,Suturing_C004_capture1,C,C004,capture1,1074,1199,G6
datasets\jigsaw\Suturing\Suturing\video\Suturing_C004_capture1,Suturing_C004_capture1,C,C004,capture1,1200,1322,G4
datasets\jigsaw\Suturing\Suturing\video\Suturing_C004_capture1,Suturing_C004_capture1,C,C004,capture1,1323,1411,G2
datasets\jigsaw\Suturing\Suturing\video\Suturing_C004_capture1,Suturing_C004_capture1,C,C004,capture1,1412,1602,G3
datasets\jigsaw\Suturing\Suturing\video\Suturing_C004_capture1,Suturing_C004_capture1,C,C004,capture1,1603,1702,G6
datasets\jigsaw\Suturing\Suturing\video\Suturing_C004_capture1,Suturing_C004_capture1,C,C004,capture1,1703,1775,G4
datasets\jigsaw\Suturing\Suturing\video\Suturing_C004_capture1,Suturing_C004_capture1,C,C004,capture1,1776,1876,G2
datasets\jigsaw\Suturing\Suturing\video\Suturing_C004_capture1,Suturing_C004_capture1,C,C004,capture1,1877,2050,G3
datasets\jigsaw\Suturing\Suturing\video\Suturing_C004_capture1,Suturing_C004_capture1,C,C004,capture1,2051,2250,G6
datasets\jigsaw\Suturing\Suturing\video\Suturing_C004_capture1,Suturing_C004_capture1,C,C004,capture1,2251,2450,G11
datasets\jigsaw\Suturing\Suturing\video\Suturing_C004_capture2,Suturing_C004_capture2,C,C004,capture2,2,30,G1
datasets\jigsaw\Suturing\Suturing\video\Suturing_C004_capture2,Suturing_C004_capture2,C,C004,capture2,31,141,G5
datasets\jigsaw\Suturing\Suturing\video\Suturing_C004_capture2,Suturing_C004_capture2,C,C004,capture2,142,257,G8
datasets\jigsaw\Suturing\Suturing\video\Suturing_C004_capture2,Suturing_C004_capture2,C,C004,capture2,258,313,G2
datasets\jigsaw\Suturing\Suturing\video\Suturing_C004_capture2,Suturing_C004_capture2,C,C004,capture2,314,458,G3
datasets\jigsaw\Suturing\Suturing\video\Suturing_C004_capture2,Suturing_C004_capture2,C,C004,capture2,459,583,G6
datasets\jigsaw\Suturing\Suturing\video\Suturing_C004_capture2,Suturing_C004_capture2,C,C004,capture2,584,710,G4
datasets\jigsaw\Suturing\Suturing\video\Suturing_C004_capture2,Suturing_C004_capture2,C,C004,capture2,711,843,G2
datasets\jigsaw\Suturing\Suturing\video\Suturing_C004_capture2,Suturing_C004_capture2,C,C004,capture2,844,1073,G3
datasets\jigsaw\Suturing\Suturing\video\Suturing_C004_capture2,Suturing_C004_capture2,C,C004,capture2,1074,1199,G6
datasets\jigsaw\Suturing\Suturing\video\Suturing_C004_capture2,Suturing_C004_capture2,C,C004,capture2,1200,1322,G4
datasets\jigsaw\Suturing\Suturing\video\Suturing_C004_capture2,Suturing_C004_capture2,C,C004,capture2,1323,1411,G2
datasets\jigsaw\Suturing\Suturing\video\Suturing_C004_capture2,Suturing_C004_capture2,C,C004,capture2,1412,1602,G3
datasets\jigsaw\Suturing\Suturing\video\Suturing_C004_capture2,Suturing_C004_capture2,C,C004,capture2,1603,1702,G6
datasets\jigsaw\Suturing\Suturing\video\Suturing_C004_capture2,Suturing_C004_capture2,C,C004,capture2,1703,1775,G4
datasets\jigsaw\Suturing\Suturing\video\Suturing_C004_capture2,Suturing_C004_capture2,C,C004,capture2,1776,1876,G2
datasets\jigsaw\Suturing\Suturing\video\Suturing_C004_capture2,Suturing_C004_capture2,C,C004,capture2,1877,2050,G3
datasets\jigsaw\Suturing\Suturing\video\Suturing_C004_capture2,Suturing_C004_capture2,C,C004,capture2,2051,2250,G6
datasets\jigsaw\Suturing\Suturing\video\Suturing_C004_capture2,Suturing_C004_capture2,C,C004,capture2,2251,2450,G11
datasets\jigsaw\Suturing\Suturing\video\Suturing_C005_capture1,Suturing_C005_capture1,C,C005,capture1,24,56,G1
datasets\jigsaw\Suturing\Suturing\video\Suturing_C005_capture1,Suturing_C005_capture1,C,C005,capture1,57,139,G5
datasets\jigsaw\Suturing\Suturing\video\Suturing_C005_capture1,Suturing_C005_capture1,C,C005,capture1,140,214,G8
datasets\jigsaw\Suturing\Suturing\video\Suturing_C005_capture1,Suturing_C005_capture1,C,C005,capture1,215,299,G2
datasets\jigsaw\Suturing\Suturing\video\Suturing_C005_capture1,Suturing_C005_capture1,C,C005,capture1,300,391,G3
datasets\jigsaw\Suturing\Suturing\video\Suturing_C005_capture1,Suturing_C005_capture1,C,C005,capture1,392,492,G6
datasets\jigsaw\Suturing\Suturing\video\Suturing_C005_capture1,Suturing_C005_capture1,C,C005,capture1,493,570,G4
datasets\jigsaw\Suturing\Suturing\video\Suturing_C005_capture1,Suturing_C005_capture1,C,C005,capture1,571,676,G2
datasets\jigsaw\Suturing\Suturing\video\Suturing_C005_capture1,Suturing_C005_capture1,C,C005,capture1,677,858,G3
datasets\jigsaw\Suturing\Suturing\video\Suturing_C005_capture1,Suturing_C005_capture1,C,C005,capture1,859,1056,G6
datasets\jigsaw\Suturing\Suturing\video\Suturing_C005_capture1,Suturing_C005_capture1,C,C005,capture1,1057,1160,G4
datasets\jigsaw\Suturing\Suturing\video\Suturing_C005_capture1,Suturing_C005_capture1,C,C005,capture1,1161,1282,G8
datasets\jigsaw\Suturing\Suturing\video\Suturing_C005_capture1,Suturing_C005_capture1,C,C005,capture1,1283,1360,G2
datasets\jigsaw\Suturing\Suturing\video\Suturing_C005_capture1,Suturing_C005_capture1,C,C005,capture1,1361,1491,G3
datasets\jigsaw\Suturing\Suturing\video\Suturing_C005_capture1,Suturing_C005_capture1,C,C005,capture1,1492,1588,G6
datasets\jigsaw\Suturing\Suturing\video\Suturing_C005_capture1,Suturing_C005_capture1,C,C005,capture1,1589,1681,G4
datasets\jigsaw\Suturing\Suturing\video\Suturing_C005_capture1,Suturing_C005_capture1,C,C005,capture1,1682,1750,G2
datasets\jigsaw\Suturing\Suturing\video\Suturing_C005_capture1,Suturing_C005_capture1,C,C005,capture1,1751,2188,G3
datasets\jigsaw\Suturing\Suturing\video\Suturing_C005_capture1,Suturing_C005_capture1,C,C005,capture1,2189,2271,G6
datasets\jigsaw\Suturing\Suturing\video\Suturing_C005_capture1,Suturing_C005_capture1,C,C005,capture1,2272,2550,G11
datasets\jigsaw\Suturing\Suturing\video\Suturing_C005_capture2,Suturing_C005_capture2,C,C005,capture2,24,56,G1
datasets\jigsaw\Suturing\Suturing\video\Suturing_C005_capture2,Suturing_C005_capture2,C,C005,capture2,57,139,G5
datasets\jigsaw\Suturing\Suturing\video\Suturing_C005_capture2,Suturing_C005_capture2,C,C005,capture2,140,214,G8
datasets\jigsaw\Suturing\Suturing\video\Suturing_C005_capture2,Suturing_C005_capture2,C,C005,capture2,215,299,G2
datasets\jigsaw\Suturing\Suturing\video\Suturing_C005_capture2,Suturing_C005_capture2,C,C005,capture2,300,391,G3
datasets\jigsaw\Suturing\Suturing\video\Suturing_C005_capture2,Suturing_C005_capture2,C,C005,capture2,392,492,G6
datasets\jigsaw\Suturing\Suturing\video\Suturing_C005_capture2,Suturing_C005_capture2,C,C005,capture2,493,570,G4
datasets\jigsaw\Suturing\Suturing\video\Suturing_C005_capture2,Suturing_C005_capture2,C,C005,capture2,571,676,G2
datasets\jigsaw\Suturing\Suturing\video\Suturing_C005_capture2,Suturing_C005_capture2,C,C005,capture2,677,858,G3
datasets\jigsaw\Suturing\Suturing\video\Suturing_C005_capture2,Suturing_C005_capture2,C,C005,capture2,859,1056,G6
datasets\jigsaw\Suturing\Suturing\video\Suturing_C005_capture2,Suturing_C005_capture2,C,C005,capture2,1057,1160,G4
datasets\jigsaw\Suturing\Suturing\video\Suturing_C005_capture2,Suturing_C005_capture2,C,C005,capture2,1161,1282,G8
datasets\jigsaw\Suturing\Suturing\video\Suturing_C005_capture2,Suturing_C005_capture2,C,C005,capture2,1283,1360,G2
datasets\jigsaw\Suturing\Suturing\video\Suturing_C005_capture2,Suturing_C005_capture2,C,C005,capture2,1361,1491,G3
datasets\jigsaw\Suturing\Suturing\video\Suturing_C005_capture2,Suturing_C005_capture2,C,C005,capture2,1492,1588,G6
datasets\jigsaw\Suturing\Suturing\video\Suturing_C005_capture2,Suturing_C005_capture2,C,C005,capture2,1589,1681,G4
datasets\jigsaw\Suturing\Suturing\video\Suturing_C005_capture2,Suturing_C005_capture2,C,C005,capture2,1682,1750,G2
datasets\jigsaw\Suturing\Suturing\video\Suturing_C005_capture2,Suturing_C005_capture2,C,C005,capture2,1751,2188,G3
datasets\jigsaw\Suturing\Suturing\video\Suturing_C005_capture2,Suturing_C005_capture2,C,C005,capture2,2189,2271,G6
datasets\jigsaw\Suturing\Suturing\video\Suturing_C005_capture2,Suturing_C005_capture2,C,C005,capture2,2272,2550,G11
datasets\jigsaw\Suturing\Suturing\video\Suturing_D001_capture1,Suturing_D001_capture1,D,D001,capture1,118,145,G1
datasets\jigsaw\Suturing\Suturing\video\Suturing_D001_capture1,Suturing_D001_capture1,D,D001,capture1,146,196,G5
datasets\jigsaw\Suturing\Suturing\video\Suturing_D001_capture1,Suturing_D001_capture1,D,D001,capture1,197,350,G8
datasets\jigsaw\Suturing\Suturing\video\Suturing_D001_capture1,Suturing_D001_capture1,D,D001,capture1,351,425,G2
datasets\jigsaw\Suturing\Suturing\video\Suturing_D001_capture1,Suturing_D001_capture1,D,D001,capture1,426,541,G3
datasets\jigsaw\Suturing\Suturing\video\Suturing_D001_capture1,Suturing_D001_capture1,D,D001,capture1,542,635,G6
datasets\jigsaw\Suturing\Suturing\video\Suturing_D001_capture1,Suturing_D001_capture1,D,D001,capture1,636,853,G9
datasets\jigsaw\Suturing\Suturing\video\Suturing_D001_capture1,Suturing_D001_capture1,D,D001,capture1,854,1052,G4
datasets\jigsaw\Suturing\Suturing\video\Suturing_D001_capture1,Suturing_D001_capture1,D,D001,capture1,1053,1149,G2
datasets\jigsaw\Suturing\Suturing\video\Suturing_D001_capture1,Suturing_D001_capture1,D,D001,capture1,1150,1561,G3
datasets\jigsaw\Suturing\Suturing\video\Suturing_D001_capture1,Suturing_D001_capture1,D,D001,capture1,1562,1616,G6
datasets\jigsaw\Suturing\Suturing\video\Suturing_D001_capture1,Suturing_D001_capture1,D,D001,capture1,1617,1700,G9
datasets\jigsaw\Suturing\Suturing\video\Suturing_D001_capture1,Suturing_D001_capture1,D,D001,capture1,1701,1772,G4
datasets\jigsaw\Suturing\Suturing\video\Suturing_D001_capture1,Suturing_D001_capture1,D,D001,capture1,1773,1882,G2
datasets\jigsaw\Suturing\Suturing\video\Suturing_D001_capture1,Suturing_D001_capture1,D,D001,capture1,1883,2066,G3
datasets\jigsaw\Suturing\Suturing\video\Suturing_D001_capture1,Suturing_D001_capture1,D,D001,capture1,2067,2114,G6
datasets\jigsaw\Suturing\Suturing\video\Suturing_D001_capture1,Suturing_D001_capture1,D,D001,capture1,2115,2164,G9
datasets\jigsaw\Suturing\Suturing\video\Suturing_D001_capture1,Suturing_D001_capture1,D,D001,capture1,2165,2243,G4
datasets\jigsaw\Suturing\Suturing\video\Suturing_D001_capture1,Suturing_D001_capture1,D,D001,capture1,2244,2313,G2
datasets\jigsaw\Suturing\Suturing\video\Suturing_D001_capture1,Suturing_D001_capture1,D,D001,capture1,2314,2583,G3
datasets\jigsaw\Suturing\Suturing\video\Suturing_D001_capture1,Suturing_D001_capture1,D,D001,capture1,2584,2691,G6
datasets\jigsaw\Suturing\Suturing\video\Suturing_D001_capture1,Suturing_D001_capture1,D,D001,capture1,2692,2770,G11
datasets\jigsaw\Suturing\Suturing\video\Suturing_D001_capture2,Suturing_D001_capture2,D,D001,capture2,118,145,G1
datasets\jigsaw\Suturing\Suturing\video\Suturing_D001_capture2,Suturing_D001_capture2,D,D001,capture2,146,196,G5
datasets\jigsaw\Suturing\Suturing\video\Suturing_D001_capture2,Suturing_D001_capture2,D,D001,capture2,197,350,G8
datasets\jigsaw\Suturing\Suturing\video\Suturing_D001_capture2,Suturing_D001_capture2,D,D001,capture2,351,425,G2
datasets\jigsaw\Suturing\Suturing\video\Suturing_D001_capture2,Suturing_D001_capture2,D,D001,capture2,426,541,G3
datasets\jigsaw\Suturing\Suturing\video\Suturing_D001_capture2,Suturing_D001_capture2,D,D001,capture2,542,635,G6
datasets\jigsaw\Suturing\Suturing\video\Suturing_D001_capture2,Suturing_D001_capture2,D,D001,capture2,636,853,G9
datasets\jigsaw\Suturing\Suturing\video\Suturing_D001_capture2,Suturing_D001_capture2,D,D001,capture2,854,1052,G4
datasets\jigsaw\Suturing\Suturing\video\Suturing_D001_capture2,Suturing_D001_capture2,D,D001,capture2,1053,1149,G2
datasets\jigsaw\Suturing\Suturing\video\Suturing_D001_capture2,Suturing_D001_capture2,D,D001,capture2,1150,1561,G3
datasets\jigsaw\Suturing\Suturing\video\Suturing_D001_capture2,Suturing_D001_capture2,D,D001,capture2,1562,1616,G6
datasets\jigsaw\Suturing\Suturing\video\Suturing_D001_capture2,Suturing_D001_capture2,D,D001,capture2,1617,1700,G9
datasets\jigsaw\Suturing\Suturing\video\Suturing_D001_capture2,Suturing_D001_capture2,D,D001,capture2,1701,1772,G4
datasets\jigsaw\Suturing\Suturing\video\Suturing_D001_capture2,Suturing_D001_capture2,D,D001,capture2,1773,1882,G2
datasets\jigsaw\Suturing\Suturing\video\Suturing_D001_capture2,Suturing_D001_capture2,D,D001,capture2,1883,2066,G3
datasets\jigsaw\Suturing\Suturing\video\Suturing_D001_capture2,Suturing_D001_capture2,D,D001,capture2,2067,2114,G6
datasets\jigsaw\Suturing\Suturing\video\Suturing_D001_capture2,Suturing_D001_capture2,D,D001,capture2,2115,2164,G9
datasets\jigsaw\Suturing\Suturing\video\Suturing_D001_capture2,Suturing_D001_capture2,D,D001,capture2,2165,2243,G4
datasets\jigsaw\Suturing\Suturing\video\Suturing_D001_capture2,Suturing_D001_capture2,D,D001,capture2,2244,2313,G2
datasets\jigsaw\Suturing\Suturing\video\Suturing_D001_capture2,Suturing_D001_capture2,D,D001,capture2,2314,2583,G3
datasets\jigsaw\Suturing\Suturing\video\Suturing_D001_capture2,Suturing_D001_capture2,D,D001,capture2,2584,2691,G6
datasets\jigsaw\Suturing\Suturing\video\Suturing_D001_capture2,Suturing_D001_capture2,D,D001,capture2,2692,2770,G11
datasets\jigsaw\Suturing\Suturing\video\Suturing_D002_capture1,Suturing_D002_capture1,D,D002,capture1,31,77,G1
datasets\jigsaw\Suturing\Suturing\video\Suturing_D002_capture1,Suturing_D002_capture1,D,D002,capture1,78,129,G5
datasets\jigsaw\Suturing\Suturing\video\Suturing_D002_capture1,Suturing_D002_capture1,D,D002,capture1,130,182,G2
datasets\jigsaw\Suturing\Suturing\video\Suturing_D002_capture1,Suturing_D002_capture1,D,D002,capture1,183,342,G3
datasets\jigsaw\Suturing\Suturing\video\Suturing_D002_capture1,Suturing_D002_capture1,D,D002,capture1,343,427,G6
datasets\jigsaw\Suturing\Suturing\video\Suturing_D002_capture1,Suturing_D002_capture1,D,D002,capture1,428,522,G9
datasets\jigsaw\Suturing\Suturing\video\Suturing_D002_capture1,Suturing_D002_capture1,D,D002,capture1,523,630,G4
datasets\jigsaw\Suturing\Suturing\video\Suturing_D002_capture1,Suturing_D002_capture1,D,D002,capture1,631,721,G2
datasets\jigsaw\Suturing\Suturing\video\Suturing_D002_capture1,Suturing_D002_capture1,D,D002,capture1,722,897,G3
datasets\jigsaw\Suturing\Suturing\video\Suturing_D002_capture1,Suturing_D002_capture1,D,D002,capture1,898,940,G6
datasets\jigsaw\Suturing\Suturing\video\Suturing_D002_capture1,Suturing_D002_capture1,D,D002,capture1,941,1001,G9
datasets\jigsaw\Suturing\Suturing\video\Suturing_D002_capture1,Suturing_D002_capture1,D,D002,capture1,1002,1085,G4
datasets\jigsaw\Suturing\Suturing\video\Suturing_D002_capture1,Suturing_D002_capture1,D,D002,capture1,1086,1172,G2
datasets\jigsaw\Suturing\Suturing\video\Suturing_D002_capture1,Suturing_D002_capture1,D,D002,capture1,1173,1317,G3
datasets\jigsaw\Suturing\Suturing\video\Suturing_D002_capture1,Suturing_D002_capture1,D,D002,capture1,1318,1382,G6
datasets\jigsaw\Suturing\Suturing\video\Suturing_D002_capture1,Suturing_D002_capture1,D,D002,capture1,1383,1489,G9
datasets\jigsaw\Suturing\Suturing\video\Suturing_D002_capture1,Suturing_D002_capture1,D,D002,capture1,1490,1563,G4
datasets\jigsaw\Suturing\Suturing\video\Suturing_D002_capture1,Suturing_D002_capture1,D,D002,capture1,1564,1613,G2
datasets\jigsaw\Suturing\Suturing\video\Suturing_D002_capture1,Suturing_D002_capture1,D,D002,capture1,1614,1842,G3
datasets\jigsaw\Suturing\Suturing\video\Suturing_D002_capture1,Suturing_D002_capture1,D,D002,capture1,1843,1893,G6
datasets\jigsaw\Suturing\Suturing\video\Suturing_D002_capture1,Suturing_D002_capture1,D,D002,capture1,1894,1912,G9
datasets\jigsaw\Suturing\Suturing\video\Suturing_D002_capture1,Suturing_D002_capture1,D,D002,capture1,1913,2032,G11
datasets\jigsaw\Suturing\Suturing\video\Suturing_D002_capture2,Suturing_D002_capture2,D,D002,capture2,31,77,G1
datasets\jigsaw\Suturing\Suturing\video\Suturing_D002_capture2,Suturing_D002_capture2,D,D002,capture2,78,129,G5
datasets\jigsaw\Suturing\Suturing\video\Suturing_D002_capture2,Suturing_D002_capture2,D,D002,capture2,130,182,G2
datasets\jigsaw\Suturing\Suturing\video\Suturing_D002_capture2,Suturing_D002_capture2,D,D002,capture2,183,342,G3
datasets\jigsaw\Suturing\Suturing\video\Suturing_D002_capture2,Suturing_D002_capture2,D,D002,capture2,343,427,G6
datasets\jigsaw\Suturing\Suturing\video\Suturing_D002_capture2,Suturing_D002_capture2,D,D002,capture2,428,522,G9
datasets\jigsaw\Suturing\Suturing\video\Suturing_D002_capture2,Suturing_D002_capture2,D,D002,capture2,523,630,G4
datasets\jigsaw\Suturing\Suturing\video\Suturing_D002_capture2,Suturing_D002_capture2,D,D002,capture2,631,721,G2
datasets\jigsaw\Suturing\Suturing\video\Suturing_D002_capture2,Suturing_D002_capture2,D,D002,capture2,722,897,G3
datasets\jigsaw\Suturing\Suturing\video\Suturing_D002_capture2,Suturing_D002_capture2,D,D002,capture2,898,940,G6
datasets\jigsaw\Suturing\Suturing\video\Suturing_D002_capture2,Suturing_D002_capture2,D,D002,capture2,941,1001,G9
datasets\jigsaw\Suturing\Suturing\video\Suturing_D002_capture2,Suturing_D002_capture2,D,D002,capture2,1002,1085,G4
datasets\jigsaw\Suturing\Suturing\video\Suturing_D002_capture2,Suturing_D002_capture2,D,D002,capture2,1086,1172,G2
datasets\jigsaw\Suturing\Suturing\video\Suturing_D002_capture2,Suturing_D002_capture2,D,D002,capture2,1173,1317,G3
datasets\jigsaw\Suturing\Suturing\video\Suturing_D002_capture2,Suturing_D002_capture2,D,D002,capture2,1318,1382,G6
datasets\jigsaw\Suturing\Suturing\video\Suturing_D002_capture2,Suturing_D002_capture2,D,D002,capture2,1383,1489,G9
datasets\jigsaw\Suturing\Suturing\video\Suturing_D002_capture2,Suturing_D002_capture2,D,D002,capture2,1490,1563,G4
datasets\jigsaw\Suturing\Suturing\video\Suturing_D002_capture2,Suturing_D002_capture2,D,D002,capture2,1564,1613,G2
datasets\jigsaw\Suturing\Suturing\video\Suturing_D002_capture2,Suturing_D002_capture2,D,D002,capture2,1614,1842,G3
datasets\jigsaw\Suturing\Suturing\video\Suturing_D002_capture2,Suturing_D002_capture2,D,D002,capture2,1843,1893,G6
datasets\jigsaw\Suturing\Suturing\video\Suturing_D002_capture2,Suturing_D002_capture2,D,D002,capture2,1894,1912,G9
datasets\jigsaw\Suturing\Suturing\video\Suturing_D002_capture2,Suturing_D002_capture2,D,D002,capture2,1913,2032,G11
datasets\jigsaw\Suturing\Suturing\video\Suturing_D003_capture1,Suturing_D003_capture1,D,D003,capture1,14,91,G1
datasets\jigsaw\Suturing\Suturing\video\Suturing_D003_capture1,Suturing_D003_capture1,D,D003,capture1,92,151,G5
datasets\jigsaw\Suturing\Suturing\video\Suturing_D003_capture1,Suturing_D003_capture1,D,D003,capture1,152,217,G8
datasets\jigsaw\Suturing\Suturing\video\Suturing_D003_capture1,Suturing_D003_capture1,D,D003,capture1,218,254,G2
datasets\jigsaw\Suturing\Suturing\video\Suturing_D003_capture1,Suturing_D003_capture1,D,D003,capture1,255,417,G3
datasets\jigsaw\Suturing\Suturing\video\Suturing_D003_capture1,Suturing_D003_capture1,D,D003,capture1,418,484,G6
datasets\jigsaw\Suturing\Suturing\video\Suturing_D003_capture1,Suturing_D003_capture1,D,D003,capture1,485,589,G9
datasets\jigsaw\Suturing\Suturing\video\Suturing_D003_capture1,Suturing_D003_capture1,D,D003,capture1,590,742,G4
datasets\jigsaw\Suturing\Suturing\video\Suturing_D003_capture1,Suturing_D003_capture1,D,D003,capture1,743,797,G2
datasets\jigsaw\Suturing\Suturing\video\Suturing_D003_capture1,Suturing_D003_capture1,D,D003,capture1,798,966,G3
datasets\jigsaw\Suturing\Suturing\video\Suturing_D003_capture1,Suturing_D003_capture1,D,D003,capture1,967,1012,G6
datasets\jigsaw\Suturing\Suturing\video\Suturing_D003_capture1,Suturing_D003_capture1,D,D003,capture1,1013,1240,G9
datasets\jigsaw\Suturing\Suturing\video\Suturing_D003_capture1,Suturing_D003_capture1,D,D003,capture1,1241,1265,G2
datasets\jigsaw\Suturing\Suturing\video\Suturing_D003_capture1,Suturing_D003_capture1,D,D003,capture1,1266,1339,G4
datasets\jigsaw\Suturing\Suturing\video\Suturing_D003_capture1,Suturing_D003_capture1,D,D003,capture1,1340,1420,G2
datasets\jigsaw\Suturing\Suturing\video\Suturing_D003_capture1,Suturing_D003_capture1,D,D003,capture1,1421,1586,G3
datasets\jigsaw\Suturing\Suturing\video\Suturing_D003_capture1,Suturing_D003_capture1,D,D003,capture1,1587,1635,G6
datasets\jigsaw\Suturing\Suturing\video\Suturing_D003_capture1,Suturing_D003_capture1,D,D003,capture1,1636,1689,G9
datasets\jigsaw\Suturing\Suturing\video\Suturing_D003_capture1,Suturing_D003_capture1,D,D003,capture1,1690,1759,G4
datasets\jigsaw\Suturing\Suturing\video\Suturing_D003_capture1,Suturing_D003_capture1,D,D003,capture1,1760,1805,G2
datasets\jigsaw\Suturing\Suturing\video\Suturing_D003_capture1,Suturing_D003_capture1,D,D003,capture1,1806,2135,G3
datasets\jigsaw\Suturing\Suturing\video\Suturing_D003_capture1,Suturing_D003_capture1,D,D003,capture1,2136,2184,G6
datasets\jigsaw\Suturing\Suturing\video\Suturing_D003_capture1,Suturing_D003_capture1,D,D003,capture1,2185,2226,G9
datasets\jigsaw\Suturing\Suturing\video\Suturing_D003_capture1,Suturing_D003_capture1,D,D003,capture1,2227,2317,G11
datasets\jigsaw\Suturing\Suturing\video\Suturing_D003_capture2,Suturing_D003_capture2,D,D003,capture2,14,91,G1
datasets\jigsaw\Suturing\Suturing\video\Suturing_D003_capture2,Suturing_D003_capture2,D,D003,capture2,92,151,G5
datasets\jigsaw\Suturing\Suturing\video\Suturing_D003_capture2,Suturing_D003_capture2,D,D003,capture2,152,217,G8
datasets\jigsaw\Suturing\Suturing\video\Suturing_D003_capture2,Suturing_D003_capture2,D,D003,capture2,218,254,G2
datasets\jigsaw\Suturing\Suturing\video\Suturing_D003_capture2,Suturing_D003_capture2,D,D003,capture2,255,417,G3
datasets\jigsaw\Suturing\Suturing\video\Suturing_D003_capture2,Suturing_D003_capture2,D,D003,capture2,418,484,G6
datasets\jigsaw\Suturing\Suturing\video\Suturing_D003_capture2,Suturing_D003_capture2,D,D003,capture2,485,589,G9
datasets\jigsaw\Suturing\Suturing\video\Suturing_D003_capture2,Suturing_D003_capture2,D,D003,capture2,590,742,G4
datasets\jigsaw\Suturing\Suturing\video\Suturing_D003_capture2,Suturing_D003_capture2,D,D003,capture2,743,797,G2
datasets\jigsaw\Suturing\Suturing\video\Suturing_D003_capture2,Suturing_D003_capture2,D,D003,capture2,798,966,G3
datasets\jigsaw\Suturing\Suturing\video\Suturing_D003_capture2,Suturing_D003_capture2,D,D003,capture2,967,1012,G6
datasets\jigsaw\Suturing\Suturing\video\Suturing_D003_capture2,Suturing_D003_capture2,D,D003,capture2,1013,1240,G9
datasets\jigsaw\Suturing\Suturing\video\Suturing_D003_capture2,Suturing_D003_capture2,D,D003,capture2,1241,1265,G2
datasets\jigsaw\Suturing\Suturing\video\Suturing_D003_capture2,Suturing_D003_capture2,D,D003,capture2,1266,1339,G4
datasets\jigsaw\Suturing\Suturing\video\Suturing_D003_capture2,Suturing_D003_capture2,D,D003,capture2,1340,1420,G2
datasets\jigsaw\Suturing\Suturing\video\Suturing_D003_capture2,Suturing_D003_capture2,D,D003,capture2,1421,1586,G3
datasets\jigsaw\Suturing\Suturing\video\Suturing_D003_capture2,Suturing_D003_capture2,D,D003,capture2,1587,1635,G6
datasets\jigsaw\Suturing\Suturing\video\Suturing_D003_capture2,Suturing_D003_capture2,D,D003,capture2,1636,1689,G9
datasets\jigsaw\Suturing\Suturing\video\Suturing_D003_capture2,Suturing_D003_capture2,D,D003,capture2,1690,1759,G4
datasets\jigsaw\Suturing\Suturing\video\Suturing_D003_capture2,Suturing_D003_capture2,D,D003,capture2,1760,1805,G2
datasets\jigsaw\Suturing\Suturing\video\Suturing_D003_capture2,Suturing_D003_capture2,D,D003,capture2,1806,2135,G3
datasets\jigsaw\Suturing\Suturing\video\Suturing_D003_capture2,Suturing_D003_capture2,D,D003,capture2,2136,2184,G6
datasets\jigsaw\Suturing\Suturing\video\Suturing_D003_capture2,Suturing_D003_capture2,D,D003,capture2,2185,2226,G9
datasets\jigsaw\Suturing\Suturing\video\Suturing_D003_capture2,Suturing_D003_capture2,D,D003,capture2,2227,2317,G11
datasets\jigsaw\Suturing\Suturing\video\Suturing_D004_capture1,Suturing_D004_capture1,D,D004,capture1,41,98,G1
datasets\jigsaw\Suturing\Suturing\video\Suturing_D004_capture1,Suturing_D004_capture1,D,D004,capture1,99,190,G4
datasets\jigsaw\Suturing\Suturing\video\Suturing_D004_capture1,Suturing_D004_capture1,D,D004,capture1,191,275,G8
datasets\jigsaw\Suturing\Suturing\video\Suturing_D004_capture1,Suturing_D004_capture1,D,D004,capture1,276,326,G2
datasets\jigsaw\Suturing\Suturing\video\Suturing_D004_capture1,Suturing_D004_capture1,D,D004,capture1,327,477,G3
datasets\jigsaw\Suturing\Suturing\video\Suturing_D004_capture1,Suturing_D004_capture1,D,D004,capture1,478,541,G6
datasets\jigsaw\Suturing\Suturing\video\Suturing_D004_capture1,Suturing_D004_capture1,D,D004,capture1,542,655,G9
datasets\jigsaw\Suturing\Suturing\video\Suturing_D004_capture1,Suturing_D004_capture1,D,D004,capture1,656,736,G4
datasets\jigsaw\Suturing\Suturing\video\Suturing_D004_capture1,Suturing_D004_capture1,D,D004,capture1,737,780,G2
datasets\jigsaw\Suturing\Suturing\video\Suturing_D004_capture1,Suturing_D004_capture1,D,D004,capture1,781,910,G3
datasets\jigsaw\Suturing\Suturing\video\Suturing_D004_capture1,Suturing_D004_capture1,D,D004,capture1,911,1020,G6
datasets\jigsaw\Suturing\Suturing\video\Suturing_D004_capture1,Suturing_D004_capture1,D,D004,capture1,1021,1153,G9
datasets\jigsaw\Suturing\Suturing\video\Suturing_D004_capture1,Suturing_D004_capture1,D,D004,capture1,1154,1353,G6
datasets\jigsaw\Suturing\Suturing\video\Suturing_D004_capture1,Suturing_D004_capture1,D,D004,capture1,1354,1408,G2
datasets\jigsaw\Suturing\Suturing\video\Suturing_D004_capture1,Suturing_D004_capture1,D,D004,capture1,1409,1592,G3
datasets\jigsaw\Suturing\Suturing\video\Suturing_D004_capture1,Suturing_D004_capture1,D,D004,capture1,1593,1729,G6
datasets\jigsaw\Suturing\Suturing\video\Suturing_D004_capture1,Suturing_D004_capture1,D,D004,capture1,1730,2039,G9
datasets\jigsaw\Suturing\Suturing\video\Suturing_D004_capture1,Suturing_D004_capture1,D,D004,capture1,2040,2154,G4
datasets\jigsaw\Suturing\Suturing\video\Suturing_D004_capture1,Suturing_D004_capture1,D,D004,capture1,2155,2254,G2
datasets\jigsaw\Suturing\Suturing\video\Suturing_D004_capture1,Suturing_D004_capture1,D,D004,capture1,2255,2451,G3
datasets\jigsaw\Suturing\Suturing\video\Suturing_D004_capture1,Suturing_D004_capture1,D,D004,capture1,2452,2509,G6
datasets\jigsaw\Suturing\Suturing\video\Suturing_D004_capture1,Suturing_D004_capture1,D,D004,capture1,2510,2555,G9
datasets\jigsaw\Suturing\Suturing\video\Suturing_D004_capture1,Suturing_D004_capture1,D,D004,capture1,2556,2682,G11
datasets\jigsaw\Suturing\Suturing\video\Suturing_D004_capture2,Suturing_D004_capture2,D,D004,capture2,41,98,G1
datasets\jigsaw\Suturing\Suturing\video\Suturing_D004_capture2,Suturing_D004_capture2,D,D004,capture2,99,190,G4
datasets\jigsaw\Suturing\Suturing\video\Suturing_D004_capture2,Suturing_D004_capture2,D,D004,capture2,191,275,G8
datasets\jigsaw\Suturing\Suturing\video\Suturing_D004_capture2,Suturing_D004_capture2,D,D004,capture2,276,326,G2
datasets\jigsaw\Suturing\Suturing\video\Suturing_D004_capture2,Suturing_D004_capture2,D,D004,capture2,327,477,G3
datasets\jigsaw\Suturing\Suturing\video\Suturing_D004_capture2,Suturing_D004_capture2,D,D004,capture2,478,541,G6
datasets\jigsaw\Suturing\Suturing\video\Suturing_D004_capture2,Suturing_D004_capture2,D,D004,capture2,542,655,G9
datasets\jigsaw\Suturing\Suturing\video\Suturing_D004_capture2,Suturing_D004_capture2,D,D004,capture2,656,736,G4
datasets\jigsaw\Suturing\Suturing\video\Suturing_D004_capture2,Suturing_D004_capture2,D,D004,capture2,737,780,G2
datasets\jigsaw\Suturing\Suturing\video\Suturing_D004_capture2,Suturing_D004_capture2,D,D004,capture2,781,910,G3
datasets\jigsaw\Suturing\Suturing\video\Suturing_D004_capture2,Suturing_D004_capture2,D,D004,capture2,911,1020,G6
datasets\jigsaw\Suturing\Suturing\video\Suturing_D004_capture2,Suturing_D004_capture2,D,D004,capture2,1021,1153,G9
datasets\jigsaw\Suturing\Suturing\video\Suturing_D004_capture2,Suturing_D004_capture2,D,D004,capture2,1154,1353,G6
datasets\jigsaw\Suturing\Suturing\video\Suturing_D004_capture2,Suturing_D004_capture2,D,D004,capture2,1354,1408,G2
datasets\jigsaw\Suturing\Suturing\video\Suturing_D004_capture2,Suturing_D004_capture2,D,D004,capture2,1409,1592,G3
datasets\jigsaw\Suturing\Suturing\video\Suturing_D004_capture2,Suturing_D004_capture2,D,D004,capture2,1593,1729,G6
datasets\jigsaw\Suturing\Suturing\video\Suturing_D004_capture2,Suturing_D004_capture2,D,D004,capture2,1730,2039,G9
datasets\jigsaw\Suturing\Suturing\video\Suturing_D004_capture2,Suturing_D004_capture2,D,D004,capture2,2040,2154,G4
datasets\jigsaw\Suturing\Suturing\video\Suturing_D004_capture2,Suturing_D004_capture2,D,D004,capture2,2155,2254,G2
datasets\jigsaw\Suturing\Suturing\video\Suturing_D004_capture2,Suturing_D004_capture2,D,D004,capture2,2255,2451,G3
datasets\jigsaw\Suturing\Suturing\video\Suturing_D004_capture2,Suturing_D004_capture2,D,D004,capture2,2452,2509,G6
datasets\jigsaw\Suturing\Suturing\video\Suturing_D004_capture2,Suturing_D004_capture2,D,D004,capture2,2510,2555,G9
datasets\jigsaw\Suturing\Suturing\video\Suturing_D004_capture2,Suturing_D004_capture2,D,D004,capture2,2556,2682,G11
datasets\jigsaw\Suturing\Suturing\video\Suturing_D005_capture1,Suturing_D005_capture1,D,D005,capture1,21,57,G1
datasets\jigsaw\Suturing\Suturing\video\Suturing_D005_capture1,Suturing_D005_capture1,D,D005,capture1,58,134,G5
datasets\jigsaw\Suturing\Suturing\video\Suturing_D005_capture1,Suturing_D005_capture1,D,D005,capture1,135,221,G8
datasets\jigsaw\Suturing\Suturing\video\Suturing_D005_capture1,Suturing_D005_capture1,D,D005,capture1,222,294,G2
datasets\jigsaw\Suturing\Suturing\video\Suturing_D005_capture1,Suturing_D005_capture1,D,D005,capture1,295,402,G3
datasets\jigsaw\Suturing\Suturing\video\Suturing_D005_capture1,Suturing_D005_capture1,D,D005,capture1,403,466,G6
datasets\jigsaw\Suturing\Suturing\video\Suturing_D005_capture1,Suturing_D005_capture1,D,D005,capture1,467,528,G9
datasets\jigsaw\Suturing\Suturing\video\Suturing_D005_capture1,Suturing_D005_capture1,D,D005,capture1,529,621,G4
datasets\jigsaw\Suturing\Suturing\video\Suturing_D005_capture1,Suturing_D005_capture1,D,D005,capture1,622,689,G2
datasets\jigsaw\Suturing\Suturing\video\Suturing_D005_capture1,Suturing_D005_capture1,D,D005,capture1,690,820,G3
datasets\jigsaw\Suturing\Suturing\video\Suturing_D005_capture1,Suturing_D005_capture1,D,D005,capture1,821,875,G6
datasets\jigsaw\Suturing\Suturing\video\Suturing_D005_capture1,Suturing_D005_capture1,D,D005,capture1,876,930,G9
datasets\jigsaw\Suturing\Suturing\video\Suturing_D005_capture1,Suturing_D005_capture1,D,D005,capture1,931,1011,G4
datasets\jigsaw\Suturing\Suturing\video\Suturing_D005_capture1,Suturing_D005_capture1,D,D005,capture1,1012,1115,G2
datasets\jigsaw\Suturing\Suturing\video\Suturing_D005_capture1,Suturing_D005_capture1,D,D005,capture1,1116,1249,G3
datasets\jigsaw\Suturing\Suturing\video\Suturing_D005_capture1,Suturing_D005_capture1,D,D005,capture1,1250,1336,G6
datasets\jigsaw\Suturing\Suturing\video\Suturing_D005_capture1,Suturing_D005_capture1,D,D005,capture1,1337,1373,G9
datasets\jigsaw\Suturing\Suturing\video\Suturing_D005_capture1,Suturing_D005_capture1,D,D005,capture1,1374,1433,G4
datasets\jigsaw\Suturing\Suturing\video\Suturing_D005_capture1,Suturing_D005_capture1,D,D005,capture1,1434,1496,G2
datasets\jigsaw\Suturing\Suturing\video\Suturing_D005_capture1,Suturing_D005_capture1,D,D005,capture1,1497,1625,G3
datasets\jigsaw\Suturing\Suturing\video\Suturing_D005_capture1,Suturing_D005_capture1,D,D005,capture1,1626,1678,G6
datasets\jigsaw\Suturing\Suturing\video\Suturing_D005_capture1,Suturing_D005_capture1,D,D005,capture1,1679,1714,G9
datasets\jigsaw\Suturing\Suturing\video\Suturing_D005_capture1,Suturing_D005_capture1,D,D005,capture1,1715,1779,G11
datasets\jigsaw\Suturing\Suturing\video\Suturing_D005_capture2,Suturing_D005_capture2,D,D005,capture2,21,57,G1
datasets\jigsaw\Suturing\Suturing\video\Suturing_D005_capture2,Suturing_D005_capture2,D,D005,capture2,58,134,G5
datasets\jigsaw\Suturing\Suturing\video\Suturing_D005_capture2,Suturing_D005_capture2,D,D005,capture2,135,221,G8
datasets\jigsaw\Suturing\Suturing\video\Suturing_D005_capture2,Suturing_D005_capture2,D,D005,capture2,222,294,G2
datasets\jigsaw\Suturing\Suturing\video\Suturing_D005_capture2,Suturing_D005_capture2,D,D005,capture2,295,402,G3
datasets\jigsaw\Suturing\Suturing\video\Suturing_D005_capture2,Suturing_D005_capture2,D,D005,capture2,403,466,G6
datasets\jigsaw\Suturing\Suturing\video\Suturing_D005_capture2,Suturing_D005_capture2,D,D005,capture2,467,528,G9
datasets\jigsaw\Suturing\Suturing\video\Suturing_D005_capture2,Suturing_D005_capture2,D,D005,capture2,529,621,G4
datasets\jigsaw\Suturing\Suturing\video\Suturing_D005_capture2,Suturing_D005_capture2,D,D005,capture2,622,689,G2
datasets\jigsaw\Suturing\Suturing\video\Suturing_D005_capture2,Suturing_D005_capture2,D,D005,capture2,690,820,G3
datasets\jigsaw\Suturing\Suturing\video\Suturing_D005_capture2,Suturing_D005_capture2,D,D005,capture2,821,875,G6
datasets\jigsaw\Suturing\Suturing\video\Suturing_D005_capture2,Suturing_D005_capture2,D,D005,capture2,876,930,G9
datasets\jigsaw\Suturing\Suturing\video\Suturing_D005_capture2,Suturing_D005_capture2,D,D005,capture2,931,1011,G4
datasets\jigsaw\Suturing\Suturing\video\Suturing_D005_capture2,Suturing_D005_capture2,D,D005,capture2,1012,1115,G2
datasets\jigsaw\Suturing\Suturing\video\Suturing_D005_capture2,Suturing_D005_capture2,D,D005,capture2,1116,1249,G3
datasets\jigsaw\Suturing\Suturing\video\Suturing_D005_capture2,Suturing_D005_capture2,D,D005,capture2,1250,1336,G6
datasets\jigsaw\Suturing\Suturing\video\Suturing_D005_capture2,Suturing_D005_capture2,D,D005,capture2,1337,1373,G9
datasets\jigsaw\Suturing\Suturing\video\Suturing_D005_capture2,Suturing_D005_capture2,D,D005,capture2,1374,1433,G4
datasets\jigsaw\Suturing\Suturing\video\Suturing_D005_capture2,Suturing_D005_capture2,D,D005,capture2,1434,1496,G2
datasets\jigsaw\Suturing\Suturing\video\Suturing_D005_capture2,Suturing_D005_capture2,D,D005,capture2,1497,1625,G3
datasets\jigsaw\Suturing\Suturing\video\Suturing_D005_capture2,Suturing_D005_capture2,D,D005,capture2,1626,1678,G6
datasets\jigsaw\Suturing\Suturing\video\Suturing_D005_capture2,Suturing_D005_capture2,D,D005,capture2,1679,1714,G9
datasets\jigsaw\Suturing\Suturing\video\Suturing_D005_capture2,Suturing_D005_capture2,D,D005,capture2,1715,1779,G11
datasets\jigsaw\Suturing\Suturing\video\Suturing_E001_capture1,Suturing_E001_capture1,E,E001,capture1,10,119,G1
datasets\jigsaw\Suturing\Suturing\video\Suturing_E001_capture1,Suturing_E001_capture1,E,E001,capture1,120,245,G5
datasets\jigsaw\Suturing\Suturing\video\Suturing_E001_capture1,Suturing_E001_capture1,E,E001,capture1,246,341,G2
datasets\jigsaw\Suturing\Suturing\video\Suturing_E001_capture1,Suturing_E001_capture1,E,E001,capture1,342,752,G3
datasets\jigsaw\Suturing\Suturing\video\Suturing_E001_capture1,Suturing_E001_capture1,E,E001,capture1,753,902,G6
datasets\jigsaw\Suturing\Suturing\video\Suturing_E001_capture1,Suturing_E001_capture1,E,E001,capture1,903,1076,G4
datasets\jigsaw\Suturing\Suturing\video\Suturing_E001_capture1,Suturing_E001_capture1,E,E001,capture1,1077,1146,G2
datasets\jigsaw\Suturing\Suturing\video\Suturing_E001_capture1,Suturing_E001_capture1,E,E001,capture1,1147,1462,G3
datasets\jigsaw\Suturing\Suturing\video\Suturing_E001_capture1,Suturing_E001_capture1,E,E001,capture1,1463,1637,G6
datasets\jigsaw\Suturing\Suturing\video\Suturing_E001_capture1,Suturing_E001_capture1,E,E001,capture1,1638,1763,G4
datasets\jigsaw\Suturing\Suturing\video\Suturing_E001_capture1,Suturing_E001_capture1,E,E001,capture1,1764,1843,G2
datasets\jigsaw\Suturing\Suturing\video\Suturing_E001_capture1,Suturing_E001_capture1,E,E001,capture1,1844,2036,G3
datasets\jigsaw\Suturing\Suturing\video\Suturing_E001_capture1,Suturing_E001_capture1,E,E001,capture1,2037,2347,G6
datasets\jigsaw\Suturing\Suturing\video\Suturing_E001_capture1,Suturing_E001_capture1,E,E001,capture1,2348,2573,G4
datasets\jigsaw\Suturing\Suturing\video\Suturing_E001_capture1,Suturing_E001_capture1,E,E001,capture1,2574,2642,G2
datasets\jigsaw\Suturing\Suturing\video\Suturing_E001_capture1,Suturing_E001_capture1,E,E001,capture1,2643,2920,G3
datasets\jigsaw\Suturing\Suturing\video\Suturing_E001_capture1,Suturing_E001_capture1,E,E001,capture1,2921,3076,G6
datasets\jigsaw\Suturing\Suturing\video\Suturing_E001_capture1,Suturing_E001_capture1,E,E001,capture1,3077,3593,G11
datasets\jigsaw\Suturing\Suturing\video\Suturing_E001_capture2,Suturing_E001_capture2,E,E001,capture2,10,119,G1
datasets\jigsaw\Suturing\Suturing\video\Suturing_E001_capture2,Suturing_E001_capture2,E,E001,capture2,120,245,G5
datasets\jigsaw\Suturing\Suturing\video\Suturing_E001_capture2,Suturing_E001_capture2,E,E001,capture2,246,341,G2
datasets\jigsaw\Suturing\Suturing\video\Suturing_E001_capture2,Suturing_E001_capture2,E,E001,capture2,342,752,G3
datasets\jigsaw\Suturing\Suturing\video\Suturing_E001_capture2,Suturing_E001_capture2,E,E001,capture2,753,902,G6
datasets\jigsaw\Suturing\Suturing\video\Suturing_E001_capture2,Suturing_E001_capture2,E,E001,capture2,903,1076,G4
datasets\jigsaw\Suturing\Suturing\video\Suturing_E001_capture2,Suturing_E001_capture2,E,E001,capture2,1077,1146,G2
datasets\jigsaw\Suturing\Suturing\video\Suturing_E001_capture2,Suturing_E001_capture2,E,E001,capture2,1147,1462,G3
datasets\jigsaw\Suturing\Suturing\video\Suturing_E001_capture2,Suturing_E001_capture2,E,E001,capture2,1463,1637,G6
datasets\jigsaw\Suturing\Suturing\video\Suturing_E001_capture2,Suturing_E001_capture2,E,E001,capture2,1638,1763,G4
datasets\jigsaw\Suturing\Suturing\video\Suturing_E001_capture2,Suturing_E001_capture2,E,E001,capture2,1764,1843,G2
datasets\jigsaw\Suturing\Suturing\video\Suturing_E001_capture2,Suturing_E001_capture2,E,E001,capture2,1844,2036,G3
datasets\jigsaw\Suturing\Suturing\video\Suturing_E001_capture2,Suturing_E001_capture2,E,E001,capture2,2037,2347,G6
datasets\jigsaw\Suturing\Suturing\video\Suturing_E001_capture2,Suturing_E001_capture2,E,E001,capture2,2348,2573,G4
datasets\jigsaw\Suturing\Suturing\video\Suturing_E001_capture2,Suturing_E001_capture2,E,E001,capture2,2574,2642,G2
datasets\jigsaw\Suturing\Suturing\video\Suturing_E001_capture2,Suturing_E001_capture2,E,E001,capture2,2643,2920,G3
datasets\jigsaw\Suturing\Suturing\video\Suturing_E001_capture2,Suturing_E001_capture2,E,E001,capture2,2921,3076,G6
datasets\jigsaw\Suturing\Suturing\video\Suturing_E001_capture2,Suturing_E001_capture2,E,E001,capture2,3077,3593,G11
datasets\jigsaw\Suturing\Suturing\video\Suturing_E002_capture1,Suturing_E002_capture1,E,E002,capture1,23,77,G1
datasets\jigsaw\Suturing\Suturing\video\Suturing_E002_capture1,Suturing_E002_capture1,E,E002,capture1,78,158,G5
datasets\jigsaw\Suturing\Suturing\video\Suturing_E002_capture1,Suturing_E002_capture1,E,E002,capture1,159,236,G2
datasets\jigsaw\Suturing\Suturing\video\Suturing_E002_capture1,Suturing_E002_capture1,E,E002,capture1,237,631,G3
datasets\jigsaw\Suturing\Suturing\video\Suturing_E002_capture1,Suturing_E002_capture1,E,E002,capture1,632,807,G6
datasets\jigsaw\Suturing\Suturing\video\Suturing_E002_capture1,Suturing_E002_capture1,E,E002,capture1,808,984,G4
datasets\jigsaw\Suturing\Suturing\video\Suturing_E002_capture1,Suturing_E002_capture1,E,E002,capture1,985,1051,G2
datasets\jigsaw\Suturing\Suturing\video\Suturing_E002_capture1,Suturing_E002_capture1,E,E002,capture1,1052,1257,G3
datasets\jigsaw\Suturing\Suturing\video\Suturing_E002_capture1,Suturing_E002_capture1,E,E002,capture1,1258,1407,G6
datasets\jigsaw\Suturing\Suturing\video\Suturing_E002_capture1,Suturing_E002_capture1,E,E002,capture1,1408,1513,G4
datasets\jigsaw\Suturing\Suturing\video\Suturing_E002_capture1,Suturing_E002_capture1,E,E002,capture1,1514,1569,G2
datasets\jigsaw\Suturing\Suturing\video\Suturing_E002_capture1,Suturing_E002_capture1,E,E002,capture1,1570,1770,G3
datasets\jigsaw\Suturing\Suturing\video\Suturing_E002_capture1,Suturing_E002_capture1,E,E002,capture1,1771,1911,G6
datasets\jigsaw\Suturing\Suturing\video\Suturing_E002_capture1,Suturing_E002_capture1,E,E002,capture1,1912,2034,G4
datasets\jigsaw\Suturing\Suturing\video\Suturing_E002_capture1,Suturing_E002_capture1,E,E002,capture1,2035,2093,G2
datasets\jigsaw\Suturing\Suturing\video\Suturing_E002_capture1,Suturing_E002_capture1,E,E002,capture1,2094,2362,G3
datasets\jigsaw\Suturing\Suturing\video\Suturing_E002_capture1,Suturing_E002_capture1,E,E002,capture1,2363,2471,G6
datasets\jigsaw\Suturing\Suturing\video\Suturing_E002_capture1,Suturing_E002_capture1,E,E002,capture1,2472,2948,G11
datasets\jigsaw\Suturing\Suturing\video\Suturing_E002_capture2,Suturing_E002_capture2,E,E002,capture2,23,77,G1
datasets\jigsaw\Suturing\Suturing\video\Suturing_E002_capture2,Suturing_E002_capture2,E,E002,capture2,78,158,G5
datasets\jigsaw\Suturing\Suturing\video\Suturing_E002_capture2,Suturing_E002_capture2,E,E002,capture2,159,236,G2
datasets\jigsaw\Suturing\Suturing\video\Suturing_E002_capture2,Suturing_E002_capture2,E,E002,capture2,237,631,G3
datasets\jigsaw\Suturing\Suturing\video\Suturing_E002_capture2,Suturing_E002_capture2,E,E002,capture2,632,807,G6
datasets\jigsaw\Suturing\Suturing\video\Suturing_E002_capture2,Suturing_E002_capture2,E,E002,capture2,808,984,G4
datasets\jigsaw\Suturing\Suturing\video\Suturing_E002_capture2,Suturing_E002_capture2,E,E002,capture2,985,1051,G2
datasets\jigsaw\Suturing\Suturing\video\Suturing_E002_capture2,Suturing_E002_capture2,E,E002,capture2,1052,1257,G3
datasets\jigsaw\Suturing\Suturing\video\Suturing_E002_capture2,Suturing_E002_capture2,E,E002,capture2,1258,1407,G6
datasets\jigsaw\Suturing\Suturing\video\Suturing_E002_capture2,Suturing_E002_capture2,E,E002,capture2,1408,1513,G4
datasets\jigsaw\Suturing\Suturing\video\Suturing_E002_capture2,Suturing_E002_capture2,E,E002,capture2,1514,1569,G2
datasets\jigsaw\Suturing\Suturing\video\Suturing_E002_capture2,Suturing_E002_capture2,E,E002,capture2,1570,1770,G3
datasets\jigsaw\Suturing\Suturing\video\Suturing_E002_capture2,Suturing_E002_capture2,E,E002,capture2,1771,1911,G6
datasets\jigsaw\Suturing\Suturing\video\Suturing_E002_capture2,Suturing_E002_capture2,E,E002,capture2,1912,2034,G4
datasets\jigsaw\Suturing\Suturing\video\Suturing_E002_capture2,Suturing_E002_capture2,E,E002,capture2,2035,2093,G2
datasets\jigsaw\Suturing\Suturing\video\Suturing_E002_capture2,Suturing_E002_capture2,E,E002,capture2,2094,2362,G3
datasets\jigsaw\Suturing\Suturing\video\Suturing_E002_capture2,Suturing_E002_capture2,E,E002,capture2,2363,2471,G6
datasets\jigsaw\Suturing\Suturing\video\Suturing_E002_capture2,Suturing_E002_capture2,E,E002,capture2,2472,2948,G11
datasets\jigsaw\Suturing\Suturing\video\Suturing_E003_capture1,Suturing_E003_capture1,E,E003,capture1,60,142,G1
datasets\jigsaw\Suturing\Suturing\video\Suturing_E003_capture1,Suturing_E003_capture1,E,E003,capture1,143,195,G5
datasets\jigsaw\Suturing\Suturing\video\Suturing_E003_capture1,Suturing_E003_capture1,E,E003,capture1,196,253,G2
datasets\jigsaw\Suturing\Suturing\video\Suturing_E003_capture1,Suturing_E003_capture1,E,E003,capture1,254,449,G3
datasets\jigsaw\Suturing\Suturing\video\Suturing_E003_capture1,Suturing_E003_capture1,E,E003,capture1,450,579,G6
datasets\jigsaw\Suturing\Suturing\video\Suturing_E003_capture1,Suturing_E003_capture1,E,E003,capture1,580,689,G4
datasets\jigsaw\Suturing\Suturing\video\Suturing_E003_capture1,Suturing_E003_capture1,E,E003,capture1,690,744,G2
datasets\jigsaw\Suturing\Suturing\video\Suturing_E003_capture1,Suturing_E003_capture1,E,E003,capture1,745,968,G3
datasets\jigsaw\Suturing\Suturing\video\Suturing_E003_capture1,Suturing_E003_capture1,E,E003,capture1,969,1094,G6
datasets\jigsaw\Suturing\Suturing\video\Suturing_E003_capture1,Suturing_E003_capture1,E,E003,capture1,1095,1267,G8
datasets\jigsaw\Suturing\Suturing\video\Suturing_E003_capture1,Suturing_E003_capture1,E,E003,capture1,1268,1332,G2
datasets\jigsaw\Suturing\Suturing\video\Suturing_E003_capture1,Suturing_E003_capture1,E,E003,capture1,1333,1507,G3
datasets\jigsaw\Suturing\Suturing\video\Suturing_E003_capture1,Suturing_E003_capture1,E,E003,capture1,1508,1662,G6
datasets\jigsaw\Suturing\Suturing\video\Suturing_E003_capture1,Suturing_E003_capture1,E,E003,capture1,1663,1777,G4
datasets\jigsaw\Suturing\Suturing\video\Suturing_E003_capture1,Suturing_E003_capture1,E,E003,capture1,1778,1850,G2
datasets\jigsaw\Suturing\Suturing\video\Suturing_E003_capture1,Suturing_E003_capture1,E,E003,capture1,1851,2055,G3
datasets\jigsaw\Suturing\Suturing\video\Suturing_E003_capture1,Suturing_E003_capture1,E,E003,capture1,2056,2130,G6
datasets\jigsaw\Suturing\Suturing\video\Suturing_E003_capture1,Suturing_E003_capture1,E,E003,capture1,2131,2575,G11
datasets\jigsaw\Suturing\Suturing\video\Suturing_E003_capture2,Suturing_E003_capture2,E,E003,capture2,60,142,G1
datasets\jigsaw\Suturing\Suturing\video\Suturing_E003_capture2,Suturing_E003_capture2,E,E003,capture2,143,195,G5
datasets\jigsaw\Suturing\Suturing\video\Suturing_E003_capture2,Suturing_E003_capture2,E,E003,capture2,196,253,G2
datasets\jigsaw\Suturing\Suturing\video\Suturing_E003_capture2,Suturing_E003_capture2,E,E003,capture2,254,449,G3
datasets\jigsaw\Suturing\Suturing\video\Suturing_E003_capture2,Suturing_E003_capture2,E,E003,capture2,450,579,G6
datasets\jigsaw\Suturing\Suturing\video\Suturing_E003_capture2,Suturing_E003_capture2,E,E003,capture2,580,689,G4
datasets\jigsaw\Suturing\Suturing\video\Suturing_E003_capture2,Suturing_E003_capture2,E,E003,capture2,690,744,G2
datasets\jigsaw\Suturing\Suturing\video\Suturing_E003_capture2,Suturing_E003_capture2,E,E003,capture2,745,968,G3
datasets\jigsaw\Suturing\Suturing\video\Suturing_E003_capture2,Suturing_E003_capture2,E,E003,capture2,969,1094,G6
datasets\jigsaw\Suturing\Suturing\video\Suturing_E003_capture2,Suturing_E003_capture2,E,E003,capture2,1095,1267,G8
datasets\jigsaw\Suturing\Suturing\video\Suturing_E003_capture2,Suturing_E003_capture2,E,E003,capture2,1268,1332,G2
datasets\jigsaw\Suturing\Suturing\video\Suturing_E003_capture2,Suturing_E003_capture2,E,E003,capture2,1333,1507,G3
datasets\jigsaw\Suturing\Suturing\video\Suturing_E003_capture2,Suturing_E003_capture2,E,E003,capture2,1508,1662,G6
datasets\jigsaw\Suturing\Suturing\video\Suturing_E003_capture2,Suturing_E003_capture2,E,E003,capture2,1663,1777,G4
datasets\jigsaw\Suturing\Suturing\video\Suturing_E003_capture2,Suturing_E003_capture2,E,E003,capture2,1778,1850,G2
datasets\jigsaw\Suturing\Suturing\video\Suturing_E003_capture2,Suturing_E003_capture2,E,E003,capture2,1851,2055,G3
datasets\jigsaw\Suturing\Suturing\video\Suturing_E003_capture2,Suturing_E003_capture2,E,E003,capture2,2056,2130,G6
datasets\jigsaw\Suturing\Suturing\video\Suturing_E003_capture2,Suturing_E003_capture2,E,E003,capture2,2131,2575,G11
datasets\jigsaw\Suturing\Suturing\video\Suturing_E004_capture1,Suturing_E004_capture1,E,E004,capture1,57,130,G1
datasets\jigsaw\Suturing\Suturing\video\Suturing_E004_capture1,Suturing_E004_capture1,E,E004,capture1,131,170,G5
datasets\jigsaw\Suturing\Suturing\video\Suturing_E004_capture1,Suturing_E004_capture1,E,E004,capture1,171,237,G2
datasets\jigsaw\Suturing\Suturing\video\Suturing_E004_capture1,Suturing_E004_capture1,E,E004,capture1,238,537,G3
datasets\jigsaw\Suturing\Suturing\video\Suturing_E004_capture1,Suturing_E004_capture1,E,E004,capture1,538,695,G6
datasets\jigsaw\Suturing\Suturing\video\Suturing_E004_capture1,Suturing_E004_capture1,E,E004,capture1,696,804,G4
datasets\jigsaw\Suturing\Suturing\video\Suturing_E004_capture1,Suturing_E004_capture1,E,E004,capture1,805,867,G2
datasets\jigsaw\Suturing\Suturing\video\Suturing_E004_capture1,Suturing_E004_capture1,E,E004,capture1,868,1121,G3
datasets\jigsaw\Suturing\Suturing\video\Suturing_E004_capture1,Suturing_E004_capture1,E,E004,capture1,1122,1261,G6
datasets\jigsaw\Suturing\Suturing\video\Suturing_E004_capture1,Suturing_E004_capture1,E,E004,capture1,1262,1435,G4
datasets\jigsaw\Suturing\Suturing\video\Suturing_E004_capture1,Suturing_E004_capture1,E,E004,capture1,1436,1484,G2
datasets\jigsaw\Suturing\Suturing\video\Suturing_E004_capture1,Suturing_E004_capture1,E,E004,capture1,1485,1668,G3
datasets\jigsaw\Suturing\Suturing\video\Suturing_E004_capture1,Suturing_E004_capture1,E,E004,capture1,1669,1809,G6
datasets\jigsaw\Suturing\Suturing\video\Suturing_E004_capture1,Suturing_E004_capture1,E,E004,capture1,1810,1902,G9
datasets\jigsaw\Suturing\Suturing\video\Suturing_E004_capture1,Suturing_E004_capture1,E,E004,capture1,1903,1976,G6
datasets\jigsaw\Suturing\Suturing\video\Suturing_E004_capture1,Suturing_E004_capture1,E,E004,capture1,1977,2141,G4
datasets\jigsaw\Suturing\Suturing\video\Suturing_E004_capture1,Suturing_E004_capture1,E,E004,capture1,2142,2188,G2
datasets\jigsaw\Suturing\Suturing\video\Suturing_E004_capture1,Suturing_E004_capture1,E,E004,capture1,2189,2415,G3
datasets\jigsaw\Suturing\Suturing\video\Suturing_E004_capture1,Suturing_E004_capture1,E,E004,capture1,2416,2527,G6
datasets\jigsaw\Suturing\Suturing\video\Suturing_E004_capture1,Suturing_E004_capture1,E,E004,capture1,2528,2926,G11
datasets\jigsaw\Suturing\Suturing\video\Suturing_E004_capture2,Suturing_E004_capture2,E,E004,capture2,57,130,G1
datasets\jigsaw\Suturing\Suturing\video\Suturing_E004_capture2,Suturing_E004_capture2,E,E004,capture2,131,170,G5
datasets\jigsaw\Suturing\Suturing\video\Suturing_E004_capture2,Suturing_E004_capture2,E,E004,capture2,171,237,G2
datasets\jigsaw\Suturing\Suturing\video\Suturing_E004_capture2,Suturing_E004_capture2,E,E004,capture2,238,537,G3
datasets\jigsaw\Suturing\Suturing\video\Suturing_E004_capture2,Suturing_E004_capture2,E,E004,capture2,538,695,G6
datasets\jigsaw\Suturing\Suturing\video\Suturing_E004_capture2,Suturing_E004_capture2,E,E004,capture2,696,804,G4
datasets\jigsaw\Suturing\Suturing\video\Suturing_E004_capture2,Suturing_E004_capture2,E,E004,capture2,805,867,G2
datasets\jigsaw\Suturing\Suturing\video\Suturing_E004_capture2,Suturing_E004_capture2,E,E004,capture2,868,1121,G3
datasets\jigsaw\Suturing\Suturing\video\Suturing_E004_capture2,Suturing_E004_capture2,E,E004,capture2,1122,1261,G6
datasets\jigsaw\Suturing\Suturing\video\Suturing_E004_capture2,Suturing_E004_capture2,E,E004,capture2,1262,1435,G4
datasets\jigsaw\Suturing\Suturing\video\Suturing_E004_capture2,Suturing_E004_capture2,E,E004,capture2,1436,1484,G2
datasets\jigsaw\Suturing\Suturing\video\Suturing_E004_capture2,Suturing_E004_capture2,E,E004,capture2,1485,1668,G3
datasets\jigsaw\Suturing\Suturing\video\Suturing_E004_capture2,Suturing_E004_capture2,E,E004,capture2,1669,1809,G6
datasets\jigsaw\Suturing\Suturing\video\Suturing_E004_capture2,Suturing_E004_capture2,E,E004,capture2,1810,1902,G9
datasets\jigsaw\Suturing\Suturing\video\Suturing_E004_capture2,Suturing_E004_capture2,E,E004,capture2,1903,1976,G6
datasets\jigsaw\Suturing\Suturing\video\Suturing_E004_capture2,Suturing_E004_capture2,E,E004,capture2,1977,2141,G4
datasets\jigsaw\Suturing\Suturing\video\Suturing_E004_capture2,Suturing_E004_capture2,E,E004,capture2,2142,2188,G2
datasets\jigsaw\Suturing\Suturing\video\Suturing_E004_capture2,Suturing_E004_capture2,E,E004,capture2,2189,2415,G3
datasets\jigsaw\Suturing\Suturing\video\Suturing_E004_capture2,Suturing_E004_capture2,E,E004,capture2,2416,2527,G6
datasets\jigsaw\Suturing\Suturing\video\Suturing_E004_capture2,Suturing_E004_capture2,E,E004,capture2,2528,2926,G11
datasets\jigsaw\Suturing\Suturing\video\Suturing_E005_capture1,Suturing_E005_capture1,E,E005,capture1,1,49,G1
datasets\jigsaw\Suturing\Suturing\video\Suturing_E005_capture1,Suturing_E005_capture1,E,E005,capture1,50,91,G5
datasets\jigsaw\Suturing\Suturing\video\Suturing_E005_capture1,Suturing_E005_capture1,E,E005,capture1,92,141,G2
datasets\jigsaw\Suturing\Suturing\video\Suturing_E005_capture1,Suturing_E005_capture1,E,E005,capture1,142,363,G3
datasets\jigsaw\Suturing\Suturing\video\Suturing_E005_capture1,Suturing_E005_capture1,E,E005,capture1,364,507,G6
datasets\jigsaw\Suturing\Suturing\video\Suturing_E005_capture1,Suturing_E005_capture1,E,E005,capture1,508,644,G4
datasets\jigsaw\Suturing\Suturing\video\Suturing_E005_capture1,Suturing_E005_capture1,E,E005,capture1,645,739,G2
datasets\jigsaw\Suturing\Suturing\video\Suturing_E005_capture1,Suturing_E005_capture1,E,E005,capture1,740,897,G3
datasets\jigsaw\Suturing\Suturing\video\Suturing_E005_capture1,Suturing_E005_capture1,E,E005,capture1,898,1054,G6
datasets\jigsaw\Suturing\Suturing\video\Suturing_E005_capture1,Suturing_E005_capture1,E,E005,capture1,1055,1170,G4
datasets\jigsaw\Suturing\Suturing\video\Suturing_E005_capture1,Suturing_E005_capture1,E,E005,capture1,1171,1216,G2
datasets\jigsaw\Suturing\Suturing\video\Suturing_E005_capture1,Suturing_E005_capture1,E,E005,capture1,1217,1417,G3
datasets\jigsaw\Suturing\Suturing\video\Suturing_E005_capture1,Suturing_E005_capture1,E,E005,capture1,1418,1552,G6
datasets\jigsaw\Suturing\Suturing\video\Suturing_E005_capture1,Suturing_E005_capture1,E,E005,capture1,1553,1640,G4
datasets\jigsaw\Suturing\Suturing\video\Suturing_E005_capture1,Suturing_E005_capture1,E,E005,capture1,1641,1697,G2
datasets\jigsaw\Suturing\Suturing\video\Suturing_E005_capture1,Suturing_E005_capture1,E,E005,capture1,1698,1877,G3
datasets\jigsaw\Suturing\Suturing\video\Suturing_E005_capture1,Suturing_E005_capture1,E,E005,capture1,1878,2006,G6
datasets\jigsaw\Suturing\Suturing\video\Suturing_E005_capture1,Suturing_E005_capture1,E,E005,capture1,2007,2483,G11
datasets\jigsaw\Suturing\Suturing\video\Suturing_E005_capture2,Suturing_E005_capture2,E,E005,capture2,1,49,G1
datasets\jigsaw\Suturing\Suturing\video\Suturing_E005_capture2,Suturing_E005_capture2,E,E005,capture2,50,91,G5
datasets\jigsaw\Suturing\Suturing\video\Suturing_E005_capture2,Suturing_E005_capture2,E,E005,capture2,92,141,G2
datasets\jigsaw\Suturing\Suturing\video\Suturing_E005_capture2,Suturing_E005_capture2,E,E005,capture2,142,363,G3
datasets\jigsaw\Suturing\Suturing\video\Suturing_E005_capture2,Suturing_E005_capture2,E,E005,capture2,364,507,G6
datasets\jigsaw\Suturing\Suturing\video\Suturing_E005_capture2,Suturing_E005_capture2,E,E005,capture2,508,644,G4
datasets\jigsaw\Suturing\Suturing\video\Suturing_E005_capture2,Suturing_E005_capture2,E,E005,capture2,645,739,G2
datasets\jigsaw\Suturing\Suturing\video\Suturing_E005_capture2,Suturing_E005_capture2,E,E005,capture2,740,897,G3
datasets\jigsaw\Suturing\Suturing\video\Suturing_E005_capture2,Suturing_E005_capture2,E,E005,capture2,898,1054,G6
datasets\jigsaw\Suturing\Suturing\video\Suturing_E005_capture2,Suturing_E005_capture2,E,E005,capture2,1055,1170,G4
datasets\jigsaw\Suturing\Suturing\video\Suturing_E005_capture2,Suturing_E005_capture2,E,E005,capture2,1171,1216,G2
datasets\jigsaw\Suturing\Suturing\video\Suturing_E005_capture2,Suturing_E005_capture2,E,E005,capture2,1217,1417,G3
datasets\jigsaw\Suturing\Suturing\video\Suturing_E005_capture2,Suturing_E005_capture2,E,E005,capture2,1418,1552,G6
datasets\jigsaw\Suturing\Suturing\video\Suturing_E005_capture2,Suturing_E005_capture2,E,E005,capture2,1553,1640,G4
datasets\jigsaw\Suturing\Suturing\video\Suturing_E005_capture2,Suturing_E005_capture2,E,E005,capture2,1641,1697,G2
datasets\jigsaw\Suturing\Suturing\video\Suturing_E005_capture2,Suturing_E005_capture2,E,E005,capture2,1698,1877,G3
datasets\jigsaw\Suturing\Suturing\video\Suturing_E005_capture2,Suturing_E005_capture2,E,E005,capture2,1878,2006,G6
datasets\jigsaw\Suturing\Suturing\video\Suturing_E005_capture2,Suturing_E005_capture2,E,E005,capture2,2007,2483,G11
datasets\jigsaw\Suturing\Suturing\video\Suturing_F001_capture1,Suturing_F001_capture1,F,F001,capture1,35,85,G1
datasets\jigsaw\Suturing\Suturing\video\Suturing_F001_capture1,Suturing_F001_capture1,F,F001,capture1,86,164,G5
datasets\jigsaw\Suturing\Suturing\video\Suturing_F001_capture1,Suturing_F001_capture1,F,F001,capture1,165,215,G8
datasets\jigsaw\Suturing\Suturing\video\Suturing_F001_capture1,Suturing_F001_capture1,F,F001,capture1,216,294,G2
datasets\jigsaw\Suturing\Suturing\video\Suturing_F001_capture1,Suturing_F001_capture1,F,F001,capture1,295,532,G3
datasets\jigsaw\Suturing\Suturing\video\Suturing_F001_capture1,Suturing_F001_capture1,F,F001,capture1,533,753,G6
datasets\jigsaw\Suturing\Suturing\video\Suturing_F001_capture1,Suturing_F001_capture1,F,F001,capture1,754,854,G4
datasets\jigsaw\Suturing\Suturing\video\Suturing_F001_capture1,Suturing_F001_capture1,F,F001,capture1,855,934,G2
datasets\jigsaw\Suturing\Suturing\video\Suturing_F001_capture1,Suturing_F001_capture1,F,F001,capture1,935,1145,G3
datasets\jigsaw\Suturing\Suturing\video\Suturing_F001_capture1,Suturing_F001_capture1,F,F001,capture1,1146,1254,G6
datasets\jigsaw\Suturing\Suturing\video\Suturing_F001_capture1,Suturing_F001_capture1,F,F001,capture1,1255,1369,G4
datasets\jigsaw\Suturing\Suturing\video\Suturing_F001_capture1,Suturing_F001_capture1,F,F001,capture1,1370,1475,G2
datasets\jigsaw\Suturing\Suturing\video\Suturing_F001_capture1,Suturing_F001_capture1,F,F001,capture1,1476,1701,G3
datasets\jigsaw\Suturing\Suturing\video\Suturing_F001_capture1,Suturing_F001_capture1,F,F001,capture1,1702,1801,G6
datasets\jigsaw\Suturing\Suturing\video\Suturing_F001_capture1,Suturing_F001_capture1,F,F001,capture1,1802,1995,G4
datasets\jigsaw\Suturing\Suturing\video\Suturing_F001_capture1,Suturing_F001_capture1,F,F001,capture1,1996,2199,G2
datasets\jigsaw\Suturing\Suturing\video\Suturing_F001_capture1,Suturing_F001_capture1,F,F001,capture1,2200,2498,G3
datasets\jigsaw\Suturing\Suturing\video\Suturing_F001_capture1,Suturing_F001_capture1,F,F001,capture1,2499,2838,G11
datasets\jigsaw\Suturing\Suturing\video\Suturing_F001_capture2,Suturing_F001_capture2,F,F001,capture2,35,85,G1
datasets\jigsaw\Suturing\Suturing\video\Suturing_F001_capture2,Suturing_F001_capture2,F,F001,capture2,86,164,G5
datasets\jigsaw\Suturing\Suturing\video\Suturing_F001_capture2,Suturing_F001_capture2,F,F001,capture2,165,215,G8
datasets\jigsaw\Suturing\Suturing\video\Suturing_F001_capture2,Suturing_F001_capture2,F,F001,capture2,216,294,G2
datasets\jigsaw\Suturing\Suturing\video\Suturing_F001_capture2,Suturing_F001_capture2,F,F001,capture2,295,532,G3
datasets\jigsaw\Suturing\Suturing\video\Suturing_F001_capture2,Suturing_F001_capture2,F,F001,capture2,533,753,G6
datasets\jigsaw\Suturing\Suturing\video\Suturing_F001_capture2,Suturing_F001_capture2,F,F001,capture2,754,854,G4
datasets\jigsaw\Suturing\Suturing\video\Suturing_F001_capture2,Suturing_F001_capture2,F,F001,capture2,855,934,G2
datasets\jigsaw\Suturing\Suturing\video\Suturing_F001_capture2,Suturing_F001_capture2,F,F001,capture2,935,1145,G3
datasets\jigsaw\Suturing\Suturing\video\Suturing_F001_capture2,Suturing_F001_capture2,F,F001,capture2,1146,1254,G6
datasets\jigsaw\Suturing\Suturing\video\Suturing_F001_capture2,Suturing_F001_capture2,F,F001,capture2,1255,1369,G4
datasets\jigsaw\Suturing\Suturing\video\Suturing_F001_capture2,Suturing_F001_capture2,F,F001,capture2,1370,1475,G2
datasets\jigsaw\Suturing\Suturing\video\Suturing_F001_capture2,Suturing_F001_capture2,F,F001,capture2,1476,1701,G3
datasets\jigsaw\Suturing\Suturing\video\Suturing_F001_capture2,Suturing_F001_capture2,F,F001,capture2,1702,1801,G6
datasets\jigsaw\Suturing\Suturing\video\Suturing_F001_capture2,Suturing_F001_capture2,F,F001,capture2,1802,1995,G4
datasets\jigsaw\Suturing\Suturing\video\Suturing_F001_capture2,Suturing_F001_capture2,F,F001,capture2,1996,2199,G2
datasets\jigsaw\Suturing\Suturing\video\Suturing_F001_capture2,Suturing_F001_capture2,F,F001,capture2,2200,2498,G3
datasets\jigsaw\Suturing\Suturing\video\Suturing_F001_capture2,Suturing_F001_capture2,F,F001,capture2,2499,2838,G11
datasets\jigsaw\Suturing\Suturing\video\Suturing_F002_capture1,Suturing_F002_capture1,F,F002,capture1,1,88,G8
datasets\jigsaw\Suturing\Suturing\video\Suturing_F002_capture1,Suturing_F002_capture1,F,F002,capture1,89,147,G2
datasets\jigsaw\Suturing\Suturing\video\Suturing_F002_capture1,Suturing_F002_capture1,F,F002,capture1,148,427,G3
datasets\jigsaw\Suturing\Suturing\video\Suturing_F002_capture1,Suturing_F002_capture1,F,F002,capture1,428,608,G6
datasets\jigsaw\Suturing\Suturing\video\Suturing_F002_capture1,Suturing_F002_capture1,F,F002,capture1,609,686,G4
datasets\jigsaw\Suturing\Suturing\video\Suturing_F002_capture1,Suturing_F002_capture1,F,F002,capture1,687,767,G2
datasets\jigsaw\Suturing\Suturing\video\Suturing_F002_capture1,Suturing_F002_capture1,F,F002,capture1,768,1040,G3
datasets\jigsaw\Suturing\Suturing\video\Suturing_F002_capture1,Suturing_F002_capture1,F,F002,capture1,1041,1128,G6
datasets\jigsaw\Suturing\Suturing\video\Suturing_F002_capture1,Suturing_F002_capture1,F,F002,capture1,1129,1250,G4
datasets\jigsaw\Suturing\Suturing\video\Suturing_F002_capture1,Suturing_F002_capture1,F,F002,capture1,1251,1336,G2
datasets\jigsaw\Suturing\Suturing\video\Suturing_F002_capture1,Suturing_F002_capture1,F,F002,capture1,1337,1522,G3
datasets\jigsaw\Suturing\Suturing\video\Suturing_F002_capture1,Suturing_F002_capture1,F,F002,capture1,1523,1598,G6
datasets\jigsaw\Suturing\Suturing\video\Suturing_F002_capture1,Suturing_F002_capture1,F,F002,capture1,1599,1681,G4
datasets\jigsaw\Suturing\Suturing\video\Suturing_F002_capture1,Suturing_F002_capture1,F,F002,capture1,1682,1776,G2
datasets\jigsaw\Suturing\Suturing\video\Suturing_F002_capture1,Suturing_F002_capture1,F,F002,capture1,1777,2047,G3
datasets\jigsaw\Suturing\Suturing\video\Suturing_F002_capture1,Suturing_F002_capture1,F,F002,capture1,2048,2103,G6
datasets\jigsaw\Suturing\Suturing\video\Suturing_F002_capture1,Suturing_F002_capture1,F,F002,capture1,2104,2375,G11
datasets\jigsaw\Suturing\Suturing\video\Suturing_F002_capture2,Suturing_F002_capture2,F,F002,capture2,1,88,G8
datasets\jigsaw\Suturing\Suturing\video\Suturing_F002_capture2,Suturing_F002_capture2,F,F002,capture2,89,147,G2
datasets\jigsaw\Suturing\Suturing\video\Suturing_F002_capture2,Suturing_F002_capture2,F,F002,capture2,148,427,G3
datasets\jigsaw\Suturing\Suturing\video\Suturing_F002_capture2,Suturing_F002_capture2,F,F002,capture2,428,608,G6
datasets\jigsaw\Suturing\Suturing\video\Suturing_F002_capture2,Suturing_F002_capture2,F,F002,capture2,609,686,G4
datasets\jigsaw\Suturing\Suturing\video\Suturing_F002_capture2,Suturing_F002_capture2,F,F002,capture2,687,767,G2
datasets\jigsaw\Suturing\Suturing\video\Suturing_F002_capture2,Suturing_F002_capture2,F,F002,capture2,768,1040,G3
datasets\jigsaw\Suturing\Suturing\video\Suturing_F002_capture2,Suturing_F002_capture2,F,F002,capture2,1041,1128,G6
datasets\jigsaw\Suturing\Suturing\video\Suturing_F002_capture2,Suturing_F002_capture2,F,F002,capture2,1129,1250,G4
datasets\jigsaw\Suturing\Suturing\video\Suturing_F002_capture2,Suturing_F002_capture2,F,F002,capture2,1251,1336,G2
datasets\jigsaw\Suturing\Suturing\video\Suturing_F002_capture2,Suturing_F002_capture2,F,F002,capture2,1337,1522,G3
datasets\jigsaw\Suturing\Suturing\video\Suturing_F002_capture2,Suturing_F002_capture2,F,F002,capture2,1523,1598,G6
datasets\jigsaw\Suturing\Suturing\video\Suturing_F002_capture2,Suturing_F002_capture2,F,F002,capture2,1599,1681,G4
datasets\jigsaw\Suturing\Suturing\video\Suturing_F002_capture2,Suturing_F002_capture2,F,F002,capture2,1682,1776,G2
datasets\jigsaw\Suturing\Suturing\video\Suturing_F002_capture2,Suturing_F002_capture2,F,F002,capture2,1777,2047,G3
datasets\jigsaw\Suturing\Suturing\video\Suturing_F002_capture2,Suturing_F002_capture2,F,F002,capture2,2048,2103,G6
datasets\jigsaw\Suturing\Suturing\video\Suturing_F002_capture2,Suturing_F002_capture2,F,F002,capture2,2104,2375,G11
datasets\jigsaw\Suturing\Suturing\video\Suturing_F003_capture1,Suturing_F003_capture1,F,F003,capture1,1,88,G5
datasets\jigsaw\Suturing\Suturing\video\Suturing_F003_capture1,Suturing_F003_capture1,F,F003,capture1,89,169,G8
datasets\jigsaw\Suturing\Suturing\video\Suturing_F003_capture1,Suturing_F003_capture1,F,F003,capture1,170,221,G2
datasets\jigsaw\Suturing\Suturing\video\Suturing_F003_capture1,Suturing_F003_capture1,F,F003,capture1,222,402,G3
datasets\jigsaw\Suturing\Suturing\video\Suturing_F003_capture1,Suturing_F003_capture1,F,F003,capture1,403,489,G6
datasets\jigsaw\Suturing\Suturing\video\Suturing_F003_capture1,Suturing_F003_capture1,F,F003,capture1,490,589,G4
datasets\jigsaw\Suturing\Suturing\video\Suturing_F003_capture1,Suturing_F003_capture1,F,F003,capture1,590,645,G2
datasets\jigsaw\Suturing\Suturing\video\Suturing_F003_capture1,Suturing_F003_capture1,F,F003,capture1,646,877,G3
datasets\jigsaw\Suturing\Suturing\video\Suturing_F003_capture1,Suturing_F003_capture1,F,F003,capture1,878,952,G6
datasets\jigsaw\Suturing\Suturing\video\Suturing_F003_capture1,Suturing_F003_capture1,F,F003,capture1,953,1114,G4
datasets\jigsaw\Suturing\Suturing\video\Suturing_F003_capture1,Suturing_F003_capture1,F,F003,capture1,1115,1205,G2
datasets\jigsaw\Suturing\Suturing\video\Suturing_F003_capture1,Suturing_F003_capture1,F,F003,capture1,1206,1397,G3
datasets\jigsaw\Suturing\Suturing\video\Suturing_F003_capture1,Suturing_F003_capture1,F,F003,capture1,1398,1484,G6
datasets\jigsaw\Suturing\Suturing\video\Suturing_F003_capture1,Suturing_F003_capture1,F,F003,capture1,1485,1565,G4
datasets\jigsaw\Suturing\Suturing\video\Suturing_F003_capture1,Suturing_F003_capture1,F,F003,capture1,1566,1679,G2
datasets\jigsaw\Suturing\Suturing\video\Suturing_F003_capture1,Suturing_F003_capture1,F,F003,capture1,1680,1840,G3
datasets\jigsaw\Suturing\Suturing\video\Suturing_F003_capture1,Suturing_F003_capture1,F,F003,capture1,1841,1912,G6
datasets\jigsaw\Suturing\Suturing\video\Suturing_F003_capture1,Suturing_F003_capture1,F,F003,capture1,1913,2235,G11
datasets\jigsaw\Suturing\Suturing\video\Suturing_F003_capture2,Suturing_F003_capture2,F,F003,capture2,1,88,G5
datasets\jigsaw\Suturing\Suturing\video\Suturing_F003_capture2,Suturing_F003_capture2,F,F003,capture2,89,169,G8
datasets\jigsaw\Suturing\Suturing\video\Suturing_F003_capture2,Suturing_F003_capture2,F,F003,capture2,170,221,G2
datasets\jigsaw\Suturing\Suturing\video\Suturing_F003_capture2,Suturing_F003_capture2,F,F003,capture2,222,402,G3
datasets\jigsaw\Suturing\Suturing\video\Suturing_F003_capture2,Suturing_F003_capture2,F,F003,capture2,403,489,G6
datasets\jigsaw\Suturing\Suturing\video\Suturing_F003_capture2,Suturing_F003_capture2,F,F003,capture2,490,589,G4
datasets\jigsaw\Suturing\Suturing\video\Suturing_F003_capture2,Suturing_F003_capture2,F,F003,capture2,590,645,G2
datasets\jigsaw\Suturing\Suturing\video\Suturing_F003_capture2,Suturing_F003_capture2,F,F003,capture2,646,877,G3
datasets\jigsaw\Suturing\Suturing\video\Suturing_F003_capture2,Suturing_F003_capture2,F,F003,capture2,878,952,G6
datasets\jigsaw\Suturing\Suturing\video\Suturing_F003_capture2,Suturing_F003_capture2,F,F003,capture2,953,1114,G4
datasets\jigsaw\Suturing\Suturing\video\Suturing_F003_capture2,Suturing_F003_capture2,F,F003,capture2,1115,1205,G2
datasets\jigsaw\Suturing\Suturing\video\Suturing_F003_capture2,Suturing_F003_capture2,F,F003,capture2,1206,1397,G3
datasets\jigsaw\Suturing\Suturing\video\Suturing_F003_capture2,Suturing_F003_capture2,F,F003,capture2,1398,1484,G6
datasets\jigsaw\Suturing\Suturing\video\Suturing_F003_capture2,Suturing_F003_capture2,F,F003,capture2,1485,1565,G4
datasets\jigsaw\Suturing\Suturing\video\Suturing_F003_capture2,Suturing_F003_capture2,F,F003,capture2,1566,1679,G2
datasets\jigsaw\Suturing\Suturing\video\Suturing_F003_capture2,Suturing_F003_capture2,F,F003,capture2,1680,1840,G3
datasets\jigsaw\Suturing\Suturing\video\Suturing_F003_capture2,Suturing_F003_capture2,F,F003,capture2,1841,1912,G6
datasets\jigsaw\Suturing\Suturing\video\Suturing_F003_capture2,Suturing_F003_capture2,F,F003,capture2,1913,2235,G11
datasets\jigsaw\Suturing\Suturing\video\Suturing_F004_capture1,Suturing_F004_capture1,F,F004,capture1,1,53,G5
datasets\jigsaw\Suturing\Suturing\video\Suturing_F004_capture1,Suturing_F004_capture1,F,F004,capture1,54,134,G8
datasets\jigsaw\Suturing\Suturing\video\Suturing_F004_capture1,Suturing_F004_capture1,F,F004,capture1,135,217,G2
datasets\jigsaw\Suturing\Suturing\video\Suturing_F004_capture1,Suturing_F004_capture1,F,F004,capture1,218,416,G3
datasets\jigsaw\Suturing\Suturing\video\Suturing_F004_capture1,Suturing_F004_capture1,F,F004,capture1,417,492,G6
datasets\jigsaw\Suturing\Suturing\video\Suturing_F004_capture1,Suturing_F004_capture1,F,F004,capture1,493,589,G4
datasets\jigsaw\Suturing\Suturing\video\Suturing_F004_capture1,Suturing_F004_capture1,F,F004,capture1,590,668,G2
datasets\jigsaw\Suturing\Suturing\video\Suturing_F004_capture1,Suturing_F004_capture1,F,F004,capture1,669,856,G3
datasets\jigsaw\Suturing\Suturing\video\Suturing_F004_capture1,Suturing_F004_capture1,F,F004,capture1,857,928,G6
datasets\jigsaw\Suturing\Suturing\video\Suturing_F004_capture1,Suturing_F004_capture1,F,F004,capture1,929,1176,G4
datasets\jigsaw\Suturing\Suturing\video\Suturing_F004_capture1,Suturing_F004_capture1,F,F004,capture1,1177,1258,G2
datasets\jigsaw\Suturing\Suturing\video\Suturing_F004_capture1,Suturing_F004_capture1,F,F004,capture1,1259,1588,G3
datasets\jigsaw\Suturing\Suturing\video\Suturing_F004_capture1,Suturing_F004_capture1,F,F004,capture1,1589,1673,G6
datasets\jigsaw\Suturing\Suturing\video\Suturing_F004_capture1,Suturing_F004_capture1,F,F004,capture1,1674,1762,G4
datasets\jigsaw\Suturing\Suturing\video\Suturing_F004_capture1,Suturing_F004_capture1,F,F004,capture1,1763,1873,G2
datasets\jigsaw\Suturing\Suturing\video\Suturing_F004_capture1,Suturing_F004_capture1,F,F004,capture1,1874,2061,G3
datasets\jigsaw\Suturing\Suturing\video\Suturing_F004_capture1,Suturing_F004_capture1,F,F004,capture1,2062,2145,G6
datasets\jigsaw\Suturing\Suturing\video\Suturing_F004_capture1,Suturing_F004_capture1,F,F004,capture1,2146,2373,G11
datasets\jigsaw\Suturing\Suturing\video\Suturing_F004_capture2,Suturing_F004_capture2,F,F004,capture2,1,53,G5
datasets\jigsaw\Suturing\Suturing\video\Suturing_F004_capture2,Suturing_F004_capture2,F,F004,capture2,54,134,G8
datasets\jigsaw\Suturing\Suturing\video\Suturing_F004_capture2,Suturing_F004_capture2,F,F004,capture2,135,217,G2
datasets\jigsaw\Suturing\Suturing\video\Suturing_F004_capture2,Suturing_F004_capture2,F,F004,capture2,218,416,G3
datasets\jigsaw\Suturing\Suturing\video\Suturing_F004_capture2,Suturing_F004_capture2,F,F004,capture2,417,492,G6
datasets\jigsaw\Suturing\Suturing\video\Suturing_F004_capture2,Suturing_F004_capture2,F,F004,capture2,493,589,G4
datasets\jigsaw\Suturing\Suturing\video\Suturing_F004_capture2,Suturing_F004_capture2,F,F004,capture2,590,668,G2
datasets\jigsaw\Suturing\Suturing\video\Suturing_F004_capture2,Suturing_F004_capture2,F,F004,capture2,669,856,G3
datasets\jigsaw\Suturing\Suturing\video\Suturing_F004_capture2,Suturing_F004_capture2,F,F004,capture2,857,928,G6
datasets\jigsaw\Suturing\Suturing\video\Suturing_F004_capture2,Suturing_F004_capture2,F,F004,capture2,929,1176,G4
datasets\jigsaw\Suturing\Suturing\video\Suturing_F004_capture2,Suturing_F004_capture2,F,F004,capture2,1177,1258,G2
datasets\jigsaw\Suturing\Suturing\video\Suturing_F004_capture2,Suturing_F004_capture2,F,F004,capture2,1259,1588,G3
datasets\jigsaw\Suturing\Suturing\video\Suturing_F004_capture2,Suturing_F004_capture2,F,F004,capture2,1589,1673,G6
datasets\jigsaw\Suturing\Suturing\video\Suturing_F004_capture2,Suturing_F004_capture2,F,F004,capture2,1674,1762,G4
datasets\jigsaw\Suturing\Suturing\video\Suturing_F004_capture2,Suturing_F004_capture2,F,F004,capture2,1763,1873,G2
datasets\jigsaw\Suturing\Suturing\video\Suturing_F004_capture2,Suturing_F004_capture2,F,F004,capture2,1874,2061,G3
datasets\jigsaw\Suturing\Suturing\video\Suturing_F004_capture2,Suturing_F004_capture2,F,F004,capture2,2062,2145,G6
datasets\jigsaw\Suturing\Suturing\video\Suturing_F004_capture2,Suturing_F004_capture2,F,F004,capture2,2146,2373,G11
datasets\jigsaw\Suturing\Suturing\video\Suturing_F005_capture1,Suturing_F005_capture1,F,F005,capture1,11,67,G1
datasets\jigsaw\Suturing\Suturing\video\Suturing_F005_capture1,Suturing_F005_capture1,F,F005,capture1,68,133,G5
datasets\jigsaw\Suturing\Suturing\video\Suturing_F005_capture1,Suturing_F005_capture1,F,F005,capture1,134,203,G8
datasets\jigsaw\Suturing\Suturing\video\Suturing_F005_capture1,Suturing_F005_capture1,F,F005,capture1,204,249,G2
datasets\jigsaw\Suturing\Suturing\video\Suturing_F005_capture1,Suturing_F005_capture1,F,F005,capture1,250,436,G3
datasets\jigsaw\Suturing\Suturing\video\Suturing_F005_capture1,Suturing_F005_capture1,F,F005,capture1,437,519,G6
datasets\jigsaw\Suturing\Suturing\video\Suturing_F005_capture1,Suturing_F005_capture1,F,F005,capture1,520,601,G4
datasets\jigsaw\Suturing\Suturing\video\Suturing_F005_capture1,Suturing_F005_capture1,F,F005,capture1,602,659,G2
datasets\jigsaw\Suturing\Suturing\video\Suturing_F005_capture1,Suturing_F005_capture1,F,F005,capture1,660,813,G3
datasets\jigsaw\Suturing\Suturing\video\Suturing_F005_capture1,Suturing_F005_capture1,F,F005,capture1,814,865,G6
datasets\jigsaw\Suturing\Suturing\video\Suturing_F005_capture1,Suturing_F005_capture1,F,F005,capture1,866,962,G4
datasets\jigsaw\Suturing\Suturing\video\Suturing_F005_capture1,Suturing_F005_capture1,F,F005,capture1,963,1050,G2
datasets\jigsaw\Suturing\Suturing\video\Suturing_F005_capture1,Suturing_F005_capture1,F,F005,capture1,1051,1221,G3
datasets\jigsaw\Suturing\Suturing\video\Suturing_F005_capture1,Suturing_F005_capture1,F,F005,capture1,1222,1289,G6
datasets\jigsaw\Suturing\Suturing\video\Suturing_F005_capture1,Suturing_F005_capture1,F,F005,capture1,1290,1376,G4
datasets\jigsaw\Suturing\Suturing\video\Suturing_F005_capture1,Suturing_F005_capture1,F,F005,capture1,1377,1470,G2
datasets\jigsaw\Suturing\Suturing\video\Suturing_F005_capture1,Suturing_F005_capture1,F,F005,capture1,1471,1675,G3
datasets\jigsaw\Suturing\Suturing\video\Suturing_F005_capture1,Suturing_F005_capture1,F,F005,capture1,1676,1734,G6
datasets\jigsaw\Suturing\Suturing\video\Suturing_F005_capture1,Suturing_F005_capture1,F,F005,capture1,1735,2039,G11
datasets\jigsaw\Suturing\Suturing\video\Suturing_F005_capture2,Suturing_F005_capture2,F,F005,capture2,11,67,G1
datasets\jigsaw\Suturing\Suturing\video\Suturing_F005_capture2,Suturing_F005_capture2,F,F005,capture2,68,133,G5
datasets\jigsaw\Suturing\Suturing\video\Suturing_F005_capture2,Suturing_F005_capture2,F,F005,capture2,134,203,G8
datasets\jigsaw\Suturing\Suturing\video\Suturing_F005_capture2,Suturing_F005_capture2,F,F005,capture2,204,249,G2
datasets\jigsaw\Suturing\Suturing\video\Suturing_F005_capture2,Suturing_F005_capture2,F,F005,capture2,250,436,G3
datasets\jigsaw\Suturing\Suturing\video\Suturing_F005_capture2,Suturing_F005_capture2,F,F005,capture2,437,519,G6
datasets\jigsaw\Suturing\Suturing\video\Suturing_F005_capture2,Suturing_F005_capture2,F,F005,capture2,520,601,G4
datasets\jigsaw\Suturing\Suturing\video\Suturing_F005_capture2,Suturing_F005_capture2,F,F005,capture2,602,659,G2
datasets\jigsaw\Suturing\Suturing\video\Suturing_F005_capture2,Suturing_F005_capture2,F,F005,capture2,660,813,G3
datasets\jigsaw\Suturing\Suturing\video\Suturing_F005_capture2,Suturing_F005_capture2,F,F005,capture2,814,865,G6
datasets\jigsaw\Suturing\Suturing\video\Suturing_F005_capture2,Suturing_F005_capture2,F,F005,capture2,866,962,G4
datasets\jigsaw\Suturing\Suturing\video\Suturing_F005_capture2,Suturing_F005_capture2,F,F005,capture2,963,1050,G2
datasets\jigsaw\Suturing\Suturing\video\Suturing_F005_capture2,Suturing_F005_capture2,F,F005,capture2,1051,1221,G3
datasets\jigsaw\Suturing\Suturing\video\Suturing_F005_capture2,Suturing_F005_capture2,F,F005,capture2,1222,1289,G6
datasets\jigsaw\Suturing\Suturing\video\Suturing_F005_capture2,Suturing_F005_capture2,F,F005,capture2,1290,1376,G4
datasets\jigsaw\Suturing\Suturing\video\Suturing_F005_capture2,Suturing_F005_capture2,F,F005,capture2,1377,1470,G2
datasets\jigsaw\Suturing\Suturing\video\Suturing_F005_capture2,Suturing_F005_capture2,F,F005,capture2,1471,1675,G3
datasets\jigsaw\Suturing\Suturing\video\Suturing_F005_capture2,Suturing_F005_capture2,F,F005,capture2,1676,1734,G6
datasets\jigsaw\Suturing\Suturing\video\Suturing_F005_capture2,Suturing_F005_capture2,F,F005,capture2,1735,2039,G11
datasets\jigsaw\Suturing\Suturing\video\Suturing_G001_capture1,Suturing_G001_capture1,G,G001,capture1,1,149,G5
datasets\jigsaw\Suturing\Suturing\video\Suturing_G001_capture1,Suturing_G001_capture1,G,G001,capture1,150,366,G8
datasets\jigsaw\Suturing\Suturing\video\Suturing_G001_capture1,Suturing_G001_capture1,G,G001,capture1,367,498,G2
datasets\jigsaw\Suturing\Suturing\video\Suturing_G001_capture1,Suturing_G001_capture1,G,G001,capture1,499,772,G3
datasets\jigsaw\Suturing\Suturing\video\Suturing_G001_capture1,Suturing_G001_capture1,G,G001,capture1,773,938,G6
datasets\jigsaw\Suturing\Suturing\video\Suturing_G001_capture1,Suturing_G001_capture1,G,G001,capture1,939,1131,G4
datasets\jigsaw\Suturing\Suturing\video\Suturing_G001_capture1,Suturing_G001_capture1,G,G001,capture1,1132,1225,G5
datasets\jigsaw\Suturing\Suturing\video\Suturing_G001_capture1,Suturing_G001_capture1,G,G001,capture1,1226,1353,G6
datasets\jigsaw\Suturing\Suturing\video\Suturing_G001_capture1,Suturing_G001_capture1,G,G001,capture1,1354,1477,G2
datasets\jigsaw\Suturing\Suturing\video\Suturing_G001_capture1,Suturing_G001_capture1,G,G001,capture1,1478,2418,G3
datasets\jigsaw\Suturing\Suturing\video\Suturing_G001_capture1,Suturing_G001_capture1,G,G001,capture1,2419,2620,G8
datasets\jigsaw\Suturing\Suturing\video\Suturing_G001_capture1,Suturing_G001_capture1,G,G001,capture1,2621,2670,G2
datasets\jigsaw\Suturing\Suturing\video\Suturing_G001_capture1,Suturing_G001_capture1,G,G001,capture1,2671,2854,G3
datasets\jigsaw\Suturing\Suturing\video\Suturing_G001_capture1,Suturing_G001_capture1,G,G001,capture1,2855,2990,G8
datasets\jigsaw\Suturing\Suturing\video\Suturing_G001_capture1,Suturing_G001_capture1,G,G001,capture1,2991,3111,G3
datasets\jigsaw\Suturing\Suturing\video\Suturing_G001_capture1,Suturing_G001_capture1,G,G001,capture1,3112,3509,G8
datasets\jigsaw\Suturing\Suturing\video\Suturing_G001_capture1,Suturing_G001_capture1,G,G001,capture1,3510,3564,G2
datasets\jigsaw\Suturing\Suturing\video\Suturing_G001_capture1,Suturing_G001_capture1,G,G001,capture1,3565,3646,G3
datasets\jigsaw\Suturing\Suturing\video\Suturing_G001_capture1,Suturing_G001_capture1,G,G001,capture1,3647,4096,G8
datasets\jigsaw\Suturing\Suturing\video\Suturing_G001_capture1,Suturing_G001_capture1,G,G001,capture1,4097,4276,G3
datasets\jigsaw\Suturing\Suturing\video\Suturing_G001_capture1,Suturing_G001_capture1,G,G001,capture1,4277,4425,G6
datasets\jigsaw\Suturing\Suturing\video\Suturing_G001_capture1,Suturing_G001_capture1,G,G001,capture1,4426,4556,G4
datasets\jigsaw\Suturing\Suturing\video\Suturing_G001_capture1,Suturing_G001_capture1,G,G001,capture1,4557,4716,G9
datasets\jigsaw\Suturing\Suturing\video\Suturing_G001_capture1,Suturing_G001_capture1,G,G001,capture1,4717,4835,G2
datasets\jigsaw\Suturing\Suturing\video\Suturing_G001_capture1,Suturing_G001_capture1,G,G001,capture1,4836,5003,G3
datasets\jigsaw\Suturing\Suturing\video\Suturing_G001_capture1,Suturing_G001_capture1,G,G001,capture1,5004,5632,G8
datasets\jigsaw\Suturing\Suturing\video\Suturing_G001_capture1,Suturing_G001_capture1,G,G001,capture1,5633,5846,G3
datasets\jigsaw\Suturing\Suturing\video\Suturing_G001_capture1,Suturing_G001_capture1,G,G001,capture1,5847,6253,G6
datasets\jigsaw\Suturing\Suturing\video\Suturing_G001_capture1,Suturing_G001_capture1,G,G001,capture1,6254,6406,G4
datasets\jigsaw\Suturing\Suturing\video\Suturing_G001_capture1,Suturing_G001_capture1,G,G001,capture1,6407,6520,G2
datasets\jigsaw\Suturing\Suturing\video\Suturing_G001_capture1,Suturing_G001_capture1,G,G001,capture1,6521,7627,G3
datasets\jigsaw\Suturing\Suturing\video\Suturing_G001_capture1,Suturing_G001_capture1,G,G001,capture1,7628,7655,G6
datasets\jigsaw\Suturing\Suturing\video\Suturing_G001_capture1,Suturing_G001_capture1,G,G001,capture1,7656,8181,G8
datasets\jigsaw\Suturing\Suturing\video\Suturing_G001_capture1,Suturing_G001_capture1,G,G001,capture1,8182,8280,G2
datasets\jigsaw\Suturing\Suturing\video\Suturing_G001_capture1,Suturing_G001_capture1,G,G001,capture1,8281,8675,G3
datasets\jigsaw\Suturing\Suturing\video\Suturing_G001_capture1,Suturing_G001_capture1,G,G001,capture1,8676,8833,G6
datasets\jigsaw\Suturing\Suturing\video\Suturing_G001_capture1,Suturing_G001_capture1,G,G001,capture1,8834,9012,G11
datasets\jigsaw\Suturing\Suturing\video\Suturing_G001_capture2,Suturing_G001_capture2,G,G001,capture2,1,149,G5
datasets\jigsaw\Suturing\Suturing\video\Suturing_G001_capture2,Suturing_G001_capture2,G,G001,capture2,150,366,G8
datasets\jigsaw\Suturing\Suturing\video\Suturing_G001_capture2,Suturing_G001_capture2,G,G001,capture2,367,498,G2
datasets\jigsaw\Suturing\Suturing\video\Suturing_G001_capture2,Suturing_G001_capture2,G,G001,capture2,499,772,G3
datasets\jigsaw\Suturing\Suturing\video\Suturing_G001_capture2,Suturing_G001_capture2,G,G001,capture2,773,938,G6
datasets\jigsaw\Suturing\Suturing\video\Suturing_G001_capture2,Suturing_G001_capture2,G,G001,capture2,939,1131,G4
datasets\jigsaw\Suturing\Suturing\video\Suturing_G001_capture2,Suturing_G001_capture2,G,G001,capture2,1132,1225,G5
datasets\jigsaw\Suturing\Suturing\video\Suturing_G001_capture2,Suturing_G001_capture2,G,G001,capture2,1226,1353,G6
datasets\jigsaw\Suturing\Suturing\video\Suturing_G001_capture2,Suturing_G001_capture2,G,G001,capture2,1354,1477,G2
datasets\jigsaw\Suturing\Suturing\video\Suturing_G001_capture2,Suturing_G001_capture2,G,G001,capture2,1478,2418,G3
datasets\jigsaw\Suturing\Suturing\video\Suturing_G001_capture2,Suturing_G001_capture2,G,G001,capture2,2419,2620,G8
datasets\jigsaw\Suturing\Suturing\video\Suturing_G001_capture2,Suturing_G001_capture2,G,G001,capture2,2621,2670,G2
datasets\jigsaw\Suturing\Suturing\video\Suturing_G001_capture2,Suturing_G001_capture2,G,G001,capture2,2671,2854,G3
datasets\jigsaw\Suturing\Suturing\video\Suturing_G001_capture2,Suturing_G001_capture2,G,G001,capture2,2855,2990,G8
datasets\jigsaw\Suturing\Suturing\video\Suturing_G001_capture2,Suturing_G001_capture2,G,G001,capture2,2991,3111,G3
datasets\jigsaw\Suturing\Suturing\video\Suturing_G001_capture2,Suturing_G001_capture2,G,G001,capture2,3112,3509,G8
datasets\jigsaw\Suturing\Suturing\video\Suturing_G001_capture2,Suturing_G001_capture2,G,G001,capture2,3510,3564,G2
datasets\jigsaw\Suturing\Suturing\video\Suturing_G001_capture2,Suturing_G001_capture2,G,G001,capture2,3565,3646,G3
datasets\jigsaw\Suturing\Suturing\video\Suturing_G001_capture2,Suturing_G001_capture2,G,G001,capture2,3647,4096,G8
datasets\jigsaw\Suturing\Suturing\video\Suturing_G001_capture2,Suturing_G001_capture2,G,G001,capture2,4097,4276,G3
datasets\jigsaw\Suturing\Suturing\video\Suturing_G001_capture2,Suturing_G001_capture2,G,G001,capture2,4277,4425,G6
datasets\jigsaw\Suturing\Suturing\video\Suturing_G001_capture2,Suturing_G001_capture2,G,G001,capture2,4426,4556,G4
datasets\jigsaw\Suturing\Suturing\video\Suturing_G001_capture2,Suturing_G001_capture2,G,G001,capture2,4557,4716,G9
datasets\jigsaw\Suturing\Suturing\video\Suturing_G001_capture2,Suturing_G001_capture2,G,G001,capture2,4717,4835,G2
datasets\jigsaw\Suturing\Suturing\video\Suturing_G001_capture2,Suturing_G001_capture2,G,G001,capture2,4836,5003,G3
datasets\jigsaw\Suturing\Suturing\video\Suturing_G001_capture2,Suturing_G001_capture2,G,G001,capture2,5004,5632,G8
datasets\jigsaw\Suturing\Suturing\video\Suturing_G001_capture2,Suturing_G001_capture2,G,G001,capture2,5633,5846,G3
datasets\jigsaw\Suturing\Suturing\video\Suturing_G001_capture2,Suturing_G001_capture2,G,G001,capture2,5847,6253,G6
datasets\jigsaw\Suturing\Suturing\video\Suturing_G001_capture2,Suturing_G001_capture2,G,G001,capture2,6254,6406,G4
datasets\jigsaw\Suturing\Suturing\video\Suturing_G001_capture2,Suturing_G001_capture2,G,G001,capture2,6407,6520,G2
datasets\jigsaw\Suturing\Suturing\video\Suturing_G001_capture2,Suturing_G001_capture2,G,G001,capture2,6521,7627,G3
datasets\jigsaw\Suturing\Suturing\video\Suturing_G001_capture2,Suturing_G001_capture2,G,G001,capture2,7628,7655,G6
datasets\jigsaw\Suturing\Suturing\video\Suturing_G001_capture2,Suturing_G001_capture2,G,G001,capture2,7656,8181,G8
datasets\jigsaw\Suturing\Suturing\video\Suturing_G001_capture2,Suturing_G001_capture2,G,G001,capture2,8182,8280,G2
datasets\jigsaw\Suturing\Suturing\video\Suturing_G001_capture2,Suturing_G001_capture2,G,G001,capture2,8281,8675,G3
datasets\jigsaw\Suturing\Suturing\video\Suturing_G001_capture2,Suturing_G001_capture2,G,G001,capture2,8676,8833,G6
datasets\jigsaw\Suturing\Suturing\video\Suturing_G001_capture2,Suturing_G001_capture2,G,G001,capture2,8834,9012,G11
datasets\jigsaw\Suturing\Suturing\video\Suturing_G002_capture1,Suturing_G002_capture1,G,G002,capture1,1,94,G5
datasets\jigsaw\Suturing\Suturing\video\Suturing_G002_capture1,Suturing_G002_capture1,G,G002,capture1,95,188,G8
datasets\jigsaw\Suturing\Suturing\video\Suturing_G002_capture1,Suturing_G002_capture1,G,G002,capture1,189,239,G2
datasets\jigsaw\Suturing\Suturing\video\Suturing_G002_capture1,Suturing_G002_capture1,G,G002,capture1,240,479,G3
datasets\jigsaw\Suturing\Suturing\video\Suturing_G002_capture1,Suturing_G002_capture1,G,G002,capture1,480,697,G6
datasets\jigsaw\Suturing\Suturing\video\Suturing_G002_capture1,Suturing_G002_capture1,G,G002,capture1,698,816,G4
datasets\jigsaw\Suturing\Suturing\video\Suturing_G002_capture1,Suturing_G002_capture1,G,G002,capture1,817,905,G2
datasets\jigsaw\Suturing\Suturing\video\Suturing_G002_capture1,Suturing_G002_capture1,G,G002,capture1,906,1287,G3
datasets\jigsaw\Suturing\Suturing\video\Suturing_G002_capture1,Suturing_G002_capture1,G,G002,capture1,1288,1464,G6
datasets\jigsaw\Suturing\Suturing\video\Suturing_G002_capture1,Suturing_G002_capture1,G,G002,capture1,1465,1582,G4
datasets\jigsaw\Suturing\Suturing\video\Suturing_G002_capture1,Suturing_G002_capture1,G,G002,capture1,1583,1627,G2
datasets\jigsaw\Suturing\Suturing\video\Suturing_G002_capture1,Suturing_G002_capture1,G,G002,capture1,1628,1889,G3
datasets\jigsaw\Suturing\Suturing\video\Suturing_G002_capture1,Suturing_G002_capture1,G,G002,capture1,1890,2029,G6
datasets\jigsaw\Suturing\Suturing\video\Suturing_G002_capture1,Suturing_G002_capture1,G,G002,capture1,2030,2185,G4
datasets\jigsaw\Suturing\Suturing\video\Suturing_G002_capture1,Suturing_G002_capture1,G,G002,capture1,2186,2232,G2
datasets\jigsaw\Suturing\Suturing\video\Suturing_G002_capture1,Suturing_G002_capture1,G,G002,capture1,2233,2462,G3
datasets\jigsaw\Suturing\Suturing\video\Suturing_G002_capture1,Suturing_G002_capture1,G,G002,capture1,2463,2670,G8
datasets\jigsaw\Suturing\Suturing\video\Suturing_G002_capture1,Suturing_G002_capture1,G,G002,capture1,2671,3010,G3
datasets\jigsaw\Suturing\Suturing\video\Suturing_G002_capture1,Suturing_G002_capture1,G,G002,capture1,3011,3159,G6
datasets\jigsaw\Suturing\Suturing\video\Suturing_G002_capture1,Suturing_G002_capture1,G,G002,capture1,3160,3379,G11
datasets\jigsaw\Suturing\Suturing\video\Suturing_G002_capture2,Suturing_G002_capture2,G,G002,capture2,1,94,G5
datasets\jigsaw\Suturing\Suturing\video\Suturing_G002_capture2,Suturing_G002_capture2,G,G002,capture2,95,188,G8
datasets\jigsaw\Suturing\Suturing\video\Suturing_G002_capture2,Suturing_G002_capture2,G,G002,capture2,189,239,G2
datasets\jigsaw\Suturing\Suturing\video\Suturing_G002_capture2,Suturing_G002_capture2,G,G002,capture2,240,479,G3
datasets\jigsaw\Suturing\Suturing\video\Suturing_G002_capture2,Suturing_G002_capture2,G,G002,capture2,480,697,G6
datasets\jigsaw\Suturing\Suturing\video\Suturing_G002_capture2,Suturing_G002_capture2,G,G002,capture2,698,816,G4
datasets\jigsaw\Suturing\Suturing\video\Suturing_G002_capture2,Suturing_G002_capture2,G,G002,capture2,817,905,G2
datasets\jigsaw\Suturing\Suturing\video\Suturing_G002_capture2,Suturing_G002_capture2,G,G002,capture2,906,1287,G3
datasets\jigsaw\Suturing\Suturing\video\Suturing_G002_capture2,Suturing_G002_capture2,G,G002,capture2,1288,1464,G6
datasets\jigsaw\Suturing\Suturing\video\Suturing_G002_capture2,Suturing_G002_capture2,G,G002,capture2,1465,1582,G4
datasets\jigsaw\Suturing\Suturing\video\Suturing_G002_capture2,Suturing_G002_capture2,G,G002,capture2,1583,1627,G2
datasets\jigsaw\Suturing\Suturing\video\Suturing_G002_capture2,Suturing_G002_capture2,G,G002,capture2,1628,1889,G3
datasets\jigsaw\Suturing\Suturing\video\Suturing_G002_capture2,Suturing_G002_capture2,G,G002,capture2,1890,2029,G6
datasets\jigsaw\Suturing\Suturing\video\Suturing_G002_capture2,Suturing_G002_capture2,G,G002,capture2,2030,2185,G4
datasets\jigsaw\Suturing\Suturing\video\Suturing_G002_capture2,Suturing_G002_capture2,G,G002,capture2,2186,2232,G2
datasets\jigsaw\Suturing\Suturing\video\Suturing_G002_capture2,Suturing_G002_capture2,G,G002,capture2,2233,2462,G3
datasets\jigsaw\Suturing\Suturing\video\Suturing_G002_capture2,Suturing_G002_capture2,G,G002,capture2,2463,2670,G8
datasets\jigsaw\Suturing\Suturing\video\Suturing_G002_capture2,Suturing_G002_capture2,G,G002,capture2,2671,3010,G3
datasets\jigsaw\Suturing\Suturing\video\Suturing_G002_capture2,Suturing_G002_capture2,G,G002,capture2,3011,3159,G6
datasets\jigsaw\Suturing\Suturing\video\Suturing_G002_capture2,Suturing_G002_capture2,G,G002,capture2,3160,3379,G11
datasets\jigsaw\Suturing\Suturing\video\Suturing_G003_capture1,Suturing_G003_capture1,G,G003,capture1,1,406,G8
datasets\jigsaw\Suturing\Suturing\video\Suturing_G003_capture1,Suturing_G003_capture1,G,G003,capture1,407,483,G2
datasets\jigsaw\Suturing\Suturing\video\Suturing_G003_capture1,Suturing_G003_capture1,G,G003,capture1,484,689,G3
datasets\jigsaw\Suturing\Suturing\video\Suturing_G003_capture1,Suturing_G003_capture1,G,G003,capture1,690,937,G6
datasets\jigsaw\Suturing\Suturing\video\Suturing_G003_capture1,Suturing_G003_capture1,G,G003,capture1,938,1072,G4
datasets\jigsaw\Suturing\Suturing\video\Suturing_G003_capture1,Suturing_G003_capture1,G,G003,capture1,1073,1109,G2
datasets\jigsaw\Suturing\Suturing\video\Suturing_G003_capture1,Suturing_G003_capture1,G,G003,capture1,1110,1229,G3
datasets\jigsaw\Suturing\Suturing\video\Suturing_G003_capture1,Suturing_G003_capture1,G,G003,capture1,1230,1508,G6
datasets\jigsaw\Suturing\Suturing\video\Suturing_G003_capture1,Suturing_G003_capture1,G,G003,capture1,1509,1640,G4
datasets\jigsaw\Suturing\Suturing\video\Suturing_G003_capture1,Suturing_G003_capture1,G,G003,capture1,1641,1725,G2
datasets\jigsaw\Suturing\Suturing\video\Suturing_G003_capture1,Suturing_G003_capture1,G,G003,capture1,1726,1992,G3
datasets\jigsaw\Suturing\Suturing\video\Suturing_G003_capture1,Suturing_G003_capture1,G,G003,capture1,1993,2174,G8
datasets\jigsaw\Suturing\Suturing\video\Suturing_G003_capture1,Suturing_G003_capture1,G,G003,capture1,2175,2229,G2
datasets\jigsaw\Suturing\Suturing\video\Suturing_G003_capture1,Suturing_G003_capture1,G,G003,capture1,2230,2705,G3
datasets\jigsaw\Suturing\Suturing\video\Suturing_G003_capture1,Suturing_G003_capture1,G,G003,capture1,2706,2830,G6
datasets\jigsaw\Suturing\Suturing\video\Suturing_G003_capture1,Suturing_G003_capture1,G,G003,capture1,2831,3053,G4
datasets\jigsaw\Suturing\Suturing\video\Suturing_G003_capture1,Suturing_G003_capture1,G,G003,capture1,3054,3790,G10
datasets\jigsaw\Suturing\Suturing\video\Suturing_G003_capture1,Suturing_G003_capture1,G,G003,capture1,3791,3837,G2
datasets\jigsaw\Suturing\Suturing\video\Suturing_G003_capture1,Suturing_G003_capture1,G,G003,capture1,3838,4421,G8
datasets\jigsaw\Suturing\Suturing\video\Suturing_G003_capture1,Suturing_G003_capture1,G,G003,capture1,4422,4534,G2
datasets\jigsaw\Suturing\Suturing\video\Suturing_G003_capture1,Suturing_G003_capture1,G,G003,capture1,4535,4820,G3
datasets\jigsaw\Suturing\Suturing\video\Suturing_G003_capture1,Suturing_G003_capture1,G,G003,capture1,4821,4974,G6
datasets\jigsaw\Suturing\Suturing\video\Suturing_G003_capture1,Suturing_G003_capture1,G,G003,capture1,4975,5160,G11
datasets\jigsaw\Suturing\Suturing\video\Suturing_G003_capture2,Suturing_G003_capture2,G,G003,capture2,1,406,G8
datasets\jigsaw\Suturing\Suturing\video\Suturing_G003_capture2,Suturing_G003_capture2,G,G003,capture2,407,483,G2
datasets\jigsaw\Suturing\Suturing\video\Suturing_G003_capture2,Suturing_G003_capture2,G,G003,capture2,484,689,G3
datasets\jigsaw\Suturing\Suturing\video\Suturing_G003_capture2,Suturing_G003_capture2,G,G003,capture2,690,937,G6
datasets\jigsaw\Suturing\Suturing\video\Suturing_G003_capture2,Suturing_G003_capture2,G,G003,capture2,938,1072,G4
datasets\jigsaw\Suturing\Suturing\video\Suturing_G003_capture2,Suturing_G003_capture2,G,G003,capture2,1073,1109,G2
datasets\jigsaw\Suturing\Suturing\video\Suturing_G003_capture2,Suturing_G003_capture2,G,G003,capture2,1110,1229,G3
datasets\jigsaw\Suturing\Suturing\video\Suturing_G003_capture2,Suturing_G003_capture2,G,G003,capture2,1230,1508,G6
datasets\jigsaw\Suturing\Suturing\video\Suturing_G003_capture2,Suturing_G003_capture2,G,G003,capture2,1509,1640,G4
datasets\jigsaw\Suturing\Suturing\video\Suturing_G003_capture2,Suturing_G003_capture2,G,G003,capture2,1641,1725,G2
datasets\jigsaw\Suturing\Suturing\video\Suturing_G003_capture2,Suturing_G003_capture2,G,G003,capture2,1726,1992,G3
datasets\jigsaw\Suturing\Suturing\video\Suturing_G003_capture2,Suturing_G003_capture2,G,G003,capture2,1993,2174,G8
datasets\jigsaw\Suturing\Suturing\video\Suturing_G003_capture2,Suturing_G003_capture2,G,G003,capture2,2175,2229,G2
datasets\jigsaw\Suturing\Suturing\video\Suturing_G003_capture2,Suturing_G003_capture2,G,G003,capture2,2230,2705,G3
datasets\jigsaw\Suturing\Suturing\video\Suturing_G003_capture2,Suturing_G003_capture2,G,G003,capture2,2706,2830,G6
datasets\jigsaw\Suturing\Suturing\video\Suturing_G003_capture2,Suturing_G003_capture2,G,G003,capture2,2831,3053,G4
datasets\jigsaw\Suturing\Suturing\video\Suturing_G003_capture2,Suturing_G003_capture2,G,G003,capture2,3054,3790,G10
datasets\jigsaw\Suturing\Suturing\video\Suturing_G003_capture2,Suturing_G003_capture2,G,G003,capture2,3791,3837,G2
datasets\jigsaw\Suturing\Suturing\video\Suturing_G003_capture2,Suturing_G003_capture2,G,G003,capture2,3838,4421,G8
datasets\jigsaw\Suturing\Suturing\video\Suturing_G003_capture2,Suturing_G003_capture2,G,G003,capture2,4422,4534,G2
datasets\jigsaw\Suturing\Suturing\video\Suturing_G003_capture2,Suturing_G003_capture2,G,G003,capture2,4535,4820,G3
datasets\jigsaw\Suturing\Suturing\video\Suturing_G003_capture2,Suturing_G003_capture2,G,G003,capture2,4821,4974,G6
datasets\jigsaw\Suturing\Suturing\video\Suturing_G003_capture2,Suturing_G003_capture2,G,G003,capture2,4975,5160,G11
datasets\jigsaw\Suturing\Suturing\video\Suturing_G004_capture1,Suturing_G004_capture1,G,G004,capture1,1,21,G5
datasets\jigsaw\Suturing\Suturing\video\Suturing_G004_capture1,Suturing_G004_capture1,G,G004,capture1,22,416,G8
datasets\jigsaw\Suturing\Suturing\video\Suturing_G004_capture1,Suturing_G004_capture1,G,G004,capture1,417,477,G2
datasets\jigsaw\Suturing\Suturing\video\Suturing_G004_capture1,Suturing_G004_capture1,G,G004,capture1,478,665,G3
datasets\jigsaw\Suturing\Suturing\video\Suturing_G004_capture1,Suturing_G004_capture1,G,G004,capture1,666,829,G6
datasets\jigsaw\Suturing\Suturing\video\Suturing_G004_capture1,Suturing_G004_capture1,G,G004,capture1,830,967,G4
datasets\jigsaw\Suturing\Suturing\video\Suturing_G004_capture1,Suturing_G004_capture1,G,G004,capture1,968,1021,G2
datasets\jigsaw\Suturing\Suturing\video\Suturing_G004_capture1,Suturing_G004_capture1,G,G004,capture1,1022,1176,G3
datasets\jigsaw\Suturing\Suturing\video\Suturing_G004_capture1,Suturing_G004_capture1,G,G004,capture1,1177,1323,G6
datasets\jigsaw\Suturing\Suturing\video\Suturing_G004_capture1,Suturing_G004_capture1,G,G004,capture1,1324,1407,G4
datasets\jigsaw\Suturing\Suturing\video\Suturing_G004_capture1,Suturing_G004_capture1,G,G004,capture1,1408,1488,G2
datasets\jigsaw\Suturing\Suturing\video\Suturing_G004_capture1,Suturing_G004_capture1,G,G004,capture1,1489,1752,G3
datasets\jigsaw\Suturing\Suturing\video\Suturing_G004_capture1,Suturing_G004_capture1,G,G004,capture1,1753,1855,G6
datasets\jigsaw\Suturing\Suturing\video\Suturing_G004_capture1,Suturing_G004_capture1,G,G004,capture1,1856,2007,G4
datasets\jigsaw\Suturing\Suturing\video\Suturing_G004_capture1,Suturing_G004_capture1,G,G004,capture1,2008,2091,G2
datasets\jigsaw\Suturing\Suturing\video\Suturing_G004_capture1,Suturing_G004_capture1,G,G004,capture1,2092,2283,G3
datasets\jigsaw\Suturing\Suturing\video\Suturing_G004_capture1,Suturing_G004_capture1,G,G004,capture1,2284,2452,G6
datasets\jigsaw\Suturing\Suturing\video\Suturing_G004_capture1,Suturing_G004_capture1,G,G004,capture1,2453,2620,G11
datasets\jigsaw\Suturing\Suturing\video\Suturing_G004_capture2,Suturing_G004_capture2,G,G004,capture2,1,21,G5
datasets\jigsaw\Suturing\Suturing\video\Suturing_G004_capture2,Suturing_G004_capture2,G,G004,capture2,22,416,G8
datasets\jigsaw\Suturing\Suturing\video\Suturing_G004_capture2,Suturing_G004_capture2,G,G004,capture2,417,477,G2
datasets\jigsaw\Suturing\Suturing\video\Suturing_G004_capture2,Suturing_G004_capture2,G,G004,capture2,478,665,G3
datasets\jigsaw\Suturing\Suturing\video\Suturing_G004_capture2,Suturing_G004_capture2,G,G004,capture2,666,829,G6
datasets\jigsaw\Suturing\Suturing\video\Suturing_G004_capture2,Suturing_G004_capture2,G,G004,capture2,830,967,G4
datasets\jigsaw\Suturing\Suturing\video\Suturing_G004_capture2,Suturing_G004_capture2,G,G004,capture2,968,1021,G2
datasets\jigsaw\Suturing\Suturing\video\Suturing_G004_capture2,Suturing_G004_capture2,G,G004,capture2,1022,1176,G3
datasets\jigsaw\Suturing\Suturing\video\Suturing_G004_capture2,Suturing_G004_capture2,G,G004,capture2,1177,1323,G6
datasets\jigsaw\Suturing\Suturing\video\Suturing_G004_capture2,Suturing_G004_capture2,G,G004,capture2,1324,1407,G4
datasets\jigsaw\Suturing\Suturing\video\Suturing_G004_capture2,Suturing_G004_capture2,G,G004,capture2,1408,1488,G2
datasets\jigsaw\Suturing\Suturing\video\Suturing_G004_capture2,Suturing_G004_capture2,G,G004,capture2,1489,1752,G3
datasets\jigsaw\Suturing\Suturing\video\Suturing_G004_capture2,Suturing_G004_capture2,G,G004,capture2,1753,1855,G6
datasets\jigsaw\Suturing\Suturing\video\Suturing_G004_capture2,Suturing_G004_capture2,G,G004,capture2,1856,2007,G4
datasets\jigsaw\Suturing\Suturing\video\Suturing_G004_capture2,Suturing_G004_capture2,G,G004,capture2,2008,2091,G2
datasets\jigsaw\Suturing\Suturing\video\Suturing_G004_capture2,Suturing_G004_capture2,G,G004,capture2,2092,2283,G3
datasets\jigsaw\Suturing\Suturing\video\Suturing_G004_capture2,Suturing_G004_capture2,G,G004,capture2,2284,2452,G6
datasets\jigsaw\Suturing\Suturing\video\Suturing_G004_capture2,Suturing_G004_capture2,G,G004,capture2,2453,2620,G11
datasets\jigsaw\Suturing\Suturing\video\Suturing_G005_capture1,Suturing_G005_capture1,G,G005,capture1,1,99,G5
datasets\jigsaw\Suturing\Suturing\video\Suturing_G005_capture1,Suturing_G005_capture1,G,G005,capture1,100,202,G8
datasets\jigsaw\Suturing\Suturing\video\Suturing_G005_capture1,Suturing_G005_capture1,G,G005,capture1,203,248,G2
datasets\jigsaw\Suturing\Suturing\video\Suturing_G005_capture1,Suturing_G005_capture1,G,G005,capture1,249,445,G3
datasets\jigsaw\Suturing\Suturing\video\Suturing_G005_capture1,Suturing_G005_capture1,G,G005,capture1,446,610,G6
datasets\jigsaw\Suturing\Suturing\video\Suturing_G005_capture1,Suturing_G005_capture1,G,G005,capture1,611,726,G4
datasets\jigsaw\Suturing\Suturing\video\Suturing_G005_capture1,Suturing_G005_capture1,G,G005,capture1,727,805,G2
datasets\jigsaw\Suturing\Suturing\video\Suturing_G005_capture1,Suturing_G005_capture1,G,G005,capture1,806,933,G3
datasets\jigsaw\Suturing\Suturing\video\Suturing_G005_capture1,Suturing_G005_capture1,G,G005,capture1,934,1061,G6
datasets\jigsaw\Suturing\Suturing\video\Suturing_G005_capture1,Suturing_G005_capture1,G,G005,capture1,1062,1180,G4
datasets\jigsaw\Suturing\Suturing\video\Suturing_G005_capture1,Suturing_G005_capture1,G,G005,capture1,1181,1235,G2
datasets\jigsaw\Suturing\Suturing\video\Suturing_G005_capture1,Suturing_G005_capture1,G,G005,capture1,1236,1562,G3
datasets\jigsaw\Suturing\Suturing\video\Suturing_G005_capture1,Suturing_G005_capture1,G,G005,capture1,1563,1749,G6
datasets\jigsaw\Suturing\Suturing\video\Suturing_G005_capture1,Suturing_G005_capture1,G,G005,capture1,1750,1873,G4
datasets\jigsaw\Suturing\Suturing\video\Suturing_G005_capture1,Suturing_G005_capture1,G,G005,capture1,1874,1925,G2
datasets\jigsaw\Suturing\Suturing\video\Suturing_G005_capture1,Suturing_G005_capture1,G,G005,capture1,1926,2148,G3
datasets\jigsaw\Suturing\Suturing\video\Suturing_G005_capture1,Suturing_G005_capture1,G,G005,capture1,2149,2274,G6
datasets\jigsaw\Suturing\Suturing\video\Suturing_G005_capture1,Suturing_G005_capture1,G,G005,capture1,2275,2454,G11
datasets\jigsaw\Suturing\Suturing\video\Suturing_G005_capture2,Suturing_G005_capture2,G,G005,capture2,1,99,G5
datasets\jigsaw\Suturing\Suturing\video\Suturing_G005_capture2,Suturing_G005_capture2,G,G005,capture2,100,202,G8
datasets\jigsaw\Suturing\Suturing\video\Suturing_G005_capture2,Suturing_G005_capture2,G,G005,capture2,203,248,G2
datasets\jigsaw\Suturing\Suturing\video\Suturing_G005_capture2,Suturing_G005_capture2,G,G005,capture2,249,445,G3
datasets\jigsaw\Suturing\Suturing\video\Suturing_G005_capture2,Suturing_G005_capture2,G,G005,capture2,446,610,G6
datasets\jigsaw\Suturing\Suturing\video\Suturing_G005_capture2,Suturing_G005_capture2,G,G005,capture2,611,726,G4
datasets\jigsaw\Suturing\Suturing\video\Suturing_G005_capture2,Suturing_G005_capture2,G,G005,capture2,727,805,G2
datasets\jigsaw\Suturing\Suturing\video\Suturing_G005_capture2,Suturing_G005_capture2,G,G005,capture2,806,933,G3
datasets\jigsaw\Suturing\Suturing\video\Suturing_G005_capture2,Suturing_G005_capture2,G,G005,capture2,934,1061,G6
datasets\jigsaw\Suturing\Suturing\video\Suturing_G005_capture2,Suturing_G005_capture2,G,G005,capture2,1062,1180,G4
datasets\jigsaw\Suturing\Suturing\video\Suturing_G005_capture2,Suturing_G005_capture2,G,G005,capture2,1181,1235,G2
datasets\jigsaw\Suturing\Suturing\video\Suturing_G005_capture2,Suturing_G005_capture2,G,G005,capture2,1236,1562,G3
datasets\jigsaw\Suturing\Suturing\video\Suturing_G005_capture2,Suturing_G005_capture2,G,G005,capture2,1563,1749,G6
datasets\jigsaw\Suturing\Suturing\video\Suturing_G005_capture2,Suturing_G005_capture2,G,G005,capture2,1750,1873,G4
datasets\jigsaw\Suturing\Suturing\video\Suturing_G005_capture2,Suturing_G005_capture2,G,G005,capture2,1874,1925,G2
datasets\jigsaw\Suturing\Suturing\video\Suturing_G005_capture2,Suturing_G005_capture2,G,G005,capture2,1926,2148,G3
datasets\jigsaw\Suturing\Suturing\video\Suturing_G005_capture2,Suturing_G005_capture2,G,G005,capture2,2149,2274,G6
datasets\jigsaw\Suturing\Suturing\video\Suturing_G005_capture2,Suturing_G005_capture2,G,G005,capture2,2275,2454,G11
datasets\jigsaw\Suturing\Suturing\video\Suturing_H001_capture1,Suturing_H001_capture1,H,H001,capture1,90,165,G1
datasets\jigsaw\Suturing\Suturing\video\Suturing_H001_capture1,Suturing_H001_capture1,H,H001,capture1,166,317,G5
datasets\jigsaw\Suturing\Suturing\video\Suturing_H001_capture1,Suturing_H001_capture1,H,H001,capture1,318,552,G8
datasets\jigsaw\Suturing\Suturing\video\Suturing_H001_capture1,Suturing_H001_capture1,H,H001,capture1,553,710,G2
datasets\jigsaw\Suturing\Suturing\video\Suturing_H001_capture1,Suturing_H001_capture1,H,H001,capture1,711,1462,G3
datasets\jigsaw\Suturing\Suturing\video\Suturing_H001_capture1,Suturing_H001_capture1,H,H001,capture1,1463,1635,G6
datasets\jigsaw\Suturing\Suturing\video\Suturing_H001_capture1,Suturing_H001_capture1,H,H001,capture1,1636,1817,G4
datasets\jigsaw\Suturing\Suturing\video\Suturing_H001_capture1,Suturing_H001_capture1,H,H001,capture1,1818,2007,G2
datasets\jigsaw\Suturing\Suturing\video\Suturing_H001_capture1,Suturing_H001_capture1,H,H001,capture1,2008,2275,G3
datasets\jigsaw\Suturing\Suturing\video\Suturing_H001_capture1,Suturing_H001_capture1,H,H001,capture1,2276,2537,G6
datasets\jigsaw\Suturing\Suturing\video\Suturing_H001_capture1,Suturing_H001_capture1,H,H001,capture1,2538,2643,G4
datasets\jigsaw\Suturing\Suturing\video\Suturing_H001_capture1,Suturing_H001_capture1,H,H001,capture1,2644,2741,G10
datasets\jigsaw\Suturing\Suturing\video\Suturing_H001_capture1,Suturing_H001_capture1,H,H001,capture1,2742,2792,G6
datasets\jigsaw\Suturing\Suturing\video\Suturing_H001_capture1,Suturing_H001_capture1,H,H001,capture1,2793,2951,G10
datasets\jigsaw\Suturing\Suturing\video\Suturing_H001_capture1,Suturing_H001_capture1,H,H001,capture1,2952,2995,G6
datasets\jigsaw\Suturing\Suturing\video\Suturing_H001_capture1,Suturing_H001_capture1,H,H001,capture1,2996,3084,G4
datasets\jigsaw\Suturing\Suturing\video\Suturing_H001_capture1,Suturing_H001_capture1,H,H001,capture1,3085,3151,G6
datasets\jigsaw\Suturing\Suturing\video\Suturing_H001_capture1,Suturing_H001_capture1,H,H001,capture1,3152,3399,G4
datasets\jigsaw\Suturing\Suturing\video\Suturing_H001_capture1,Suturing_H001_capture1,H,H001,capture1,3400,3622,G2
datasets\jigsaw\Suturing\Suturing\video\Suturing_H001_capture1,Suturing_H001_capture1,H,H001,capture1,3623,3963,G3
datasets\jigsaw\Suturing\Suturing\video\Suturing_H001_capture1,Suturing_H001_capture1,H,H001,capture1,3964,4164,G6
datasets\jigsaw\Suturing\Suturing\video\Suturing_H001_capture1,Suturing_H001_capture1,H,H001,capture1,4165,4368,G4
datasets\jigsaw\Suturing\Suturing\video\Suturing_H001_capture1,Suturing_H001_capture1,H,H001,capture1,4369,4568,G2
datasets\jigsaw\Suturing\Suturing\video\Suturing_H001_capture1,Suturing_H001_capture1,H,H001,capture1,4569,4975,G3
datasets\jigsaw\Suturing\Suturing\video\Suturing_H001_capture1,Suturing_H001_capture1,H,H001,capture1,4976,5194,G6
datasets\jigsaw\Suturing\Suturing\video\Suturing_H001_capture1,Suturing_H001_capture1,H,H001,capture1,5195,5363,G11
datasets\jigsaw\Suturing\Suturing\video\Suturing_H001_capture2,Suturing_H001_capture2,H,H001,capture2,90,165,G1
datasets\jigsaw\Suturing\Suturing\video\Suturing_H001_capture2,Suturing_H001_capture2,H,H001,capture2,166,317,G5
datasets\jigsaw\Suturing\Suturing\video\Suturing_H001_capture2,Suturing_H001_capture2,H,H001,capture2,318,552,G8
datasets\jigsaw\Suturing\Suturing\video\Suturing_H001_capture2,Suturing_H001_capture2,H,H001,capture2,553,710,G2
datasets\jigsaw\Suturing\Suturing\video\Suturing_H001_capture2,Suturing_H001_capture2,H,H001,capture2,711,1462,G3
datasets\jigsaw\Suturing\Suturing\video\Suturing_H001_capture2,Suturing_H001_capture2,H,H001,capture2,1463,1635,G6
datasets\jigsaw\Suturing\Suturing\video\Suturing_H001_capture2,Suturing_H001_capture2,H,H001,capture2,1636,1817,G4
datasets\jigsaw\Suturing\Suturing\video\Suturing_H001_capture2,Suturing_H001_capture2,H,H001,capture2,1818,2007,G2
datasets\jigsaw\Suturing\Suturing\video\Suturing_H001_capture2,Suturing_H001_capture2,H,H001,capture2,2008,2275,G3
datasets\jigsaw\Suturing\Suturing\video\Suturing_H001_capture2,Suturing_H001_capture2,H,H001,capture2,2276,2537,G6
datasets\jigsaw\Suturing\Suturing\video\Suturing_H001_capture2,Suturing_H001_capture2,H,H001,capture2,2538,2643,G4
datasets\jigsaw\Suturing\Suturing\video\Suturing_H001_capture2,Suturing_H001_capture2,H,H001,capture2,2644,2741,G10
datasets\jigsaw\Suturing\Suturing\video\Suturing_H001_capture2,Suturing_H001_capture2,H,H001,capture2,2742,2792,G6
datasets\jigsaw\Suturing\Suturing\video\Suturing_H001_capture2,Suturing_H001_capture2,H,H001,capture2,2793,2951,G10
datasets\jigsaw\Suturing\Suturing\video\Suturing_H001_capture2,Suturing_H001_capture2,H,H001,capture2,2952,2995,G6
datasets\jigsaw\Suturing\Suturing\video\Suturing_H001_capture2,Suturing_H001_capture2,H,H001,capture2,2996,3084,G4
datasets\jigsaw\Suturing\Suturing\video\Suturing_H001_capture2,Suturing_H001_capture2,H,H001,capture2,3085,3151,G6
datasets\jigsaw\Suturing\Suturing\video\Suturing_H001_capture2,Suturing_H001_capture2,H,H001,capture2,3152,3399,G4
datasets\jigsaw\Suturing\Suturing\video\Suturing_H001_capture2,Suturing_H001_capture2,H,H001,capture2,3400,3622,G2
datasets\jigsaw\Suturing\Suturing\video\Suturing_H001_capture2,Suturing_H001_capture2,H,H001,capture2,3623,3963,G3
datasets\jigsaw\Suturing\Suturing\video\Suturing_H001_capture2,Suturing_H001_capture2,H,H001,capture2,3964,4164,G6
datasets\jigsaw\Suturing\Suturing\video\Suturing_H001_capture2,Suturing_H001_capture2,H,H001,capture2,4165,4368,G4
datasets\jigsaw\Suturing\Suturing\video\Suturing_H001_capture2,Suturing_H001_capture2,H,H001,capture2,4369,4568,G2
datasets\jigsaw\Suturing\Suturing\video\Suturing_H001_capture2,Suturing_H001_capture2,H,H001,capture2,4569,4975,G3
datasets\jigsaw\Suturing\Suturing\video\Suturing_H001_capture2,Suturing_H001_capture2,H,H001,capture2,4976,5194,G6
datasets\jigsaw\Suturing\Suturing\video\Suturing_H001_capture2,Suturing_H001_capture2,H,H001,capture2,5195,5363,G11
datasets\jigsaw\Suturing\Suturing\video\Suturing_H003_capture1,Suturing_H003_capture1,H,H003,capture1,1,90,G1
datasets\jigsaw\Suturing\Suturing\video\Suturing_H003_capture1,Suturing_H003_capture1,H,H003,capture1,91,245,G5
datasets\jigsaw\Suturing\Suturing\video\Suturing_H003_capture1,Suturing_H003_capture1,H,H003,capture1,246,434,G8
datasets\jigsaw\Suturing\Suturing\video\Suturing_H003_capture1,Suturing_H003_capture1,H,H003,capture1,435,552,G2
datasets\jigsaw\Suturing\Suturing\video\Suturing_H003_capture1,Suturing_H003_capture1,H,H003,capture1,553,908,G3
datasets\jigsaw\Suturing\Suturing\video\Suturing_H003_capture1,Suturing_H003_capture1,H,H003,capture1,909,1113,G6
datasets\jigsaw\Suturing\Suturing\video\Suturing_H003_capture1,Suturing_H003_capture1,H,H003,capture1,1114,1162,G9
datasets\jigsaw\Suturing\Suturing\video\Suturing_H003_capture1,Suturing_H003_capture1,H,H003,capture1,1163,1347,G4
datasets\jigsaw\Suturing\Suturing\video\Suturing_H003_capture1,Suturing_H003_capture1,H,H003,capture1,1348,1492,G2
datasets\jigsaw\Suturing\Suturing\video\Suturing_H003_capture1,Suturing_H003_capture1,H,H003,capture1,1493,1708,G3
datasets\jigsaw\Suturing\Suturing\video\Suturing_H003_capture1,Suturing_H003_capture1,H,H003,capture1,1709,1873,G6
datasets\jigsaw\Suturing\Suturing\video\Suturing_H003_capture1,Suturing_H003_capture1,H,H003,capture1,1874,1991,G4
datasets\jigsaw\Suturing\Suturing\video\Suturing_H003_capture1,Suturing_H003_capture1,H,H003,capture1,1992,2090,G2
datasets\jigsaw\Suturing\Suturing\video\Suturing_H003_capture1,Suturing_H003_capture1,H,H003,capture1,2091,2432,G3
datasets\jigsaw\Suturing\Suturing\video\Suturing_H003_capture1,Suturing_H003_capture1,H,H003,capture1,2433,2549,G6
datasets\jigsaw\Suturing\Suturing\video\Suturing_H003_capture1,Suturing_H003_capture1,H,H003,capture1,2550,2682,G4
datasets\jigsaw\Suturing\Suturing\video\Suturing_H003_capture1,Suturing_H003_capture1,H,H003,capture1,2683,2807,G2
datasets\jigsaw\Suturing\Suturing\video\Suturing_H003_capture1,Suturing_H003_capture1,H,H003,capture1,2808,3008,G3
datasets\jigsaw\Suturing\Suturing\video\Suturing_H003_capture1,Suturing_H003_capture1,H,H003,capture1,3009,3149,G6
datasets\jigsaw\Suturing\Suturing\video\Suturing_H003_capture1,Suturing_H003_capture1,H,H003,capture1,3150,3320,G11
datasets\jigsaw\Suturing\Suturing\video\Suturing_H003_capture2,Suturing_H003_capture2,H,H003,capture2,1,90,G1
datasets\jigsaw\Suturing\Suturing\video\Suturing_H003_capture2,Suturing_H003_capture2,H,H003,capture2,91,245,G5
datasets\jigsaw\Suturing\Suturing\video\Suturing_H003_capture2,Suturing_H003_capture2,H,H003,capture2,246,434,G8
datasets\jigsaw\Suturing\Suturing\video\Suturing_H003_capture2,Suturing_H003_capture2,H,H003,capture2,435,552,G2
datasets\jigsaw\Suturing\Suturing\video\Suturing_H003_capture2,Suturing_H003_capture2,H,H003,capture2,553,908,G3
datasets\jigsaw\Suturing\Suturing\video\Suturing_H003_capture2,Suturing_H003_capture2,H,H003,capture2,909,1113,G6
datasets\jigsaw\Suturing\Suturing\video\Suturing_H003_capture2,Suturing_H003_capture2,H,H003,capture2,1114,1162,G9
datasets\jigsaw\Suturing\Suturing\video\Suturing_H003_capture2,Suturing_H003_capture2,H,H003,capture2,1163,1347,G4
datasets\jigsaw\Suturing\Suturing\video\Suturing_H003_capture2,Suturing_H003_capture2,H,H003,capture2,1348,1492,G2
datasets\jigsaw\Suturing\Suturing\video\Suturing_H003_capture2,Suturing_H003_capture2,H,H003,capture2,1493,1708,G3
datasets\jigsaw\Suturing\Suturing\video\Suturing_H003_capture2,Suturing_H003_capture2,H,H003,capture2,1709,1873,G6
datasets\jigsaw\Suturing\Suturing\video\Suturing_H003_capture2,Suturing_H003_capture2,H,H003,capture2,1874,1991,G4
datasets\jigsaw\Suturing\Suturing\video\Suturing_H003_capture2,Suturing_H003_capture2,H,H003,capture2,1992,2090,G2
datasets\jigsaw\Suturing\Suturing\video\Suturing_H003_capture2,Suturing_H003_capture2,H,H003,capture2,2091,2432,G3
datasets\jigsaw\Suturing\Suturing\video\Suturing_H003_capture2,Suturing_H003_capture2,H,H003,capture2,2433,2549,G6
datasets\jigsaw\Suturing\Suturing\video\Suturing_H003_capture2,Suturing_H003_capture2,H,H003,capture2,2550,2682,G4
datasets\jigsaw\Suturing\Suturing\video\Suturing_H003_capture2,Suturing_H003_capture2,H,H003,capture2,2683,2807,G2
datasets\jigsaw\Suturing\Suturing\video\Suturing_H003_capture2,Suturing_H003_capture2,H,H003,capture2,2808,3008,G3
datasets\jigsaw\Suturing\Suturing\video\Suturing_H003_capture2,Suturing_H003_capture2,H,H003,capture2,3009,3149,G6
datasets\jigsaw\Suturing\Suturing\video\Suturing_H003_capture2,Suturing_H003_capture2,H,H003,capture2,3150,3320,G11
datasets\jigsaw\Suturing\Suturing\video\Suturing_H004_capture1,Suturing_H004_capture1,H,H004,capture1,1,75,G1
datasets\jigsaw\Suturing\Suturing\video\Suturing_H004_capture1,Suturing_H004_capture1,H,H004,capture1,76,193,G5
datasets\jigsaw\Suturing\Suturing\video\Suturing_H004_capture1,Suturing_H004_capture1,H,H004,capture1,194,381,G8
datasets\jigsaw\Suturing\Suturing\video\Suturing_H004_capture1,Suturing_H004_capture1,H,H004,capture1,382,475,G2
datasets\jigsaw\Suturing\Suturing\video\Suturing_H004_capture1,Suturing_H004_capture1,H,H004,capture1,476,660,G3
datasets\jigsaw\Suturing\Suturing\video\Suturing_H004_capture1,Suturing_H004_capture1,H,H004,capture1,661,816,G6
datasets\jigsaw\Suturing\Suturing\video\Suturing_H004_capture1,Suturing_H004_capture1,H,H004,capture1,817,990,G4
datasets\jigsaw\Suturing\Suturing\video\Suturing_H004_capture1,Suturing_H004_capture1,H,H004,capture1,991,1022,G9
datasets\jigsaw\Suturing\Suturing\video\Suturing_H004_capture1,Suturing_H004_capture1,H,H004,capture1,1023,1173,G4
datasets\jigsaw\Suturing\Suturing\video\Suturing_H004_capture1,Suturing_H004_capture1,H,H004,capture1,1174,1295,G2
datasets\jigsaw\Suturing\Suturing\video\Suturing_H004_capture1,Suturing_H004_capture1,H,H004,capture1,1296,1533,G3
datasets\jigsaw\Suturing\Suturing\video\Suturing_H004_capture1,Suturing_H004_capture1,H,H004,capture1,1534,2014,G6
datasets\jigsaw\Suturing\Suturing\video\Suturing_H004_capture1,Suturing_H004_capture1,H,H004,capture1,2015,2059,G9
datasets\jigsaw\Suturing\Suturing\video\Suturing_H004_capture1,Suturing_H004_capture1,H,H004,capture1,2060,2271,G4
datasets\jigsaw\Suturing\Suturing\video\Suturing_H004_capture1,Suturing_H004_capture1,H,H004,capture1,2272,2401,G2
datasets\jigsaw\Suturing\Suturing\video\Suturing_H004_capture1,Suturing_H004_capture1,H,H004,capture1,2402,2631,G3
datasets\jigsaw\Suturing\Suturing\video\Suturing_H004_capture1,Suturing_H004_capture1,H,H004,capture1,2632,2860,G6
datasets\jigsaw\Suturing\Suturing\video\Suturing_H004_capture1,Suturing_H004_capture1,H,H004,capture1,2861,3046,G4
datasets\jigsaw\Suturing\Suturing\video\Suturing_H004_capture1,Suturing_H004_capture1,H,H004,capture1,3047,3149,G2
datasets\jigsaw\Suturing\Suturing\video\Suturing_H004_capture1,Suturing_H004_capture1,H,H004,capture1,3150,3566,G3
datasets\jigsaw\Suturing\Suturing\video\Suturing_H004_capture1,Suturing_H004_capture1,H,H004,capture1,3567,3780,G6
datasets\jigsaw\Suturing\Suturing\video\Suturing_H004_capture1,Suturing_H004_capture1,H,H004,capture1,3781,4020,G11
datasets\jigsaw\Suturing\Suturing\video\Suturing_H004_capture2,Suturing_H004_capture2,H,H004,capture2,1,75,G1
datasets\jigsaw\Suturing\Suturing\video\Suturing_H004_capture2,Suturing_H004_capture2,H,H004,capture2,76,193,G5
datasets\jigsaw\Suturing\Suturing\video\Suturing_H004_capture2,Suturing_H004_capture2,H,H004,capture2,194,381,G8
datasets\jigsaw\Suturing\Suturing\video\Suturing_H004_capture2,Suturing_H004_capture2,H,H004,capture2,382,475,G2
datasets\jigsaw\Suturing\Suturing\video\Suturing_H004_capture2,Suturing_H004_capture2,H,H004,capture2,476,660,G3
datasets\jigsaw\Suturing\Suturing\video\Suturing_H004_capture2,Suturing_H004_capture2,H,H004,capture2,661,816,G6
datasets\jigsaw\Suturing\Suturing\video\Suturing_H004_capture2,Suturing_H004_capture2,H,H004,capture2,817,990,G4
datasets\jigsaw\Suturing\Suturing\video\Suturing_H004_capture2,Suturing_H004_capture2,H,H004,capture2,991,1022,G9
datasets\jigsaw\Suturing\Suturing\video\Suturing_H004_capture2,Suturing_H004_capture2,H,H004,capture2,1023,1173,G4
datasets\jigsaw\Suturing\Suturing\video\Suturing_H004_capture2,Suturing_H004_capture2,H,H004,capture2,1174,1295,G2
datasets\jigsaw\Suturing\Suturing\video\Suturing_H004_capture2,Suturing_H004_capture2,H,H004,capture2,1296,1533,G3
datasets\jigsaw\Suturing\Suturing\video\Suturing_H004_capture2,Suturing_H004_capture2,H,H004,capture2,1534,2014,G6
datasets\jigsaw\Suturing\Suturing\video\Suturing_H004_capture2,Suturing_H004_capture2,H,H004,capture2,2015,2059,G9
datasets\jigsaw\Suturing\Suturing\video\Suturing_H004_capture2,Suturing_H004_capture2,H,H004,capture2,2060,2271,G4
datasets\jigsaw\Suturing\Suturing\video\Suturing_H004_capture2,Suturing_H004_capture2,H,H004,capture2,2272,2401,G2
datasets\jigsaw\Suturing\Suturing\video\Suturing_H004_capture2,Suturing_H004_capture2,H,H004,capture2,2402,2631,G3
datasets\jigsaw\Suturing\Suturing\video\Suturing_H004_capture2,Suturing_H004_capture2,H,H004,capture2,2632,2860,G6
datasets\jigsaw\Suturing\Suturing\video\Suturing_H004_capture2,Suturing_H004_capture2,H,H004,capture2,2861,3046,G4
datasets\jigsaw\Suturing\Suturing\video\Suturing_H004_capture2,Suturing_H004_capture2,H,H004,capture2,3047,3149,G2
datasets\jigsaw\Suturing\Suturing\video\Suturing_H004_capture2,Suturing_H004_capture2,H,H004,capture2,3150,3566,G3
datasets\jigsaw\Suturing\Suturing\video\Suturing_H004_capture2,Suturing_H004_capture2,H,H004,capture2,3567,3780,G6
datasets\jigsaw\Suturing\Suturing\video\Suturing_H004_capture2,Suturing_H004_capture2,H,H004,capture2,3781,4020,G11
datasets\jigsaw\Suturing\Suturing\video\Suturing_H005_capture1,Suturing_H005_capture1,H,H005,capture1,1,131,G5
datasets\jigsaw\Suturing\Suturing\video\Suturing_H005_capture1,Suturing_H005_capture1,H,H005,capture1,132,320,G8
datasets\jigsaw\Suturing\Suturing\video\Suturing_H005_capture1,Suturing_H005_capture1,H,H005,capture1,321,413,G2
datasets\jigsaw\Suturing\Suturing\video\Suturing_H005_capture1,Suturing_H005_capture1,H,H005,capture1,414,619,G3
datasets\jigsaw\Suturing\Suturing\video\Suturing_H005_capture1,Suturing_H005_capture1,H,H005,capture1,620,767,G6
datasets\jigsaw\Suturing\Suturing\video\Suturing_H005_capture1,Suturing_H005_capture1,H,H005,capture1,768,961,G4
datasets\jigsaw\Suturing\Suturing\video\Suturing_H005_capture1,Suturing_H005_capture1,H,H005,capture1,962,1128,G2
datasets\jigsaw\Suturing\Suturing\video\Suturing_H005_capture1,Suturing_H005_capture1,H,H005,capture1,1129,1429,G3
datasets\jigsaw\Suturing\Suturing\video\Suturing_H005_capture1,Suturing_H005_capture1,H,H005,capture1,1430,1667,G6
datasets\jigsaw\Suturing\Suturing\video\Suturing_H005_capture1,Suturing_H005_capture1,H,H005,capture1,1668,1828,G4
datasets\jigsaw\Suturing\Suturing\video\Suturing_H005_capture1,Suturing_H005_capture1,H,H005,capture1,1829,1933,G2
datasets\jigsaw\Suturing\Suturing\video\Suturing_H005_capture1,Suturing_H005_capture1,H,H005,capture1,1934,2288,G3
datasets\jigsaw\Suturing\Suturing\video\Suturing_H005_capture1,Suturing_H005_capture1,H,H005,capture1,2289,2453,G6
datasets\jigsaw\Suturing\Suturing\video\Suturing_H005_capture1,Suturing_H005_capture1,H,H005,capture1,2454,2624,G4
datasets\jigsaw\Suturing\Suturing\video\Suturing_H005_capture1,Suturing_H005_capture1,H,H005,capture1,2625,2738,G2
datasets\jigsaw\Suturing\Suturing\video\Suturing_H005_capture1,Suturing_H005_capture1,H,H005,capture1,2739,2998,G3
datasets\jigsaw\Suturing\Suturing\video\Suturing_H005_capture1,Suturing_H005_capture1,H,H005,capture1,2999,3127,G6
datasets\jigsaw\Suturing\Suturing\video\Suturing_H005_capture1,Suturing_H005_capture1,H,H005,capture1,3128,3279,G11
datasets\jigsaw\Suturing\Suturing\video\Suturing_H005_capture2,Suturing_H005_capture2,H,H005,capture2,1,131,G5
datasets\jigsaw\Suturing\Suturing\video\Suturing_H005_capture2,Suturing_H005_capture2,H,H005,capture2,132,320,G8
datasets\jigsaw\Suturing\Suturing\video\Suturing_H005_capture2,Suturing_H005_capture2,H,H005,capture2,321,413,G2
datasets\jigsaw\Suturing\Suturing\video\Suturing_H005_capture2,Suturing_H005_capture2,H,H005,capture2,414,619,G3
datasets\jigsaw\Suturing\Suturing\video\Suturing_H005_capture2,Suturing_H005_capture2,H,H005,capture2,620,767,G6
datasets\jigsaw\Suturing\Suturing\video\Suturing_H005_capture2,Suturing_H005_capture2,H,H005,capture2,768,961,G4
datasets\jigsaw\Suturing\Suturing\video\Suturing_H005_capture2,Suturing_H005_capture2,H,H005,capture2,962,1128,G2
datasets\jigsaw\Suturing\Suturing\video\Suturing_H005_capture2,Suturing_H005_capture2,H,H005,capture2,1129,1429,G3
datasets\jigsaw\Suturing\Suturing\video\Suturing_H005_capture2,Suturing_H005_capture2,H,H005,capture2,1430,1667,G6
datasets\jigsaw\Suturing\Suturing\video\Suturing_H005_capture2,Suturing_H005_capture2,H,H005,capture2,1668,1828,G4
datasets\jigsaw\Suturing\Suturing\video\Suturing_H005_capture2,Suturing_H005_capture2,H,H005,capture2,1829,1933,G2
datasets\jigsaw\Suturing\Suturing\video\Suturing_H005_capture2,Suturing_H005_capture2,H,H005,capture2,1934,2288,G3
datasets\jigsaw\Suturing\Suturing\video\Suturing_H005_capture2,Suturing_H005_capture2,H,H005,capture2,2289,2453,G6
datasets\jigsaw\Suturing\Suturing\video\Suturing_H005_capture2,Suturing_H005_capture2,H,H005,capture2,2454,2624,G4
datasets\jigsaw\Suturing\Suturing\video\Suturing_H005_capture2,Suturing_H005_capture2,H,H005,capture2,2625,2738,G2
datasets\jigsaw\Suturing\Suturing\video\Suturing_H005_capture2,Suturing_H005_capture2,H,H005,capture2,2739,2998,G3
datasets\jigsaw\Suturing\Suturing\video\Suturing_H005_capture2,Suturing_H005_capture2,H,H005,capture2,2999,3127,G6
datasets\jigsaw\Suturing\Suturing\video\Suturing_H005_capture2,Suturing_H005_capture2,H,H005,capture2,3128,3279,G11
datasets\jigsaw\Suturing\Suturing\video\Suturing_I001_capture1,Suturing_I001_capture1,I,I001,capture1,1,30,G1
datasets\jigsaw\Suturing\Suturing\video\Suturing_I001_capture1,Suturing_I001_capture1,I,I001,capture1,31,164,G5
datasets\jigsaw\Suturing\Suturing\video\Suturing_I001_capture1,Suturing_I001_capture1,I,I001,capture1,165,358,G8
datasets\jigsaw\Suturing\Suturing\video\Suturing_I001_capture1,Suturing_I001_capture1,I,I001,capture1,359,508,G2
datasets\jigsaw\Suturing\Suturing\video\Suturing_I001_capture1,Suturing_I001_capture1,I,I001,capture1,509,876,G3
datasets\jigsaw\Suturing\Suturing\video\Suturing_I001_capture1,Suturing_I001_capture1,I,I001,capture1,877,1046,G6
datasets\jigsaw\Suturing\Suturing\video\Suturing_I001_capture1,Suturing_I001_capture1,I,I001,capture1,1047,1194,G4
datasets\jigsaw\Suturing\Suturing\video\Suturing_I001_capture1,Suturing_I001_capture1,I,I001,capture1,1195,1351,G2
datasets\jigsaw\Suturing\Suturing\video\Suturing_I001_capture1,Suturing_I001_capture1,I,I001,capture1,1352,1621,G3
datasets\jigsaw\Suturing\Suturing\video\Suturing_I001_capture1,Suturing_I001_capture1,I,I001,capture1,1622,1808,G6
datasets\jigsaw\Suturing\Suturing\video\Suturing_I001_capture1,Suturing_I001_capture1,I,I001,capture1,1809,2017,G4
datasets\jigsaw\Suturing\Suturing\video\Suturing_I001_capture1,Suturing_I001_capture1,I,I001,capture1,2018,2129,G2
datasets\jigsaw\Suturing\Suturing\video\Suturing_I001_capture1,Suturing_I001_capture1,I,I001,capture1,2130,2507,G3
datasets\jigsaw\Suturing\Suturing\video\Suturing_I001_capture1,Suturing_I001_capture1,I,I001,capture1,2508,2642,G6
datasets\jigsaw\Suturing\Suturing\video\Suturing_I001_capture1,Suturing_I001_capture1,I,I001,capture1,2643,2905,G4
datasets\jigsaw\Suturing\Suturing\video\Suturing_I001_capture1,Suturing_I001_capture1,I,I001,capture1,2906,3370,G10
datasets\jigsaw\Suturing\Suturing\video\Suturing_I001_capture1,Suturing_I001_capture1,I,I001,capture1,3371,3508,G2
datasets\jigsaw\Suturing\Suturing\video\Suturing_I001_capture1,Suturing_I001_capture1,I,I001,capture1,3509,3813,G3
datasets\jigsaw\Suturing\Suturing\video\Suturing_I001_capture1,Suturing_I001_capture1,I,I001,capture1,3814,4026,G6
datasets\jigsaw\Suturing\Suturing\video\Suturing_I001_capture1,Suturing_I001_capture1,I,I001,capture1,4027,4310,G11
datasets\jigsaw\Suturing\Suturing\video\Suturing_I001_capture2,Suturing_I001_capture2,I,I001,capture2,1,30,G1
datasets\jigsaw\Suturing\Suturing\video\Suturing_I001_capture2,Suturing_I001_capture2,I,I001,capture2,31,164,G5
datasets\jigsaw\Suturing\Suturing\video\Suturing_I001_capture2,Suturing_I001_capture2,I,I001,capture2,165,358,G8
datasets\jigsaw\Suturing\Suturing\video\Suturing_I001_capture2,Suturing_I001_capture2,I,I001,capture2,359,508,G2
datasets\jigsaw\Suturing\Suturing\video\Suturing_I001_capture2,Suturing_I001_capture2,I,I001,capture2,509,876,G3
datasets\jigsaw\Suturing\Suturing\video\Suturing_I001_capture2,Suturing_I001_capture2,I,I001,capture2,877,1046,G6
datasets\jigsaw\Suturing\Suturing\video\Suturing_I001_capture2,Suturing_I001_capture2,I,I001,capture2,1047,1194,G4
datasets\jigsaw\Suturing\Suturing\video\Suturing_I001_capture2,Suturing_I001_capture2,I,I001,capture2,1195,1351,G2
datasets\jigsaw\Suturing\Suturing\video\Suturing_I001_capture2,Suturing_I001_capture2,I,I001,capture2,1352,1621,G3
datasets\jigsaw\Suturing\Suturing\video\Suturing_I001_capture2,Suturing_I001_capture2,I,I001,capture2,1622,1808,G6
datasets\jigsaw\Suturing\Suturing\video\Suturing_I001_capture2,Suturing_I001_capture2,I,I001,capture2,1809,2017,G4
datasets\jigsaw\Suturing\Suturing\video\Suturing_I001_capture2,Suturing_I001_capture2,I,I001,capture2,2018,2129,G2
datasets\jigsaw\Suturing\Suturing\video\Suturing_I001_capture2,Suturing_I001_capture2,I,I001,capture2,2130,2507,G3
datasets\jigsaw\Suturing\Suturing\video\Suturing_I001_capture2,Suturing_I001_capture2,I,I001,capture2,2508,2642,G6
datasets\jigsaw\Suturing\Suturing\video\Suturing_I001_capture2,Suturing_I001_capture2,I,I001,capture2,2643,2905,G4
datasets\jigsaw\Suturing\Suturing\video\Suturing_I001_capture2,Suturing_I001_capture2,I,I001,capture2,2906,3370,G10
datasets\jigsaw\Suturing\Suturing\video\Suturing_I001_capture2,Suturing_I001_capture2,I,I001,capture2,3371,3508,G2
datasets\jigsaw\Suturing\Suturing\video\Suturing_I001_capture2,Suturing_I001_capture2,I,I001,capture2,3509,3813,G3
datasets\jigsaw\Suturing\Suturing\video\Suturing_I001_capture2,Suturing_I001_capture2,I,I001,capture2,3814,4026,G6
datasets\jigsaw\Suturing\Suturing\video\Suturing_I001_capture2,Suturing_I001_capture2,I,I001,capture2,4027,4310,G11
datasets\jigsaw\Suturing\Suturing\video\Suturing_I002_capture1,Suturing_I002_capture1,I,I002,capture1,1,56,G1
datasets\jigsaw\Suturing\Suturing\video\Suturing_I002_capture1,Suturing_I002_capture1,I,I002,capture1,57,145,G5
datasets\jigsaw\Suturing\Suturing\video\Suturing_I002_capture1,Suturing_I002_capture1,I,I002,capture1,146,500,G8
datasets\jigsaw\Suturing\Suturing\video\Suturing_I002_capture1,Suturing_I002_capture1,I,I002,capture1,501,639,G2
datasets\jigsaw\Suturing\Suturing\video\Suturing_I002_capture1,Suturing_I002_capture1,I,I002,capture1,640,1105,G3
datasets\jigsaw\Suturing\Suturing\video\Suturing_I002_capture1,Suturing_I002_capture1,I,I002,capture1,1106,1370,G6
datasets\jigsaw\Suturing\Suturing\video\Suturing_I002_capture1,Suturing_I002_capture1,I,I002,capture1,1371,1600,G4
datasets\jigsaw\Suturing\Suturing\video\Suturing_I002_capture1,Suturing_I002_capture1,I,I002,capture1,1601,1942,G2
datasets\jigsaw\Suturing\Suturing\video\Suturing_I002_capture1,Suturing_I002_capture1,I,I002,capture1,1943,2313,G3
datasets\jigsaw\Suturing\Suturing\video\Suturing_I002_capture1,Suturing_I002_capture1,I,I002,capture1,2314,2630,G6
datasets\jigsaw\Suturing\Suturing\video\Suturing_I002_capture1,Suturing_I002_capture1,I,I002,capture1,2631,2752,G4
datasets\jigsaw\Suturing\Suturing\video\Suturing_I002_capture1,Suturing_I002_capture1,I,I002,capture1,2753,2971,G2
datasets\jigsaw\Suturing\Suturing\video\Suturing_I002_capture1,Suturing_I002_capture1,I,I002,capture1,2972,3307,G3
datasets\jigsaw\Suturing\Suturing\video\Suturing_I002_capture1,Suturing_I002_capture1,I,I002,capture1,3308,3451,G6
datasets\jigsaw\Suturing\Suturing\video\Suturing_I002_capture1,Suturing_I002_capture1,I,I002,capture1,3452,3623,G4
datasets\jigsaw\Suturing\Suturing\video\Suturing_I002_capture1,Suturing_I002_capture1,I,I002,capture1,3624,3814,G2
datasets\jigsaw\Suturing\Suturing\video\Suturing_I002_capture1,Suturing_I002_capture1,I,I002,capture1,3815,4209,G3
datasets\jigsaw\Suturing\Suturing\video\Suturing_I002_capture1,Suturing_I002_capture1,I,I002,capture1,4210,4324,G6
datasets\jigsaw\Suturing\Suturing\video\Suturing_I002_capture1,Suturing_I002_capture1,I,I002,capture1,4325,4412,G11
datasets\jigsaw\Suturing\Suturing\video\Suturing_I002_capture2,Suturing_I002_capture2,I,I002,capture2,1,56,G1
datasets\jigsaw\Suturing\Suturing\video\Suturing_I002_capture2,Suturing_I002_capture2,I,I002,capture2,57,145,G5
datasets\jigsaw\Suturing\Suturing\video\Suturing_I002_capture2,Suturing_I002_capture2,I,I002,capture2,146,500,G8
datasets\jigsaw\Suturing\Suturing\video\Suturing_I002_capture2,Suturing_I002_capture2,I,I002,capture2,501,639,G2
datasets\jigsaw\Suturing\Suturing\video\Suturing_I002_capture2,Suturing_I002_capture2,I,I002,capture2,640,1105,G3
datasets\jigsaw\Suturing\Suturing\video\Suturing_I002_capture2,Suturing_I002_capture2,I,I002,capture2,1106,1370,G6
datasets\jigsaw\Suturing\Suturing\video\Suturing_I002_capture2,Suturing_I002_capture2,I,I002,capture2,1371,1600,G4
datasets\jigsaw\Suturing\Suturing\video\Suturing_I002_capture2,Suturing_I002_capture2,I,I002,capture2,1601,1942,G2
datasets\jigsaw\Suturing\Suturing\video\Suturing_I002_capture2,Suturing_I002_capture2,I,I002,capture2,1943,2313,G3
datasets\jigsaw\Suturing\Suturing\video\Suturing_I002_capture2,Suturing_I002_capture2,I,I002,capture2,2314,2630,G6
datasets\jigsaw\Suturing\Suturing\video\Suturing_I002_capture2,Suturing_I002_capture2,I,I002,capture2,2631,2752,G4
datasets\jigsaw\Suturing\Suturing\video\Suturing_I002_capture2,Suturing_I002_capture2,I,I002,capture2,2753,2971,G2
datasets\jigsaw\Suturing\Suturing\video\Suturing_I002_capture2,Suturing_I002_capture2,I,I002,capture2,2972,3307,G3
datasets\jigsaw\Suturing\Suturing\video\Suturing_I002_capture2,Suturing_I002_capture2,I,I002,capture2,3308,3451,G6
datasets\jigsaw\Suturing\Suturing\video\Suturing_I002_capture2,Suturing_I002_capture2,I,I002,capture2,3452,3623,G4
datasets\jigsaw\Suturing\Suturing\video\Suturing_I002_capture2,Suturing_I002_capture2,I,I002,capture2,3624,3814,G2
datasets\jigsaw\Suturing\Suturing\video\Suturing_I002_capture2,Suturing_I002_capture2,I,I002,capture2,3815,4209,G3
datasets\jigsaw\Suturing\Suturing\video\Suturing_I002_capture2,Suturing_I002_capture2,I,I002,capture2,4210,4324,G6
datasets\jigsaw\Suturing\Suturing\video\Suturing_I002_capture2,Suturing_I002_capture2,I,I002,capture2,4325,4412,G11
datasets\jigsaw\Suturing\Suturing\video\Suturing_I003_capture1,Suturing_I003_capture1,I,I003,capture1,139,255,G1
datasets\jigsaw\Suturing\Suturing\video\Suturing_I003_capture1,Suturing_I003_capture1,I,I003,capture1,256,357,G5
datasets\jigsaw\Suturing\Suturing\video\Suturing_I003_capture1,Suturing_I003_capture1,I,I003,capture1,358,654,G8
datasets\jigsaw\Suturing\Suturing\video\Suturing_I003_capture1,Suturing_I003_capture1,I,I003,capture1,655,1250,G2
datasets\jigsaw\Suturing\Suturing\video\Suturing_I003_capture1,Suturing_I003_capture1,I,I003,capture1,1251,1387,G6
datasets\jigsaw\Suturing\Suturing\video\Suturing_I003_capture1,Suturing_I003_capture1,I,I003,capture1,1388,1620,G4
datasets\jigsaw\Suturing\Suturing\video\Suturing_I003_capture1,Suturing_I003_capture1,I,I003,capture1,1621,2015,G2
datasets\jigsaw\Suturing\Suturing\video\Suturing_I003_capture1,Suturing_I003_capture1,I,I003,capture1,2016,2241,G3
datasets\jigsaw\Suturing\Suturing\video\Suturing_I003_capture1,Suturing_I003_capture1,I,I003,capture1,2242,2443,G6
datasets\jigsaw\Suturing\Suturing\video\Suturing_I003_capture1,Suturing_I003_capture1,I,I003,capture1,2444,2604,G4
datasets\jigsaw\Suturing\Suturing\video\Suturing_I003_capture1,Suturing_I003_capture1,I,I003,capture1,2605,2866,G2
datasets\jigsaw\Suturing\Suturing\video\Suturing_I003_capture1,Suturing_I003_capture1,I,I003,capture1,2867,3346,G3
datasets\jigsaw\Suturing\Suturing\video\Suturing_I003_capture1,Suturing_I003_capture1,I,I003,capture1,3347,3563,G6
datasets\jigsaw\Suturing\Suturing\video\Suturing_I003_capture1,Suturing_I003_capture1,I,I003,capture1,3564,3675,G4
datasets\jigsaw\Suturing\Suturing\video\Suturing_I003_capture1,Suturing_I003_capture1,I,I003,capture1,3676,3793,G2
datasets\jigsaw\Suturing\Suturing\video\Suturing_I003_capture1,Suturing_I003_capture1,I,I003,capture1,3794,4025,G3
datasets\jigsaw\Suturing\Suturing\video\Suturing_I003_capture1,Suturing_I003_capture1,I,I003,capture1,4026,4169,G6
datasets\jigsaw\Suturing\Suturing\video\Suturing_I003_capture1,Suturing_I003_capture1,I,I003,capture1,4170,4284,G11
datasets\jigsaw\Suturing\Suturing\video\Suturing_I003_capture2,Suturing_I003_capture2,I,I003,capture2,139,255,G1
datasets\jigsaw\Suturing\Suturing\video\Suturing_I003_capture2,Suturing_I003_capture2,I,I003,capture2,256,357,G5
datasets\jigsaw\Suturing\Suturing\video\Suturing_I003_capture2,Suturing_I003_capture2,I,I003,capture2,358,654,G8
datasets\jigsaw\Suturing\Suturing\video\Suturing_I003_capture2,Suturing_I003_capture2,I,I003,capture2,655,1250,G2
datasets\jigsaw\Suturing\Suturing\video\Suturing_I003_capture2,Suturing_I003_capture2,I,I003,capture2,1251,1387,G6
datasets\jigsaw\Suturing\Suturing\video\Suturing_I003_capture2,Suturing_I003_capture2,I,I003,capture2,1388,1620,G4
datasets\jigsaw\Suturing\Suturing\video\Suturing_I003_capture2,Suturing_I003_capture2,I,I003,capture2,1621,2015,G2
datasets\jigsaw\Suturing\Suturing\video\Suturing_I003_capture2,Suturing_I003_capture2,I,I003,capture2,2016,2241,G3
datasets\jigsaw\Suturing\Suturing\video\Suturing_I003_capture2,Suturing_I003_capture2,I,I003,capture2,2242,2443,G6
datasets\jigsaw\Suturing\Suturing\video\Suturing_I003_capture2,Suturing_I003_capture2,I,I003,capture2,2444,2604,G4
datasets\jigsaw\Suturing\Suturing\video\Suturing_I003_capture2,Suturing_I003_capture2,I,I003,capture2,2605,2866,G2
datasets\jigsaw\Suturing\Suturing\video\Suturing_I003_capture2,Suturing_I003_capture2,I,I003,capture2,2867,3346,G3
datasets\jigsaw\Suturing\Suturing\video\Suturing_I003_capture2,Suturing_I003_capture2,I,I003,capture2,3347,3563,G6
datasets\jigsaw\Suturing\Suturing\video\Suturing_I003_capture2,Suturing_I003_capture2,I,I003,capture2,3564,3675,G4
datasets\jigsaw\Suturing\Suturing\video\Suturing_I003_capture2,Suturing_I003_capture2,I,I003,capture2,3676,3793,G2
datasets\jigsaw\Suturing\Suturing\video\Suturing_I003_capture2,Suturing_I003_capture2,I,I003,capture2,3794,4025,G3
datasets\jigsaw\Suturing\Suturing\video\Suturing_I003_capture2,Suturing_I003_capture2,I,I003,capture2,4026,4169,G6
datasets\jigsaw\Suturing\Suturing\video\Suturing_I003_capture2,Suturing_I003_capture2,I,I003,capture2,4170,4284,G11
datasets\jigsaw\Suturing\Suturing\video\Suturing_I004_capture1,Suturing_I004_capture1,I,I004,capture1,1,61,G1
datasets\jigsaw\Suturing\Suturing\video\Suturing_I004_capture1,Suturing_I004_capture1,I,I004,capture1,62,178,G5
datasets\jigsaw\Suturing\Suturing\video\Suturing_I004_capture1,Suturing_I004_capture1,I,I004,capture1,179,394,G8
datasets\jigsaw\Suturing\Suturing\video\Suturing_I004_capture1,Suturing_I004_capture1,I,I004,capture1,395,541,G2
datasets\jigsaw\Suturing\Suturing\video\Suturing_I004_capture1,Suturing_I004_capture1,I,I004,capture1,542,800,G3
datasets\jigsaw\Suturing\Suturing\video\Suturing_I004_capture1,Suturing_I004_capture1,I,I004,capture1,801,1057,G6
datasets\jigsaw\Suturing\Suturing\video\Suturing_I004_capture1,Suturing_I004_capture1,I,I004,capture1,1058,1126,G4
datasets\jigsaw\Suturing\Suturing\video\Suturing_I004_capture1,Suturing_I004_capture1,I,I004,capture1,1127,1163,G6
datasets\jigsaw\Suturing\Suturing\video\Suturing_I004_capture1,Suturing_I004_capture1,I,I004,capture1,1164,1312,G4
datasets\jigsaw\Suturing\Suturing\video\Suturing_I004_capture1,Suturing_I004_capture1,I,I004,capture1,1313,1520,G2
datasets\jigsaw\Suturing\Suturing\video\Suturing_I004_capture1,Suturing_I004_capture1,I,I004,capture1,1521,1865,G3
datasets\jigsaw\Suturing\Suturing\video\Suturing_I004_capture1,Suturing_I004_capture1,I,I004,capture1,1866,2027,G6
datasets\jigsaw\Suturing\Suturing\video\Suturing_I004_capture1,Suturing_I004_capture1,I,I004,capture1,2028,2234,G4
datasets\jigsaw\Suturing\Suturing\video\Suturing_I004_capture1,Suturing_I004_capture1,I,I004,capture1,2235,2492,G2
datasets\jigsaw\Suturing\Suturing\video\Suturing_I004_capture1,Suturing_I004_capture1,I,I004,capture1,2493,2893,G3
datasets\jigsaw\Suturing\Suturing\video\Suturing_I004_capture1,Suturing_I004_capture1,I,I004,capture1,2894,3050,G6
datasets\jigsaw\Suturing\Suturing\video\Suturing_I004_capture1,Suturing_I004_capture1,I,I004,capture1,3051,3219,G4
datasets\jigsaw\Suturing\Suturing\video\Suturing_I004_capture1,Suturing_I004_capture1,I,I004,capture1,3220,3338,G2
datasets\jigsaw\Suturing\Suturing\video\Suturing_I004_capture1,Suturing_I004_capture1,I,I004,capture1,3339,3552,G3
datasets\jigsaw\Suturing\Suturing\video\Suturing_I004_capture1,Suturing_I004_capture1,I,I004,capture1,3553,3621,G6
datasets\jigsaw\Suturing\Suturing\video\Suturing_I004_capture1,Suturing_I004_capture1,I,I004,capture1,3622,3730,G11
datasets\jigsaw\Suturing\Suturing\video\Suturing_I004_capture2,Suturing_I004_capture2,I,I004,capture2,1,61,G1
datasets\jigsaw\Suturing\Suturing\video\Suturing_I004_capture2,Suturing_I004_capture2,I,I004,capture2,62,178,G5
datasets\jigsaw\Suturing\Suturing\video\Suturing_I004_capture2,Suturing_I004_capture2,I,I004,capture2,179,394,G8
datasets\jigsaw\Suturing\Suturing\video\Suturing_I004_capture2,Suturing_I004_capture2,I,I004,capture2,395,541,G2
datasets\jigsaw\Suturing\Suturing\video\Suturing_I004_capture2,Suturing_I004_capture2,I,I004,capture2,542,800,G3
datasets\jigsaw\Suturing\Suturing\video\Suturing_I004_capture2,Suturing_I004_capture2,I,I004,capture2,801,1057,G6
datasets\jigsaw\Suturing\Suturing\video\Suturing_I004_capture2,Suturing_I004_capture2,I,I004,capture2,1058,1126,G4
datasets\jigsaw\Suturing\Suturing\video\Suturing_I004_capture2,Suturing_I004_capture2,I,I004,capture2,1127,1163,G6
datasets\jigsaw\Suturing\Suturing\video\Suturing_I004_capture2,Suturing_I004_capture2,I,I004,capture2,1164,1312,G4
datasets\jigsaw\Suturing\Suturing\video\Suturing_I004_capture2,Suturing_I004_capture2,I,I004,capture2,1313,1520,G2
datasets\jigsaw\Suturing\Suturing\video\Suturing_I004_capture2,Suturing_I004_capture2,I,I004,capture2,1521,1865,G3
datasets\jigsaw\Suturing\Suturing\video\Suturing_I004_capture2,Suturing_I004_capture2,I,I004,capture2,1866,2027,G6
datasets\jigsaw\Suturing\Suturing\video\Suturing_I004_capture2,Suturing_I004_capture2,I,I004,capture2,2028,2234,G4
datasets\jigsaw\Suturing\Suturing\video\Suturing_I004_capture2,Suturing_I004_capture2,I,I004,capture2,2235,2492,G2
datasets\jigsaw\Suturing\Suturing\video\Suturing_I004_capture2,Suturing_I004_capture2,I,I004,capture2,2493,2893,G3
datasets\jigsaw\Suturing\Suturing\video\Suturing_I004_capture2,Suturing_I004_capture2,I,I004,capture2,2894,3050,G6
datasets\jigsaw\Suturing\Suturing\video\Suturing_I004_capture2,Suturing_I004_capture2,I,I004,capture2,3051,3219,G4
datasets\jigsaw\Suturing\Suturing\video\Suturing_I004_capture2,Suturing_I004_capture2,I,I004,capture2,3220,3338,G2
datasets\jigsaw\Suturing\Suturing\video\Suturing_I004_capture2,Suturing_I004_capture2,I,I004,capture2,3339,3552,G3
datasets\jigsaw\Suturing\Suturing\video\Suturing_I004_capture2,Suturing_I004_capture2,I,I004,capture2,3553,3621,G6
datasets\jigsaw\Suturing\Suturing\video\Suturing_I004_capture2,Suturing_I004_capture2,I,I004,capture2,3622,3730,G11
datasets\jigsaw\Suturing\Suturing\video\Suturing_I005_capture1,Suturing_I005_capture1,I,I005,capture1,73,151,G1
datasets\jigsaw\Suturing\Suturing\video\Suturing_I005_capture1,Suturing_I005_capture1,I,I005,capture1,152,241,G5
datasets\jigsaw\Suturing\Suturing\video\Suturing_I005_capture1,Suturing_I005_capture1,I,I005,capture1,242,518,G8
datasets\jigsaw\Suturing\Suturing\video\Suturing_I005_capture1,Suturing_I005_capture1,I,I005,capture1,519,658,G2
datasets\jigsaw\Suturing\Suturing\video\Suturing_I005_capture1,Suturing_I005_capture1,I,I005,capture1,659,1198,G3
datasets\jigsaw\Suturing\Suturing\video\Suturing_I005_capture1,Suturing_I005_capture1,I,I005,capture1,1199,1364,G6
datasets\jigsaw\Suturing\Suturing\video\Suturing_I005_capture1,Suturing_I005_capture1,I,I005,capture1,1365,1486,G4
datasets\jigsaw\Suturing\Suturing\video\Suturing_I005_capture1,Suturing_I005_capture1,I,I005,capture1,1487,1695,G2
datasets\jigsaw\Suturing\Suturing\video\Suturing_I005_capture1,Suturing_I005_capture1,I,I005,capture1,1696,1979,G3
datasets\jigsaw\Suturing\Suturing\video\Suturing_I005_capture1,Suturing_I005_capture1,I,I005,capture1,1980,2188,G6
datasets\jigsaw\Suturing\Suturing\video\Suturing_I005_capture1,Suturing_I005_capture1,I,I005,capture1,2189,2312,G4
datasets\jigsaw\Suturing\Suturing\video\Suturing_I005_capture1,Suturing_I005_capture1,I,I005,capture1,2313,2523,G2
datasets\jigsaw\Suturing\Suturing\video\Suturing_I005_capture1,Suturing_I005_capture1,I,I005,capture1,2524,2835,G3
datasets\jigsaw\Suturing\Suturing\video\Suturing_I005_capture1,Suturing_I005_capture1,I,I005,capture1,2836,2977,G6
datasets\jigsaw\Suturing\Suturing\video\Suturing_I005_capture1,Suturing_I005_capture1,I,I005,capture1,2978,3077,G4
datasets\jigsaw\Suturing\Suturing\video\Suturing_I005_capture1,Suturing_I005_capture1,I,I005,capture1,3078,3234,G2
datasets\jigsaw\Suturing\Suturing\video\Suturing_I005_capture1,Suturing_I005_capture1,I,I005,capture1,3235,3564,G3
datasets\jigsaw\Suturing\Suturing\video\Suturing_I005_capture1,Suturing_I005_capture1,I,I005,capture1,3565,3658,G6
datasets\jigsaw\Suturing\Suturing\video\Suturing_I005_capture1,Suturing_I005_capture1,I,I005,capture1,3659,3773,G11
datasets\jigsaw\Suturing\Suturing\video\Suturing_I005_capture2,Suturing_I005_capture2,I,I005,capture2,73,151,G1
datasets\jigsaw\Suturing\Suturing\video\Suturing_I005_capture2,Suturing_I005_capture2,I,I005,capture2,152,241,G5
datasets\jigsaw\Suturing\Suturing\video\Suturing_I005_capture2,Suturing_I005_capture2,I,I005,capture2,242,518,G8
datasets\jigsaw\Suturing\Suturing\video\Suturing_I005_capture2,Suturing_I005_capture2,I,I005,capture2,519,658,G2
datasets\jigsaw\Suturing\Suturing\video\Suturing_I005_capture2,Suturing_I005_capture2,I,I005,capture2,659,1198,G3
datasets\jigsaw\Suturing\Suturing\video\Suturing_I005_capture2,Suturing_I005_capture2,I,I005,capture2,1199,1364,G6
datasets\jigsaw\Suturing\Suturing\video\Suturing_I005_capture2,Suturing_I005_capture2,I,I005,capture2,1365,1486,G4
datasets\jigsaw\Suturing\Suturing\video\Suturing_I005_capture2,Suturing_I005_capture2,I,I005,capture2,1487,1695,G2
datasets\jigsaw\Suturing\Suturing\video\Suturing_I005_capture2,Suturing_I005_capture2,I,I005,capture2,1696,1979,G3
datasets\jigsaw\Suturing\Suturing\video\Suturing_I005_capture2,Suturing_I005_capture2,I,I005,capture2,1980,2188,G6
datasets\jigsaw\Suturing\Suturing\video\Suturing_I005_capture2,Suturing_I005_capture2,I,I005,capture2,2189,2312,G4
datasets\jigsaw\Suturing\Suturing\video\Suturing_I005_capture2,Suturing_I005_capture2,I,I005,capture2,2313,2523,G2
datasets\jigsaw\Suturing\Suturing\video\Suturing_I005_capture2,Suturing_I005_capture2,I,I005,capture2,2524,2835,G3
datasets\jigsaw\Suturing\Suturing\video\Suturing_I005_capture2,Suturing_I005_capture2,I,I005,capture2,2836,2977,G6
datasets\jigsaw\Suturing\Suturing\video\Suturing_I005_capture2,Suturing_I005_capture2,I,I005,capture2,2978,3077,G4
datasets\jigsaw\Suturing\Suturing\video\Suturing_I005_capture2,Suturing_I005_capture2,I,I005,capture2,3078,3234,G2
datasets\jigsaw\Suturing\Suturing\video\Suturing_I005_capture2,Suturing_I005_capture2,I,I005,capture2,3235,3564,G3
datasets\jigsaw\Suturing\Suturing\video\Suturing_I005_capture2,Suturing_I005_capture2,I,I005,capture2,3565,3658,G6
datasets\jigsaw\Suturing\Suturing\video\Suturing_I005_capture2,Suturing_I005_capture2,I,I005,capture2,3659,3773,G11
