Path,Video,Subject,SuperTrial,Capture,StartFrame,EndFrame,Gesture
datasets\jigsaw\Needle_Passing\Needle_Passing\video\Needle_Passing_B001_capture1,Needle_Passing_B001_capture1,B,B001,capture1,166,586,G1
datasets\jigsaw\Needle_Passing\Needle_Passing\video\Needle_Passing_B001_capture1,Needle_Passing_B001_capture1,B,B001,capture1,587,794,G2
datasets\jigsaw\Needle_Passing\Needle_Passing\video\Needle_Passing_B001_capture1,Needle_Passing_B001_capture1,B,B001,capture1,795,821,G3
datasets\jigsaw\Needle_Passing\Needle_Passing\video\Needle_Passing_B001_capture1,Needle_Passing_B001_capture1,B,B001,capture1,822,962,G6
datasets\jigsaw\Needle_Passing\Needle_Passing\video\Needle_Passing_B001_capture1,Needle_Passing_B001_capture1,B,B001,capture1,963,1113,G4
datasets\jigsaw\Needle_Passing\Needle_Passing\video\Needle_Passing_B001_capture1,Needle_Passing_B001_capture1,B,B001,capture1,1114,1448,G2
datasets\jigsaw\Needle_Passing\Needle_Passing\video\Needle_Passing_B001_capture1,Needle_Passing_B001_capture1,B,B001,capture1,1449,1492,G3
datasets\jigsaw\Needle_Passing\Needle_Passing\video\Needle_Passing_B001_capture1,Needle_Passing_B001_capture1,B,B001,capture1,1493,1631,G6
datasets\jigsaw\Needle_Passing\Needle_Passing\video\Needle_Passing_B001_capture1,Needle_Passing_B001_capture1,B,B001,capture1,1632,1775,G4
datasets\jigsaw\Needle_Passing\Needle_Passing\video\Needle_Passing_B001_capture1,Needle_Passing_B001_capture1,B,B001,capture1,1776,2184,G2
datasets\jigsaw\Needle_Passing\Needle_Passing\video\Needle_Passing_B001_capture1,Needle_Passing_B001_capture1,B,B001,capture1,2185,2340,G3
datasets\jigsaw\Needle_Passing\Needle_Passing\video\Needle_Passing_B001_capture1,Needle_Passing_B001_capture1,B,B001,capture1,2341,2498,G6
datasets\jigsaw\Needle_Passing\Needle_Passing\video\Needle_Passing_B001_capture1,Needle_Passing_B001_capture1,B,B001,capture1,2499,2655,G4
datasets\jigsaw\Needle_Passing\Needle_Passing\video\Needle_Passing_B001_capture1,Needle_Passing_B001_capture1,B,B001,capture1,2656,2875,G2
datasets\jigsaw\Needle_Passing\Needle_Passing\video\Needle_Passing_B001_capture1,Needle_Passing_B001_capture1,B,B001,capture1,2876,2922,G3
datasets\jigsaw\Needle_Passing\Needle_Passing\video\Needle_Passing_B001_capture1,Needle_Passing_B001_capture1,B,B001,capture1,2923,3056,G6
datasets\jigsaw\Needle_Passing\Needle_Passing\video\Needle_Passing_B001_capture1,Needle_Passing_B001_capture1,B,B001,capture1,3057,3330,G11
datasets\jigsaw\Needle_Passing\Needle_Passing\video\Needle_Passing_B001_capture2,Needle_Passing_B001_capture2,B,B001,capture2,166,586,G1
datasets\jigsaw\Needle_Passing\Needle_Passing\video\Needle_Passing_B001_capture2,Needle_Passing_B001_capture2,B,B001,capture2,587,794,G2
datasets\jigsaw\Needle_Passing\Needle_Passing\video\Needle_Passing_B001_capture2,Needle_Passing_B001_capture2,B,B001,capture2,795,821,G3
datasets\jigsaw\Needle_Passing\Needle_Passing\video\Needle_Passing_B001_capture2,Needle_Passing_B001_capture2,B,B001,capture2,822,962,G6
datasets\jigsaw\Needle_Passing\Needle_Passing\video\Needle_Passing_B001_capture2,Needle_Passing_B001_capture2,B,B001,capture2,963,1113,G4
datasets\jigsaw\Needle_Passing\Needle_Passing\video\Needle_Passing_B001_capture2,Needle_Passing_B001_capture2,B,B001,capture2,1114,1448,G2
datasets\jigsaw\Needle_Passing\Needle_Passing\video\Needle_Passing_B001_capture2,Needle_Passing_B001_capture2,B,B001,capture2,1449,1492,G3
datasets\jigsaw\Needle_Passing\Needle_Passing\video\Needle_Passing_B001_capture2,Needle_Passing_B001_capture2,B,B001,capture2,1493,1631,G6
datasets\jigsaw\Needle_Passing\Needle_Passing\video\Needle_Passing_B001_capture2,Needle_Passing_B001_capture2,B,B001,capture2,1632,1775,G4
datasets\jigsaw\Needle_Passing\Needle_Passing\video\Needle_Passing_B001_capture2,Needle_Passing_B001_capture2,B,B001,capture2,1776,2184,G2
datasets\jigsaw\Needle_Passing\Needle_Passing\video\Needle_Passing_B001_capture2,Needle_Passing_B001_capture2,B,B001,capture2,2185,2340,G3
datasets\jigsaw\Needle_Passing\Needle_Passing\video\Needle_Passing_B001_capture2,Needle_Passing_B001_capture2,B,B001,capture2,2341,2498,G6
datasets\jigsaw\Needle_Passing\Needle_Passing\video\Needle_Passing_B001_capture2,Needle_Passing_B001_capture2,B,B001,capture2,2499,2655,G4
datasets\jigsaw\Needle_Passing\Needle_Passing\video\Needle_Passing_B001_capture2,Needle_Passing_B001_capture2,B,B001,capture2,2656,2875,G2
datasets\jigsaw\Needle_Passing\Needle_Passing\video\Needle_Passing_B001_capture2,Needle_Passing_B001_capture2,B,B001,capture2,2876,2922,G3
datasets\jigsaw\Needle_Passing\Needle_Passing\video\Needle_Passing_B001_capture2,Needle_Passing_B001_capture2,B,B001,capture2,2923,3056,G6
datasets\jigsaw\Needle_Passing\Needle_Passing\video\Needle_Passing_B001_capture2,Needle_Passing_B001_capture2,B,B001,capture2,3057,3330,G11
datasets\jigsaw\Needle_Passing\Needle_Passing\video\Needle_Passing_B002_capture1,Needle_Passing_B002_capture1,B,B002,capture1,32,337,G1
datasets\jigsaw\Needle_Passing\Needle_Passing\video\Needle_Passing_B002_capture1,Needle_Passing_B002_capture1,B,B002,capture1,338,522,G2
datasets\jigsaw\Needle_Passing\Needle_Passing\video\Needle_Passing_B002_capture1,Needle_Passing_B002_capture1,B,B002,capture1,523,625,G3
datasets\jigsaw\Needle_Passing\Needle_Passing\video\Needle_Passing_B002_capture1,Needle_Passing_B002_capture1,B,B002,capture1,626,1132,G6
datasets\jigsaw\Needle_Passing\Needle_Passing\video\Needle_Passing_B002_capture1,Needle_Passing_B002_capture1,B,B002,capture1,1133,1301,G4
datasets\jigsaw\Needle_Passing\Needle_Passing\video\Needle_Passing_B002_capture1,Needle_Passing_B002_capture1,B,B002,capture1,1302,1471,G2
datasets\jigsaw\Needle_Passing\Needle_Passing\video\Needle_Passing_B002_capture1,Needle_Passing_B002_capture1,B,B002,capture1,1472,1531,G3
datasets\jigsaw\Needle_Passing\Needle_Passing\video\Needle_Passing_B002_capture1,Needle_Passing_B002_capture1,B,B002,capture1,1532,1688,G6
datasets\jigsaw\Needle_Passing\Needle_Passing\video\Needle_Passing_B002_capture1,Needle_Passing_B002_capture1,B,B002,capture1,1689,1800,G4
datasets\jigsaw\Needle_Passing\Needle_Passing\video\Needle_Passing_B002_capture1,Needle_Passing_B002_capture1,B,B002,capture1,1801,2099,G2
datasets\jigsaw\Needle_Passing\Needle_Passing\video\Needle_Passing_B002_capture1,Needle_Passing_B002_capture1,B,B002,capture1,2100,2371,G3
datasets\jigsaw\Needle_Passing\Needle_Passing\video\Needle_Passing_B002_capture1,Needle_Passing_B002_capture1,B,B002,capture1,2372,2470,G6
datasets\jigsaw\Needle_Passing\Needle_Passing\video\Needle_Passing_B002_capture1,Needle_Passing_B002_capture1,B,B002,capture1,2471,2577,G4
datasets\jigsaw\Needle_Passing\Needle_Passing\video\Needle_Passing_B002_capture1,Needle_Passing_B002_capture1,B,B002,capture1,2578,2733,G2
datasets\jigsaw\Needle_Passing\Needle_Passing\video\Needle_Passing_B002_capture1,Needle_Passing_B002_capture1,B,B002,capture1,2734,2807,G3
datasets\jigsaw\Needle_Passing\Needle_Passing\video\Needle_Passing_B002_capture1,Needle_Passing_B002_capture1,B,B002,capture1,2808,2931,G6
datasets\jigsaw\Needle_Passing\Needle_Passing\video\Needle_Passing_B002_capture1,Needle_Passing_B002_capture1,B,B002,capture1,2932,3080,G11
datasets\jigsaw\Needle_Passing\Needle_Passing\video\Needle_Passing_B002_capture2,Needle_Passing_B002_capture2,B,B002,capture2,32,337,G1
datasets\jigsaw\Needle_Passing\Needle_Passing\video\Needle_Passing_B002_capture2,Needle_Passing_B002_capture2,B,B002,capture2,338,522,G2
datasets\jigsaw\Needle_Passing\Needle_Passing\video\Needle_Passing_B002_capture2,Needle_Passing_B002_capture2,B,B002,capture2,523,625,G3
datasets\jigsaw\Needle_Passing\Needle_Passing\video\Needle_Passing_B002_capture2,Needle_Passing_B002_capture2,B,B002,capture2,626,1132,G6
datasets\jigsaw\Needle_Passing\Needle_Passing\video\Needle_Passing_B002_capture2,Needle_Passing_B002_capture2,B,B002,capture2,1133,1301,G4
datasets\jigsaw\Needle_Passing\Needle_Passing\video\Needle_Passing_B002_capture2,Needle_Passing_B002_capture2,B,B002,capture2,1302,1471,G2
datasets\jigsaw\Needle_Passing\Needle_Passing\video\Needle_Passing_B002_capture2,Needle_Passing_B002_capture2,B,B002,capture2,1472,1531,G3
datasets\jigsaw\Needle_Passing\Needle_Passing\video\Needle_Passing_B002_capture2,Needle_Passing_B002_capture2,B,B002,capture2,1532,1688,G6
datasets\jigsaw\Needle_Passing\Needle_Passing\video\Needle_Passing_B002_capture2,Needle_Passing_B002_capture2,B,B002,capture2,1689,1800,G4
datasets\jigsaw\Needle_Passing\Needle_Passing\video\Needle_Passing_B002_capture2,Needle_Passing_B002_capture2,B,B002,capture2,1801,2099,G2
datasets\jigsaw\Needle_Passing\Needle_Passing\video\Needle_Passing_B002_capture2,Needle_Passing_B002_capture2,B,B002,capture2,2100,2371,G3
datasets\jigsaw\Needle_Passing\Needle_Passing\video\Needle_Passing_B002_capture2,Needle_Passing_B002_capture2,B,B002,capture2,2372,2470,G6
datasets\jigsaw\Needle_Passing\Needle_Passing\video\Needle_Passing_B002_capture2,Needle_Passing_B002_capture2,B,B002,capture2,2471,2577,G4
datasets\jigsaw\Needle_Passing\Needle_Passing\video\Needle_Passing_B002_capture2,Needle_Passing_B002_capture2,B,B002,capture2,2578,2733,G2
datasets\jigsaw\Needle_Passing\Needle_Passing\video\Needle_Passing_B002_capture2,Needle_Passing_B002_capture2,B,B002,capture2,2734,2807,G3
datasets\jigsaw\Needle_Passing\Needle_Passing\video\Needle_Passing_B002_capture2,Needle_Passing_B002_capture2,B,B002,capture2,2808,2931,G6
datasets\jigsaw\Needle_Passing\Needle_Passing\video\Needle_Passing_B002_capture2,Needle_Passing_B002_capture2,B,B002,capture2,2932,3080,G11
datasets\jigsaw\Needle_Passing\Needle_Passing\video\Needle_Passing_B003_capture1,Needle_Passing_B003_capture1,B,B003,capture1,38,173,G1
datasets\jigsaw\Needle_Passing\Needle_Passing\video\Needle_Passing_B003_capture1,Needle_Passing_B003_capture1,B,B003,capture1,174,611,G2
datasets\jigsaw\Needle_Passing\Needle_Passing\video\Needle_Passing_B003_capture1,Needle_Passing_B003_capture1,B,B003,capture1,612,715,G3
datasets\jigsaw\Needle_Passing\Needle_Passing\video\Needle_Passing_B003_capture1,Needle_Passing_B003_capture1,B,B003,capture1,716,840,G6
datasets\jigsaw\Needle_Passing\Needle_Passing\video\Needle_Passing_B003_capture1,Needle_Passing_B003_capture1,B,B003,capture1,841,962,G4
datasets\jigsaw\Needle_Passing\Needle_Passing\video\Needle_Passing_B003_capture1,Needle_Passing_B003_capture1,B,B003,capture1,963,1456,G2
datasets\jigsaw\Needle_Passing\Needle_Passing\video\Needle_Passing_B003_capture1,Needle_Passing_B003_capture1,B,B003,capture1,1457,1583,G3
datasets\jigsaw\Needle_Passing\Needle_Passing\video\Needle_Passing_B003_capture1,Needle_Passing_B003_capture1,B,B003,capture1,1584,1772,G6
datasets\jigsaw\Needle_Passing\Needle_Passing\video\Needle_Passing_B003_capture1,Needle_Passing_B003_capture1,B,B003,capture1,1773,2014,G4
datasets\jigsaw\Needle_Passing\Needle_Passing\video\Needle_Passing_B003_capture1,Needle_Passing_B003_capture1,B,B003,capture1,2015,2215,G2
datasets\jigsaw\Needle_Passing\Needle_Passing\video\Needle_Passing_B003_capture1,Needle_Passing_B003_capture1,B,B003,capture1,2216,2445,G6
datasets\jigsaw\Needle_Passing\Needle_Passing\video\Needle_Passing_B003_capture1,Needle_Passing_B003_capture1,B,B003,capture1,2446,2562,G4
datasets\jigsaw\Needle_Passing\Needle_Passing\video\Needle_Passing_B003_capture1,Needle_Passing_B003_capture1,B,B003,capture1,2563,2750,G2
datasets\jigsaw\Needle_Passing\Needle_Passing\video\Needle_Passing_B003_capture1,Needle_Passing_B003_capture1,B,B003,capture1,2751,2845,G3
datasets\jigsaw\Needle_Passing\Needle_Passing\video\Needle_Passing_B003_capture1,Needle_Passing_B003_capture1,B,B003,capture1,2846,2965,G6
datasets\jigsaw\Needle_Passing\Needle_Passing\video\Needle_Passing_B003_capture1,Needle_Passing_B003_capture1,B,B003,capture1,2966,3238,G11
datasets\jigsaw\Needle_Passing\Needle_Passing\video\Needle_Passing_B003_capture2,Needle_Passing_B003_capture2,B,B003,capture2,38,173,G1
datasets\jigsaw\Needle_Passing\Needle_Passing\video\Needle_Passing_B003_capture2,Needle_Passing_B003_capture2,B,B003,capture2,174,611,G2
datasets\jigsaw\Needle_Passing\Needle_Passing\video\Needle_Passing_B003_capture2,Needle_Passing_B003_capture2,B,B003,capture2,612,715,G3
datasets\jigsaw\Needle_Passing\Needle_Passing\video\Needle_Passing_B003_capture2,Needle_Passing_B003_capture2,B,B003,capture2,716,840,G6
datasets\jigsaw\Needle_Passing\Needle_Passing\video\Needle_Passing_B003_capture2,Needle_Passing_B003_capture2,B,B003,capture2,841,962,G4
datasets\jigsaw\Needle_Passing\Needle_Passing\video\Needle_Passing_B003_capture2,Needle_Passing_B003_capture2,B,B003,capture2,963,1456,G2
datasets\jigsaw\Needle_Passing\Needle_Passing\video\Needle_Passing_B003_capture2,Needle_Passing_B003_capture2,B,B003,capture2,1457,1583,G3
datasets\jigsaw\Needle_Passing\Needle_Passing\video\Needle_Passing_B003_capture2,Needle_Passing_B003_capture2,B,B003,capture2,1584,1772,G6
datasets\jigsaw\Needle_Passing\Needle_Passing\video\Needle_Passing_B003_capture2,Needle_Passing_B003_capture2,B,B003,capture2,1773,2014,G4
datasets\jigsaw\Needle_Passing\Needle_Passing\video\Needle_Passing_B003_capture2,Needle_Passing_B003_capture2,B,B003,capture2,2015,2215,G2
datasets\jigsaw\Needle_Passing\Needle_Passing\video\Needle_Passing_B003_capture2,Needle_Passing_B003_capture2,B,B003,capture2,2216,2445,G6
datasets\jigsaw\Needle_Passing\Needle_Passing\video\Needle_Passing_B003_capture2,Needle_Passing_B003_capture2,B,B003,capture2,2446,2562,G4
datasets\jigsaw\Needle_Passing\Needle_Passing\video\Needle_Passing_B003_capture2,Needle_Passing_B003_capture2,B,B003,capture2,2563,2750,G2
datasets\jigsaw\Needle_Passing\Needle_Passing\video\Needle_Passing_B003_capture2,Needle_Passing_B003_capture2,B,B003,capture2,2751,2845,G3
datasets\jigsaw\Needle_Passing\Needle_Passing\video\Needle_Passing_B003_capture2,Needle_Passing_B003_capture2,B,B003,capture2,2846,2965,G6
datasets\jigsaw\Needle_Passing\Needle_Passing\video\Needle_Passing_B003_capture2,Needle_Passing_B003_capture2,B,B003,capture2,2966,3238,G11
datasets\jigsaw\Needle_Passing\Needle_Passing\video\Needle_Passing_B004_capture1,Needle_Passing_B004_capture1,B,B004,capture1,31,185,G1
datasets\jigsaw\Needle_Passing\Needle_Passing\video\Needle_Passing_B004_capture1,Needle_Passing_B004_capture1,B,B004,capture1,186,515,G2
datasets\jigsaw\Needle_Passing\Needle_Passing\video\Needle_Passing_B004_capture1,Needle_Passing_B004_capture1,B,B004,capture1,516,686,G3
datasets\jigsaw\Needle_Passing\Needle_Passing\video\Needle_Passing_B004_capture1,Needle_Passing_B004_capture1,B,B004,capture1,687,872,G6
datasets\jigsaw\Needle_Passing\Needle_Passing\video\Needle_Passing_B004_capture1,Needle_Passing_B004_capture1,B,B004,capture1,873,980,G4
datasets\jigsaw\Needle_Passing\Needle_Passing\video\Needle_Passing_B004_capture1,Needle_Passing_B004_capture1,B,B004,capture1,981,1199,G2
datasets\jigsaw\Needle_Passing\Needle_Passing\video\Needle_Passing_B004_capture1,Needle_Passing_B004_capture1,B,B004,capture1,1200,1282,G3
datasets\jigsaw\Needle_Passing\Needle_Passing\video\Needle_Passing_B004_capture1,Needle_Passing_B004_capture1,B,B004,capture1,1283,1392,G6
datasets\jigsaw\Needle_Passing\Needle_Passing\video\Needle_Passing_B004_capture1,Needle_Passing_B004_capture1,B,B004,capture1,1393,1486,G4
datasets\jigsaw\Needle_Passing\Needle_Passing\video\Needle_Passing_B004_capture1,Needle_Passing_B004_capture1,B,B004,capture1,1487,1666,G2
datasets\jigsaw\Needle_Passing\Needle_Passing\video\Needle_Passing_B004_capture1,Needle_Passing_B004_capture1,B,B004,capture1,1667,1745,G3
datasets\jigsaw\Needle_Passing\Needle_Passing\video\Needle_Passing_B004_capture1,Needle_Passing_B004_capture1,B,B004,capture1,1746,1891,G6
datasets\jigsaw\Needle_Passing\Needle_Passing\video\Needle_Passing_B004_capture1,Needle_Passing_B004_capture1,B,B004,capture1,1892,2008,G4
datasets\jigsaw\Needle_Passing\Needle_Passing\video\Needle_Passing_B004_capture1,Needle_Passing_B004_capture1,B,B004,capture1,2009,2316,G2
datasets\jigsaw\Needle_Passing\Needle_Passing\video\Needle_Passing_B004_capture1,Needle_Passing_B004_capture1,B,B004,capture1,2317,2404,G3
datasets\jigsaw\Needle_Passing\Needle_Passing\video\Needle_Passing_B004_capture1,Needle_Passing_B004_capture1,B,B004,capture1,2405,2625,G6
datasets\jigsaw\Needle_Passing\Needle_Passing\video\Needle_Passing_B004_capture1,Needle_Passing_B004_capture1,B,B004,capture1,2626,2780,G11
datasets\jigsaw\Needle_Passing\Needle_Passing\video\Needle_Passing_B004_capture2,Needle_Passing_B004_capture2,B,B004,capture2,31,185,G1
datasets\jigsaw\Needle_Passing\Needle_Passing\video\Needle_Passing_B004_capture2,Needle_Passing_B004_capture2,B,B004,capture2,186,515,G2
datasets\jigsaw\Needle_Passing\Needle_Passing\video\Needle_Passing_B004_capture2,Needle_Passing_B004_capture2,B,B004,capture2,516,686,G3
datasets\jigsaw\Needle_Passing\Needle_Passing\video\Needle_Passing_B004_capture2,Needle_Passing_B004_capture2,B,B004,capture2,687,872,G6
datasets\jigsaw\Needle_Passing\Needle_Passing\video\Needle_Passing_B004_capture2,Needle_Passing_B004_capture2,B,B004,capture2,873,980,G4
datasets\jigsaw\Needle_Passing\Needle_Passing\video\Needle_Passing_B004_capture2,Needle_Passing_B004_capture2,B,B004,capture2,981,1199,G2
datasets\jigsaw\Needle_Passing\Needle_Passing\video\Needle_Passing_B004_capture2,Needle_Passing_B004_capture2,B,B004,capture2,1200,1282,G3
datasets\jigsaw\Needle_Passing\Needle_Passing\video\Needle_Passing_B004_capture2,Needle_Passing_B004_capture2,B,B004,capture2,1283,1392,G6
datasets\jigsaw\Needle_Passing\Needle_Passing\video\Needle_Passing_B004_capture2,Needle_Passing_B004_capture2,B,B004,capture2,1393,1486,G4
datasets\jigsaw\Needle_Passing\Needle_Passing\video\Needle_Passing_B004_capture2,Needle_Passing_B004_capture2,B,B004,capture2,1487,1666,G2
datasets\jigsaw\Needle_Passing\Needle_Passing\video\Needle_Passing_B004_capture2,Needle_Passing_B004_capture2,B,B004,capture2,1667,1745,G3
datasets\jigsaw\Needle_Passing\Needle_Passing\video\Needle_Passing_B004_capture2,Needle_Passing_B004_capture2,B,B004,capture2,1746,1891,G6
datasets\jigsaw\Needle_Passing\Needle_Passing\video\Needle_Passing_B004_capture2,Needle_Passing_B004_capture2,B,B004,capture2,1892,2008,G4
datasets\jigsaw\Needle_Passing\Needle_Passing\video\Needle_Passing_B004_capture2,Needle_Passing_B004_capture2,B,B004,capture2,2009,2316,G2
datasets\jigsaw\Needle_Passing\Needle_Passing\video\Needle_Passing_B004_capture2,Needle_Passing_B004_capture2,B,B004,capture2,2317,2404,G3
datasets\jigsaw\Needle_Passing\Needle_Passing\video\Needle_Passing_B004_capture2,Needle_Passing_B004_capture2,B,B004,capture2,2405,2625,G6
datasets\jigsaw\Needle_Passing\Needle_Passing\video\Needle_Passing_B004_capture2,Needle_Passing_B004_capture2,B,B004,capture2,2626,2780,G11
datasets\jigsaw\Needle_Passing\Needle_Passing\video\Needle_Passing_C001_capture1,Needle_Passing_C001_capture1,C,C001,capture1,27,65,G1
datasets\jigsaw\Needle_Passing\Needle_Passing\video\Needle_Passing_C001_capture1,Needle_Passing_C001_capture1,C,C001,capture1,66,156,G5
datasets\jigsaw\Needle_Passing\Needle_Passing\video\Needle_Passing_C001_capture1,Needle_Passing_C001_capture1,C,C001,capture1,157,315,G8
datasets\jigsaw\Needle_Passing\Needle_Passing\video\Needle_Passing_C001_capture1,Needle_Passing_C001_capture1,C,C001,capture1,316,485,G2
datasets\jigsaw\Needle_Passing\Needle_Passing\video\Needle_Passing_C001_capture1,Needle_Passing_C001_capture1,C,C001,capture1,486,553,G3
datasets\jigsaw\Needle_Passing\Needle_Passing\video\Needle_Passing_C001_capture1,Needle_Passing_C001_capture1,C,C001,capture1,554,635,G6
datasets\jigsaw\Needle_Passing\Needle_Passing\video\Needle_Passing_C001_capture1,Needle_Passing_C001_capture1,C,C001,capture1,636,701,G4
datasets\jigsaw\Needle_Passing\Needle_Passing\video\Needle_Passing_C001_capture1,Needle_Passing_C001_capture1,C,C001,capture1,702,1826,G2
datasets\jigsaw\Needle_Passing\Needle_Passing\video\Needle_Passing_C001_capture1,Needle_Passing_C001_capture1,C,C001,capture1,1827,1931,G3
datasets\jigsaw\Needle_Passing\Needle_Passing\video\Needle_Passing_C001_capture1,Needle_Passing_C001_capture1,C,C001,capture1,1932,2149,G6
datasets\jigsaw\Needle_Passing\Needle_Passing\video\Needle_Passing_C001_capture1,Needle_Passing_C001_capture1,C,C001,capture1,2150,2236,G4
datasets\jigsaw\Needle_Passing\Needle_Passing\video\Needle_Passing_C001_capture1,Needle_Passing_C001_capture1,C,C001,capture1,2237,2428,G2
datasets\jigsaw\Needle_Passing\Needle_Passing\video\Needle_Passing_C001_capture1,Needle_Passing_C001_capture1,C,C001,capture1,2429,2503,G3
datasets\jigsaw\Needle_Passing\Needle_Passing\video\Needle_Passing_C001_capture1,Needle_Passing_C001_capture1,C,C001,capture1,2504,2603,G6
datasets\jigsaw\Needle_Passing\Needle_Passing\video\Needle_Passing_C001_capture1,Needle_Passing_C001_capture1,C,C001,capture1,2604,2675,G4
datasets\jigsaw\Needle_Passing\Needle_Passing\video\Needle_Passing_C001_capture1,Needle_Passing_C001_capture1,C,C001,capture1,2676,3072,G2
datasets\jigsaw\Needle_Passing\Needle_Passing\video\Needle_Passing_C001_capture1,Needle_Passing_C001_capture1,C,C001,capture1,3073,3182,G3
datasets\jigsaw\Needle_Passing\Needle_Passing\video\Needle_Passing_C001_capture1,Needle_Passing_C001_capture1,C,C001,capture1,3183,3396,G6
datasets\jigsaw\Needle_Passing\Needle_Passing\video\Needle_Passing_C001_capture1,Needle_Passing_C001_capture1,C,C001,capture1,3397,3560,G4
datasets\jigsaw\Needle_Passing\Needle_Passing\video\Needle_Passing_C001_capture1,Needle_Passing_C001_capture1,C,C001,capture1,3561,3912,G2
datasets\jigsaw\Needle_Passing\Needle_Passing\video\Needle_Passing_C001_capture1,Needle_Passing_C001_capture1,C,C001,capture1,3913,4001,G3
datasets\jigsaw\Needle_Passing\Needle_Passing\video\Needle_Passing_C001_capture1,Needle_Passing_C001_capture1,C,C001,capture1,4002,4188,G6
datasets\jigsaw\Needle_Passing\Needle_Passing\video\Needle_Passing_C001_capture1,Needle_Passing_C001_capture1,C,C001,capture1,4189,4313,G11
datasets\jigsaw\Needle_Passing\Needle_Passing\video\Needle_Passing_C001_capture2,Needle_Passing_C001_capture2,C,C001,capture2,27,65,G1
datasets\jigsaw\Needle_Passing\Needle_Passing\video\Needle_Passing_C001_capture2,Needle_Passing_C001_capture2,C,C001,capture2,66,156,G5
datasets\jigsaw\Needle_Passing\Needle_Passing\video\Needle_Passing_C001_capture2,Needle_Passing_C001_capture2,C,C001,capture2,157,315,G8
datasets\jigsaw\Needle_Passing\Needle_Passing\video\Needle_Passing_C001_capture2,Needle_Passing_C001_capture2,C,C001,capture2,316,485,G2
datasets\jigsaw\Needle_Passing\Needle_Passing\video\Needle_Passing_C001_capture2,Needle_Passing_C001_capture2,C,C001,capture2,486,553,G3
datasets\jigsaw\Needle_Passing\Needle_Passing\video\Needle_Passing_C001_capture2,Needle_Passing_C001_capture2,C,C001,capture2,554,635,G6
datasets\jigsaw\Needle_Passing\Needle_Passing\video\Needle_Passing_C001_capture2,Needle_Passing_C001_capture2,C,C001,capture2,636,701,G4
datasets\jigsaw\Needle_Passing\Needle_Passing\video\Needle_Passing_C001_capture2,Needle_Passing_C001_capture2,C,C001,capture2,702,1826,G2
datasets\jigsaw\Needle_Passing\Needle_Passing\video\Needle_Passing_C001_capture2,Needle_Passing_C001_capture2,C,C001,capture2,1827,1931,G3
datasets\jigsaw\Needle_Passing\Needle_Passing\video\Needle_Passing_C001_capture2,Needle_Passing_C001_capture2,C,C001,capture2,1932,2149,G6
datasets\jigsaw\Needle_Passing\Needle_Passing\video\Needle_Passing_C001_capture2,Needle_Passing_C001_capture2,C,C001,capture2,2150,2236,G4
datasets\jigsaw\Needle_Passing\Needle_Passing\video\Needle_Passing_C001_capture2,Needle_Passing_C001_capture2,C,C001,capture2,2237,2428,G2
datasets\jigsaw\Needle_Passing\Needle_Passing\video\Needle_Passing_C001_capture2,Needle_Passing_C001_capture2,C,C001,capture2,2429,2503,G3
datasets\jigsaw\Needle_Passing\Needle_Passing\video\Needle_Passing_C001_capture2,Needle_Passing_C001_capture2,C,C001,capture2,2504,2603,G6
datasets\jigsaw\Needle_Passing\Needle_Passing\video\Needle_Passing_C001_capture2,Needle_Passing_C001_capture2,C,C001,capture2,2604,2675,G4
datasets\jigsaw\Needle_Passing\Needle_Passing\video\Needle_Passing_C001_capture2,Needle_Passing_C001_capture2,C,C001,capture2,2676,3072,G2
datasets\jigsaw\Needle_Passing\Needle_Passing\video\Needle_Passing_C001_capture2,Needle_Passing_C001_capture2,C,C001,capture2,3073,3182,G3
datasets\jigsaw\Needle_Passing\Needle_Passing\video\Needle_Passing_C001_capture2,Needle_Passing_C001_capture2,C,C001,capture2,3183,3396,G6
datasets\jigsaw\Needle_Passing\Needle_Passing\video\Needle_Passing_C001_capture2,Needle_Passing_C001_capture2,C,C001,capture2,3397,3560,G4
datasets\jigsaw\Needle_Passing\Needle_Passing\video\Needle_Passing_C001_capture2,Needle_Passing_C001_capture2,C,C001,capture2,3561,3912,G2
datasets\jigsaw\Needle_Passing\Needle_Passing\video\Needle_Passing_C001_capture2,Needle_Passing_C001_capture2,C,C001,capture2,3913,4001,G3
datasets\jigsaw\Needle_Passing\Needle_Passing\video\Needle_Passing_C001_capture2,Needle_Passing_C001_capture2,C,C001,capture2,4002,4188,G6
datasets\jigsaw\Needle_Passing\Needle_Passing\video\Needle_Passing_C001_capture2,Needle_Passing_C001_capture2,C,C001,capture2,4189,4313,G11
datasets\jigsaw\Needle_Passing\Needle_Passing\video\Needle_Passing_C002_capture1,Needle_Passing_C002_capture1,C,C002,capture1,50,141,G1
datasets\jigsaw\Needle_Passing\Needle_Passing\video\Needle_Passing_C002_capture1,Needle_Passing_C002_capture1,C,C002,capture1,142,247,G5
datasets\jigsaw\Needle_Passing\Needle_Passing\video\Needle_Passing_C002_capture1,Needle_Passing_C002_capture1,C,C002,capture1,248,472,G8
datasets\jigsaw\Needle_Passing\Needle_Passing\video\Needle_Passing_C002_capture1,Needle_Passing_C002_capture1,C,C002,capture1,473,616,G2
datasets\jigsaw\Needle_Passing\Needle_Passing\video\Needle_Passing_C002_capture1,Needle_Passing_C002_capture1,C,C002,capture1,617,762,G3
datasets\jigsaw\Needle_Passing\Needle_Passing\video\Needle_Passing_C002_capture1,Needle_Passing_C002_capture1,C,C002,capture1,763,963,G6
datasets\jigsaw\Needle_Passing\Needle_Passing\video\Needle_Passing_C002_capture1,Needle_Passing_C002_capture1,C,C002,capture1,964,1029,G4
datasets\jigsaw\Needle_Passing\Needle_Passing\video\Needle_Passing_C002_capture1,Needle_Passing_C002_capture1,C,C002,capture1,1030,1386,G2
datasets\jigsaw\Needle_Passing\Needle_Passing\video\Needle_Passing_C002_capture1,Needle_Passing_C002_capture1,C,C002,capture1,1387,1429,G3
datasets\jigsaw\Needle_Passing\Needle_Passing\video\Needle_Passing_C002_capture1,Needle_Passing_C002_capture1,C,C002,capture1,1430,1497,G6
datasets\jigsaw\Needle_Passing\Needle_Passing\video\Needle_Passing_C002_capture1,Needle_Passing_C002_capture1,C,C002,capture1,1498,1633,G4
datasets\jigsaw\Needle_Passing\Needle_Passing\video\Needle_Passing_C002_capture1,Needle_Passing_C002_capture1,C,C002,capture1,1634,1880,G2
datasets\jigsaw\Needle_Passing\Needle_Passing\video\Needle_Passing_C002_capture1,Needle_Passing_C002_capture1,C,C002,capture1,1881,1943,G3
datasets\jigsaw\Needle_Passing\Needle_Passing\video\Needle_Passing_C002_capture1,Needle_Passing_C002_capture1,C,C002,capture1,1944,2000,G6
datasets\jigsaw\Needle_Passing\Needle_Passing\video\Needle_Passing_C002_capture1,Needle_Passing_C002_capture1,C,C002,capture1,2001,2066,G4
datasets\jigsaw\Needle_Passing\Needle_Passing\video\Needle_Passing_C002_capture1,Needle_Passing_C002_capture1,C,C002,capture1,2067,2635,G2
datasets\jigsaw\Needle_Passing\Needle_Passing\video\Needle_Passing_C002_capture1,Needle_Passing_C002_capture1,C,C002,capture1,2636,2740,G8
datasets\jigsaw\Needle_Passing\Needle_Passing\video\Needle_Passing_C002_capture1,Needle_Passing_C002_capture1,C,C002,capture1,2741,3358,G2
datasets\jigsaw\Needle_Passing\Needle_Passing\video\Needle_Passing_C002_capture1,Needle_Passing_C002_capture1,C,C002,capture1,3359,3445,G3
datasets\jigsaw\Needle_Passing\Needle_Passing\video\Needle_Passing_C002_capture1,Needle_Passing_C002_capture1,C,C002,capture1,3446,3497,G6
datasets\jigsaw\Needle_Passing\Needle_Passing\video\Needle_Passing_C002_capture1,Needle_Passing_C002_capture1,C,C002,capture1,3498,3613,G11
datasets\jigsaw\Needle_Passing\Needle_Passing\video\Needle_Passing_C002_capture2,Needle_Passing_C002_capture2,C,C002,capture2,50,141,G1
datasets\jigsaw\Needle_Passing\Needle_Passing\video\Needle_Passing_C002_capture2,Needle_Passing_C002_capture2,C,C002,capture2,142,247,G5
datasets\jigsaw\Needle_Passing\Needle_Passing\video\Needle_Passing_C002_capture2,Needle_Passing_C002_capture2,C,C002,capture2,248,472,G8
datasets\jigsaw\Needle_Passing\Needle_Passing\video\Needle_Passing_C002_capture2,Needle_Passing_C002_capture2,C,C002,capture2,473,616,G2
datasets\jigsaw\Needle_Passing\Needle_Passing\video\Needle_Passing_C002_capture2,Needle_Passing_C002_capture2,C,C002,capture2,617,762,G3
datasets\jigsaw\Needle_Passing\Needle_Passing\video\Needle_Passing_C002_capture2,Needle_Passing_C002_capture2,C,C002,capture2,763,963,G6
datasets\jigsaw\Needle_Passing\Needle_Passing\video\Needle_Passing_C002_capture2,Needle_Passing_C002_capture2,C,C002,capture2,964,1029,G4
datasets\jigsaw\Needle_Passing\Needle_Passing\video\Needle_Passing_C002_capture2,Needle_Passing_C002_capture2,C,C002,capture2,1030,1386,G2
datasets\jigsaw\Needle_Passing\Needle_Passing\video\Needle_Passing_C002_capture2,Needle_Passing_C002_capture2,C,C002,capture2,1387,1429,G3
datasets\jigsaw\Needle_Passing\Needle_Passing\video\Needle_Passing_C002_capture2,Needle_Passing_C002_capture2,C,C002,capture2,1430,1497,G6
datasets\jigsaw\Needle_Passing\Needle_Passing\video\Needle_Passing_C002_capture2,Needle_Passing_C002_capture2,C,C002,capture2,1498,1633,G4
datasets\jigsaw\Needle_Passing\Needle_Passing\video\Needle_Passing_C002_capture2,Needle_Passing_C002_capture2,C,C002,capture2,1634,1880,G2
datasets\jigsaw\Needle_Passing\Needle_Passing\video\Needle_Passing_C002_capture2,Needle_Passing_C002_capture2,C,C002,capture2,1881,1943,G3
datasets\jigsaw\Needle_Passing\Needle_Passing\video\Needle_Passing_C002_capture2,Needle_Passing_C002_capture2,C,C002,capture2,1944,2000,G6
datasets\jigsaw\Needle_Passing\Needle_Passing\video\Needle_Passing_C002_capture2,Needle_Passing_C002_capture2,C,C002,capture2,2001,2066,G4
datasets\jigsaw\Needle_Passing\Needle_Passing\video\Needle_Passing_C002_capture2,Needle_Passing_C002_capture2,C,C002,capture2,2067,2635,G2
datasets\jigsaw\Needle_Passing\Needle_Passing\video\Needle_Passing_C002_capture2,Needle_Passing_C002_capture2,C,C002,capture2,2636,2740,G8
datasets\jigsaw\Needle_Passing\Needle_Passing\video\Needle_Passing_C002_capture2,Needle_Passing_C002_capture2,C,C002,capture2,2741,3358,G2
datasets\jigsaw\Needle_Passing\Needle_Passing\video\Needle_Passing_C002_capture2,Needle_Passing_C002_capture2,C,C002,capture2,3359,3445,G3
datasets\jigsaw\Needle_Passing\Needle_Passing\video\Needle_Passing_C002_capture2,Needle_Passing_C002_capture2,C,C002,capture2,3446,3497,G6
datasets\jigsaw\Needle_Passing\Needle_Passing\video\Needle_Passing_C002_capture2,Needle_Passing_C002_capture2,C,C002,capture2,3498,3613,G11
datasets\jigsaw\Needle_Passing\Needle_Passing\video\Needle_Passing_C003_capture1,Needle_Passing_C003_capture1,C,C003,capture1,50,116,G1
datasets\jigsaw\Needle_Passing\Needle_Passing\video\Needle_Passing_C003_capture1,Needle_Passing_C003_capture1,C,C003,capture1,117,176,G5
datasets\jigsaw\Needle_Passing\Needle_Passing\video\Needle_Passing_C003_capture1,Needle_Passing_C003_capture1,C,C003,capture1,177,367,G8
datasets\jigsaw\Needle_Passing\Needle_Passing\video\Needle_Passing_C003_capture1,Needle_Passing_C003_capture1,C,C003,capture1,368,694,G2
datasets\jigsaw\Needle_Passing\Needle_Passing\video\Needle_Passing_C003_capture1,Needle_Passing_C003_capture1,C,C003,capture1,695,797,G3
datasets\jigsaw\Needle_Passing\Needle_Passing\video\Needle_Passing_C003_capture1,Needle_Passing_C003_capture1,C,C003,capture1,798,824,G6
datasets\jigsaw\Needle_Passing\Needle_Passing\video\Needle_Passing_C003_capture1,Needle_Passing_C003_capture1,C,C003,capture1,825,1213,G8
datasets\jigsaw\Needle_Passing\Needle_Passing\video\Needle_Passing_C003_capture1,Needle_Passing_C003_capture1,C,C003,capture1,1214,1257,G6
datasets\jigsaw\Needle_Passing\Needle_Passing\video\Needle_Passing_C003_capture1,Needle_Passing_C003_capture1,C,C003,capture1,1258,1346,G4
datasets\jigsaw\Needle_Passing\Needle_Passing\video\Needle_Passing_C003_capture1,Needle_Passing_C003_capture1,C,C003,capture1,1347,1839,G2
datasets\jigsaw\Needle_Passing\Needle_Passing\video\Needle_Passing_C003_capture1,Needle_Passing_C003_capture1,C,C003,capture1,1840,2061,G3
datasets\jigsaw\Needle_Passing\Needle_Passing\video\Needle_Passing_C003_capture1,Needle_Passing_C003_capture1,C,C003,capture1,2062,2210,G8
datasets\jigsaw\Needle_Passing\Needle_Passing\video\Needle_Passing_C003_capture1,Needle_Passing_C003_capture1,C,C003,capture1,2211,2336,G2
datasets\jigsaw\Needle_Passing\Needle_Passing\video\Needle_Passing_C003_capture1,Needle_Passing_C003_capture1,C,C003,capture1,2337,2382,G3
datasets\jigsaw\Needle_Passing\Needle_Passing\video\Needle_Passing_C003_capture1,Needle_Passing_C003_capture1,C,C003,capture1,2383,2471,G6
datasets\jigsaw\Needle_Passing\Needle_Passing\video\Needle_Passing_C003_capture1,Needle_Passing_C003_capture1,C,C003,capture1,2472,2552,G4
datasets\jigsaw\Needle_Passing\Needle_Passing\video\Needle_Passing_C003_capture1,Needle_Passing_C003_capture1,C,C003,capture1,2553,2710,G2
datasets\jigsaw\Needle_Passing\Needle_Passing\video\Needle_Passing_C003_capture1,Needle_Passing_C003_capture1,C,C003,capture1,2711,2783,G3
datasets\jigsaw\Needle_Passing\Needle_Passing\video\Needle_Passing_C003_capture1,Needle_Passing_C003_capture1,C,C003,capture1,2784,2870,G6
datasets\jigsaw\Needle_Passing\Needle_Passing\video\Needle_Passing_C003_capture1,Needle_Passing_C003_capture1,C,C003,capture1,2871,2982,G4
datasets\jigsaw\Needle_Passing\Needle_Passing\video\Needle_Passing_C003_capture1,Needle_Passing_C003_capture1,C,C003,capture1,2983,3215,G2
datasets\jigsaw\Needle_Passing\Needle_Passing\video\Needle_Passing_C003_capture1,Needle_Passing_C003_capture1,C,C003,capture1,3216,3373,G3
datasets\jigsaw\Needle_Passing\Needle_Passing\video\Needle_Passing_C003_capture1,Needle_Passing_C003_capture1,C,C003,capture1,3374,3443,G6
datasets\jigsaw\Needle_Passing\Needle_Passing\video\Needle_Passing_C003_capture1,Needle_Passing_C003_capture1,C,C003,capture1,3444,3572,G11
datasets\jigsaw\Needle_Passing\Needle_Passing\video\Needle_Passing_C003_capture2,Needle_Passing_C003_capture2,C,C003,capture2,50,116,G1
datasets\jigsaw\Needle_Passing\Needle_Passing\video\Needle_Passing_C003_capture2,Needle_Passing_C003_capture2,C,C003,capture2,117,176,G5
datasets\jigsaw\Needle_Passing\Needle_Passing\video\Needle_Passing_C003_capture2,Needle_Passing_C003_capture2,C,C003,capture2,177,367,G8
datasets\jigsaw\Needle_Passing\Needle_Passing\video\Needle_Passing_C003_capture2,Needle_Passing_C003_capture2,C,C003,capture2,368,694,G2
datasets\jigsaw\Needle_Passing\Needle_Passing\video\Needle_Passing_C003_capture2,Needle_Passing_C003_capture2,C,C003,capture2,695,797,G3
datasets\jigsaw\Needle_Passing\Needle_Passing\video\Needle_Passing_C003_capture2,Needle_Passing_C003_capture2,C,C003,capture2,798,824,G6
datasets\jigsaw\Needle_Passing\Needle_Passing\video\Needle_Passing_C003_capture2,Needle_Passing_C003_capture2,C,C003,capture2,825,1213,G8
datasets\jigsaw\Needle_Passing\Needle_Passing\video\Needle_Passing_C003_capture2,Needle_Passing_C003_capture2,C,C003,capture2,1214,1257,G6
datasets\jigsaw\Needle_Passing\Needle_Passing\video\Needle_Passing_C003_capture2,Needle_Passing_C003_capture2,C,C003,capture2,1258,1346,G4
datasets\jigsaw\Needle_Passing\Needle_Passing\video\Needle_Passing_C003_capture2,Needle_Passing_C003_capture2,C,C003,capture2,1347,1839,G2
datasets\jigsaw\Needle_Passing\Needle_Passing\video\Needle_Passing_C003_capture2,Needle_Passing_C003_capture2,C,C003,capture2,1840,2061,G3
datasets\jigsaw\Needle_Passing\Needle_Passing\video\Needle_Passing_C003_capture2,Needle_Passing_C003_capture2,C,C003,capture2,2062,2210,G8
datasets\jigsaw\Needle_Passing\Needle_Passing\video\Needle_Passing_C003_capture2,Needle_Passing_C003_capture2,C,C003,capture2,2211,2336,G2
datasets\jigsaw\Needle_Passing\Needle_Passing\video\Needle_Passing_C003_capture2,Needle_Passing_C003_capture2,C,C003,capture2,2337,2382,G3
datasets\jigsaw\Needle_Passing\Needle_Passing\video\Needle_Passing_C003_capture2,Needle_Passing_C003_capture2,C,C003,capture2,2383,2471,G6
datasets\jigsaw\Needle_Passing\Needle_Passing\video\Needle_Passing_C003_capture2,Needle_Passing_C003_capture2,C,C003,capture2,2472,2552,G4
datasets\jigsaw\Needle_Passing\Needle_Passing\video\Needle_Passing_C003_capture2,Needle_Passing_C003_capture2,C,C003,capture2,2553,2710,G2
datasets\jigsaw\Needle_Passing\Needle_Passing\video\Needle_Passing_C003_capture2,Needle_Passing_C003_capture2,C,C003,capture2,2711,2783,G3
datasets\jigsaw\Needle_Passing\Needle_Passing\video\Needle_Passing_C003_capture2,Needle_Passing_C003_capture2,C,C003,capture2,2784,2870,G6
datasets\jigsaw\Needle_Passing\Needle_Passing\video\Needle_Passing_C003_capture2,Needle_Passing_C003_capture2,C,C003,capture2,2871,2982,G4
datasets\jigsaw\Needle_Passing\Needle_Passing\video\Needle_Passing_C003_capture2,Needle_Passing_C003_capture2,C,C003,capture2,2983,3215,G2
datasets\jigsaw\Needle_Passing\Needle_Passing\video\Needle_Passing_C003_capture2,Needle_Passing_C003_capture2,C,C003,capture2,3216,3373,G3
datasets\jigsaw\Needle_Passing\Needle_Passing\video\Needle_Passing_C003_capture2,Needle_Passing_C003_capture2,C,C003,capture2,3374,3443,G6
datasets\jigsaw\Needle_Passing\Needle_Passing\video\Needle_Passing_C003_capture2,Needle_Passing_C003_capture2,C,C003,capture2,3444,3572,G11
datasets\jigsaw\Needle_Passing\Needle_Passing\video\Needle_Passing_C004_capture1,Needle_Passing_C004_capture1,C,C004,capture1,30,178,G1
datasets\jigsaw\Needle_Passing\Needle_Passing\video\Needle_Passing_C004_capture1,Needle_Passing_C004_capture1,C,C004,capture1,179,237,G5
datasets\jigsaw\Needle_Passing\Needle_Passing\video\Needle_Passing_C004_capture1,Needle_Passing_C004_capture1,C,C004,capture1,238,377,G8
datasets\jigsaw\Needle_Passing\Needle_Passing\video\Needle_Passing_C004_capture1,Needle_Passing_C004_capture1,C,C004,capture1,378,641,G2
datasets\jigsaw\Needle_Passing\Needle_Passing\video\Needle_Passing_C004_capture1,Needle_Passing_C004_capture1,C,C004,capture1,642,703,G3
datasets\jigsaw\Needle_Passing\Needle_Passing\video\Needle_Passing_C004_capture1,Needle_Passing_C004_capture1,C,C004,capture1,704,804,G6
datasets\jigsaw\Needle_Passing\Needle_Passing\video\Needle_Passing_C004_capture1,Needle_Passing_C004_capture1,C,C004,capture1,805,872,G4
datasets\jigsaw\Needle_Passing\Needle_Passing\video\Needle_Passing_C004_capture1,Needle_Passing_C004_capture1,C,C004,capture1,873,1079,G2
datasets\jigsaw\Needle_Passing\Needle_Passing\video\Needle_Passing_C004_capture1,Needle_Passing_C004_capture1,C,C004,capture1,1080,1145,G3
datasets\jigsaw\Needle_Passing\Needle_Passing\video\Needle_Passing_C004_capture1,Needle_Passing_C004_capture1,C,C004,capture1,1146,1197,G6
datasets\jigsaw\Needle_Passing\Needle_Passing\video\Needle_Passing_C004_capture1,Needle_Passing_C004_capture1,C,C004,capture1,1198,1309,G4
datasets\jigsaw\Needle_Passing\Needle_Passing\video\Needle_Passing_C004_capture1,Needle_Passing_C004_capture1,C,C004,capture1,1310,1605,G2
datasets\jigsaw\Needle_Passing\Needle_Passing\video\Needle_Passing_C004_capture1,Needle_Passing_C004_capture1,C,C004,capture1,1606,1664,G3
datasets\jigsaw\Needle_Passing\Needle_Passing\video\Needle_Passing_C004_capture1,Needle_Passing_C004_capture1,C,C004,capture1,1665,1819,G6
datasets\jigsaw\Needle_Passing\Needle_Passing\video\Needle_Passing_C004_capture1,Needle_Passing_C004_capture1,C,C004,capture1,1820,1915,G4
datasets\jigsaw\Needle_Passing\Needle_Passing\video\Needle_Passing_C004_capture1,Needle_Passing_C004_capture1,C,C004,capture1,1916,2120,G2
datasets\jigsaw\Needle_Passing\Needle_Passing\video\Needle_Passing_C004_capture1,Needle_Passing_C004_capture1,C,C004,capture1,2121,2216,G3
datasets\jigsaw\Needle_Passing\Needle_Passing\video\Needle_Passing_C004_capture1,Needle_Passing_C004_capture1,C,C004,capture1,2217,2308,G6
datasets\jigsaw\Needle_Passing\Needle_Passing\video\Needle_Passing_C004_capture1,Needle_Passing_C004_capture1,C,C004,capture1,2309,2400,G11
datasets\jigsaw\Needle_Passing\Needle_Passing\video\Needle_Passing_C004_capture2,Needle_Passing_C004_capture2,C,C004,capture2,30,178,G1
datasets\jigsaw\Needle_Passing\Needle_Passing\video\Needle_Passing_C004_capture2,Needle_Passing_C004_capture2,C,C004,capture2,179,237,G5
datasets\jigsaw\Needle_Passing\Needle_Passing\video\Needle_Passing_C004_capture2,Needle_Passing_C004_capture2,C,C004,capture2,238,377,G8
datasets\jigsaw\Needle_Passing\Needle_Passing\video\Needle_Passing_C004_capture2,Needle_Passing_C004_capture2,C,C004,capture2,378,641,G2
datasets\jigsaw\Needle_Passing\Needle_Passing\video\Needle_Passing_C004_capture2,Needle_Passing_C004_capture2,C,C004,capture2,642,703,G3
datasets\jigsaw\Needle_Passing\Needle_Passing\video\Needle_Passing_C004_capture2,Needle_Passing_C004_capture2,C,C004,capture2,704,804,G6
datasets\jigsaw\Needle_Passing\Needle_Passing\video\Needle_Passing_C004_capture2,Needle_Passing_C004_capture2,C,C004,capture2,805,872,G4
datasets\jigsaw\Needle_Passing\Needle_Passing\video\Needle_Passing_C004_capture2,Needle_Passing_C004_capture2,C,C004,capture2,873,1079,G2
datasets\jigsaw\Needle_Passing\Needle_Passing\video\Needle_Passing_C004_capture2,Needle_Passing_C004_capture2,C,C004,capture2,1080,1145,G3
datasets\jigsaw\Needle_Passing\Needle_Passing\video\Needle_Passing_C004_capture2,Needle_Passing_C004_capture2,C,C004,capture2,1146,1197,G6
datasets\jigsaw\Needle_Passing\Needle_Passing\video\Needle_Passing_C004_capture2,Needle_Passing_C004_capture2,C,C004,capture2,1198,1309,G4
datasets\jigsaw\Needle_Passing\Needle_Passing\video\Needle_Passing_C004_capture2,Needle_Passing_C004_capture2,C,C004,capture2,1310,1605,G2
datasets\jigsaw\Needle_Passing\Needle_Passing\video\Needle_Passing_C004_capture2,Needle_Passing_C004_capture2,C,C004,capture2,1606,1664,G3
datasets\jigsaw\Needle_Passing\Needle_Passing\video\Needle_Passing_C004_capture2,Needle_Passing_C004_capture2,C,C004,capture2,1665,1819,G6
datasets\jigsaw\Needle_Passing\Needle_Passing\video\Needle_Passing_C004_capture2,Needle_Passing_C004_capture2,C,C004,capture2,1820,1915,G4
datasets\jigsaw\Needle_Passing\Needle_Passing\video\Needle_Passing_C004_capture2,Needle_Passing_C004_capture2,C,C004,capture2,1916,2120,G2
datasets\jigsaw\Needle_Passing\Needle_Passing\video\Needle_Passing_C004_capture2,Needle_Passing_C004_capture2,C,C004,capture2,2121,2216,G3
datasets\jigsaw\Needle_Passing\Needle_Passing\video\Needle_Passing_C004_capture2,Needle_Passing_C004_capture2,C,C004,capture2,2217,2308,G6
datasets\jigsaw\Needle_Passing\Needle_Passing\video\Needle_Passing_C004_capture2,Needle_Passing_C004_capture2,C,C004,capture2,2309,2400,G11
datasets\jigsaw\Needle_Passing\Needle_Passing\video\Needle_Passing_C005_capture1,Needle_Passing_C005_capture1,C,C005,capture1,51,212,G1
datasets\jigsaw\Needle_Passing\Needle_Passing\video\Needle_Passing_C005_capture1,Needle_Passing_C005_capture1,C,C005,capture1,213,259,G5
datasets\jigsaw\Needle_Passing\Needle_Passing\video\Needle_Passing_C005_capture1,Needle_Passing_C005_capture1,C,C005,capture1,260,402,G8
datasets\jigsaw\Needle_Passing\Needle_Passing\video\Needle_Passing_C005_capture1,Needle_Passing_C005_capture1,C,C005,capture1,403,626,G2
datasets\jigsaw\Needle_Passing\Needle_Passing\video\Needle_Passing_C005_capture1,Needle_Passing_C005_capture1,C,C005,capture1,627,744,G3
datasets\jigsaw\Needle_Passing\Needle_Passing\video\Needle_Passing_C005_capture1,Needle_Passing_C005_capture1,C,C005,capture1,745,813,G6
datasets\jigsaw\Needle_Passing\Needle_Passing\video\Needle_Passing_C005_capture1,Needle_Passing_C005_capture1,C,C005,capture1,814,1003,G9
datasets\jigsaw\Needle_Passing\Needle_Passing\video\Needle_Passing_C005_capture1,Needle_Passing_C005_capture1,C,C005,capture1,1004,1068,G4
datasets\jigsaw\Needle_Passing\Needle_Passing\video\Needle_Passing_C005_capture1,Needle_Passing_C005_capture1,C,C005,capture1,1069,1112,G8
datasets\jigsaw\Needle_Passing\Needle_Passing\video\Needle_Passing_C005_capture1,Needle_Passing_C005_capture1,C,C005,capture1,1113,1218,G2
datasets\jigsaw\Needle_Passing\Needle_Passing\video\Needle_Passing_C005_capture1,Needle_Passing_C005_capture1,C,C005,capture1,1219,1285,G3
datasets\jigsaw\Needle_Passing\Needle_Passing\video\Needle_Passing_C005_capture1,Needle_Passing_C005_capture1,C,C005,capture1,1286,1338,G6
datasets\jigsaw\Needle_Passing\Needle_Passing\video\Needle_Passing_C005_capture1,Needle_Passing_C005_capture1,C,C005,capture1,1339,1399,G4
datasets\jigsaw\Needle_Passing\Needle_Passing\video\Needle_Passing_C005_capture1,Needle_Passing_C005_capture1,C,C005,capture1,1400,1526,G2
datasets\jigsaw\Needle_Passing\Needle_Passing\video\Needle_Passing_C005_capture1,Needle_Passing_C005_capture1,C,C005,capture1,1527,1583,G3
datasets\jigsaw\Needle_Passing\Needle_Passing\video\Needle_Passing_C005_capture1,Needle_Passing_C005_capture1,C,C005,capture1,1584,1623,G6
datasets\jigsaw\Needle_Passing\Needle_Passing\video\Needle_Passing_C005_capture1,Needle_Passing_C005_capture1,C,C005,capture1,1624,1678,G4
datasets\jigsaw\Needle_Passing\Needle_Passing\video\Needle_Passing_C005_capture1,Needle_Passing_C005_capture1,C,C005,capture1,1679,2033,G2
datasets\jigsaw\Needle_Passing\Needle_Passing\video\Needle_Passing_C005_capture1,Needle_Passing_C005_capture1,C,C005,capture1,2034,2113,G3
datasets\jigsaw\Needle_Passing\Needle_Passing\video\Needle_Passing_C005_capture1,Needle_Passing_C005_capture1,C,C005,capture1,2114,2458,G6
datasets\jigsaw\Needle_Passing\Needle_Passing\video\Needle_Passing_C005_capture1,Needle_Passing_C005_capture1,C,C005,capture1,2459,2557,G11
datasets\jigsaw\Needle_Passing\Needle_Passing\video\Needle_Passing_C005_capture2,Needle_Passing_C005_capture2,C,C005,capture2,51,212,G1
datasets\jigsaw\Needle_Passing\Needle_Passing\video\Needle_Passing_C005_capture2,Needle_Passing_C005_capture2,C,C005,capture2,213,259,G5
datasets\jigsaw\Needle_Passing\Needle_Passing\video\Needle_Passing_C005_capture2,Needle_Passing_C005_capture2,C,C005,capture2,260,402,G8
datasets\jigsaw\Needle_Passing\Needle_Passing\video\Needle_Passing_C005_capture2,Needle_Passing_C005_capture2,C,C005,capture2,403,626,G2
datasets\jigsaw\Needle_Passing\Needle_Passing\video\Needle_Passing_C005_capture2,Needle_Passing_C005_capture2,C,C005,capture2,627,744,G3
datasets\jigsaw\Needle_Passing\Needle_Passing\video\Needle_Passing_C005_capture2,Needle_Passing_C005_capture2,C,C005,capture2,745,813,G6
datasets\jigsaw\Needle_Passing\Needle_Passing\video\Needle_Passing_C005_capture2,Needle_Passing_C005_capture2,C,C005,capture2,814,1003,G9
datasets\jigsaw\Needle_Passing\Needle_Passing\video\Needle_Passing_C005_capture2,Needle_Passing_C005_capture2,C,C005,capture2,1004,1068,G4
datasets\jigsaw\Needle_Passing\Needle_Passing\video\Needle_Passing_C005_capture2,Needle_Passing_C005_capture2,C,C005,capture2,1069,1112,G8
datasets\jigsaw\Needle_Passing\Needle_Passing\video\Needle_Passing_C005_capture2,Needle_Passing_C005_capture2,C,C005,capture2,1113,1218,G2
datasets\jigsaw\Needle_Passing\Needle_Passing\video\Needle_Passing_C005_capture2,Needle_Passing_C005_capture2,C,C005,capture2,1219,1285,G3
datasets\jigsaw\Needle_Passing\Needle_Passing\video\Needle_Passing_C005_capture2,Needle_Passing_C005_capture2,C,C005,capture2,1286,1338,G6
datasets\jigsaw\Needle_Passing\Needle_Passing\video\Needle_Passing_C005_capture2,Needle_Passing_C005_capture2,C,C005,capture2,1339,1399,G4
datasets\jigsaw\Needle_Passing\Needle_Passing\video\Needle_Passing_C005_capture2,Needle_Passing_C005_capture2,C,C005,capture2,1400,1526,G2
datasets\jigsaw\Needle_Passing\Needle_Passing\video\Needle_Passing_C005_capture2,Needle_Passing_C005_capture2,C,C005,capture2,1527,1583,G3
datasets\jigsaw\Needle_Passing\Needle_Passing\video\Needle_Passing_C005_capture2,Needle_Passing_C005_capture2,C,C005,capture2,1584,1623,G6
datasets\jigsaw\Needle_Passing\Needle_Passing\video\Needle_Passing_C005_capture2,Needle_Passing_C005_capture2,C,C005,capture2,1624,1678,G4
datasets\jigsaw\Needle_Passing\Needle_Passing\video\Needle_Passing_C005_capture2,Needle_Passing_C005_capture2,C,C005,capture2,1679,2033,G2
datasets\jigsaw\Needle_Passing\Needle_Passing\video\Needle_Passing_C005_capture2,Needle_Passing_C005_capture2,C,C005,capture2,2034,2113,G3
datasets\jigsaw\Needle_Passing\Needle_Passing\video\Needle_Passing_C005_capture2,Needle_Passing_C005_capture2,C,C005,capture2,2114,2458,G6
datasets\jigsaw\Needle_Passing\Needle_Passing\video\Needle_Passing_C005_capture2,Needle_Passing_C005_capture2,C,C005,capture2,2459,2557,G11
datasets\jigsaw\Needle_Passing\Needle_Passing\video\Needle_Passing_D001_capture1,Needle_Passing_D001_capture1,D,D001,capture1,46,113,G1
datasets\jigsaw\Needle_Passing\Needle_Passing\video\Needle_Passing_D001_capture1,Needle_Passing_D001_capture1,D,D001,capture1,114,427,G5
datasets\jigsaw\Needle_Passing\Needle_Passing\video\Needle_Passing_D001_capture1,Needle_Passing_D001_capture1,D,D001,capture1,428,606,G1
datasets\jigsaw\Needle_Passing\Needle_Passing\video\Needle_Passing_D001_capture1,Needle_Passing_D001_capture1,D,D001,capture1,607,936,G2
datasets\jigsaw\Needle_Passing\Needle_Passing\video\Needle_Passing_D001_capture1,Needle_Passing_D001_capture1,D,D001,capture1,937,978,G3
datasets\jigsaw\Needle_Passing\Needle_Passing\video\Needle_Passing_D001_capture1,Needle_Passing_D001_capture1,D,D001,capture1,979,1122,G6
datasets\jigsaw\Needle_Passing\Needle_Passing\video\Needle_Passing_D001_capture1,Needle_Passing_D001_capture1,D,D001,capture1,1123,1188,G4
datasets\jigsaw\Needle_Passing\Needle_Passing\video\Needle_Passing_D001_capture1,Needle_Passing_D001_capture1,D,D001,capture1,1189,1596,G2
datasets\jigsaw\Needle_Passing\Needle_Passing\video\Needle_Passing_D001_capture1,Needle_Passing_D001_capture1,D,D001,capture1,1597,1669,G3
datasets\jigsaw\Needle_Passing\Needle_Passing\video\Needle_Passing_D001_capture1,Needle_Passing_D001_capture1,D,D001,capture1,1670,1710,G6
datasets\jigsaw\Needle_Passing\Needle_Passing\video\Needle_Passing_D001_capture1,Needle_Passing_D001_capture1,D,D001,capture1,1711,1763,G4
datasets\jigsaw\Needle_Passing\Needle_Passing\video\Needle_Passing_D001_capture1,Needle_Passing_D001_capture1,D,D001,capture1,1764,2068,G2
datasets\jigsaw\Needle_Passing\Needle_Passing\video\Needle_Passing_D001_capture1,Needle_Passing_D001_capture1,D,D001,capture1,2069,2153,G3
datasets\jigsaw\Needle_Passing\Needle_Passing\video\Needle_Passing_D001_capture1,Needle_Passing_D001_capture1,D,D001,capture1,2154,2234,G6
datasets\jigsaw\Needle_Passing\Needle_Passing\video\Needle_Passing_D001_capture1,Needle_Passing_D001_capture1,D,D001,capture1,2235,2303,G4
datasets\jigsaw\Needle_Passing\Needle_Passing\video\Needle_Passing_D001_capture1,Needle_Passing_D001_capture1,D,D001,capture1,2304,2408,G5
datasets\jigsaw\Needle_Passing\Needle_Passing\video\Needle_Passing_D001_capture1,Needle_Passing_D001_capture1,D,D001,capture1,2409,2487,G8
datasets\jigsaw\Needle_Passing\Needle_Passing\video\Needle_Passing_D001_capture1,Needle_Passing_D001_capture1,D,D001,capture1,2488,3049,G2
datasets\jigsaw\Needle_Passing\Needle_Passing\video\Needle_Passing_D001_capture1,Needle_Passing_D001_capture1,D,D001,capture1,3050,3228,G5
datasets\jigsaw\Needle_Passing\Needle_Passing\video\Needle_Passing_D001_capture1,Needle_Passing_D001_capture1,D,D001,capture1,3229,3308,G8
datasets\jigsaw\Needle_Passing\Needle_Passing\video\Needle_Passing_D001_capture1,Needle_Passing_D001_capture1,D,D001,capture1,3309,3474,G2
datasets\jigsaw\Needle_Passing\Needle_Passing\video\Needle_Passing_D001_capture1,Needle_Passing_D001_capture1,D,D001,capture1,3475,3614,G3
datasets\jigsaw\Needle_Passing\Needle_Passing\video\Needle_Passing_D001_capture1,Needle_Passing_D001_capture1,D,D001,capture1,3615,3659,G6
datasets\jigsaw\Needle_Passing\Needle_Passing\video\Needle_Passing_D001_capture1,Needle_Passing_D001_capture1,D,D001,capture1,3660,3750,G4
datasets\jigsaw\Needle_Passing\Needle_Passing\video\Needle_Passing_D001_capture1,Needle_Passing_D001_capture1,D,D001,capture1,3751,3863,G2
datasets\jigsaw\Needle_Passing\Needle_Passing\video\Needle_Passing_D001_capture1,Needle_Passing_D001_capture1,D,D001,capture1,3864,3902,G3
datasets\jigsaw\Needle_Passing\Needle_Passing\video\Needle_Passing_D001_capture1,Needle_Passing_D001_capture1,D,D001,capture1,3903,4026,G5
datasets\jigsaw\Needle_Passing\Needle_Passing\video\Needle_Passing_D001_capture1,Needle_Passing_D001_capture1,D,D001,capture1,4027,4651,G6
datasets\jigsaw\Needle_Passing\Needle_Passing\video\Needle_Passing_D001_capture2,Needle_Passing_D001_capture2,D,D001,capture2,46,113,G1
datasets\jigsaw\Needle_Passing\Needle_Passing\video\Needle_Passing_D001_capture2,Needle_Passing_D001_capture2,D,D001,capture2,114,427,G5
datasets\jigsaw\Needle_Passing\Needle_Passing\video\Needle_Passing_D001_capture2,Needle_Passing_D001_capture2,D,D001,capture2,428,606,G1
datasets\jigsaw\Needle_Passing\Needle_Passing\video\Needle_Passing_D001_capture2,Needle_Passing_D001_capture2,D,D001,capture2,607,936,G2
datasets\jigsaw\Needle_Passing\Needle_Passing\video\Needle_Passing_D001_capture2,Needle_Passing_D001_capture2,D,D001,capture2,937,978,G3
datasets\jigsaw\Needle_Passing\Needle_Passing\video\Needle_Passing_D001_capture2,Needle_Passing_D001_capture2,D,D001,capture2,979,1122,G6
datasets\jigsaw\Needle_Passing\Needle_Passing\video\Needle_Passing_D001_capture2,Needle_Passing_D001_capture2,D,D001,capture2,1123,1188,G4
datasets\jigsaw\Needle_Passing\Needle_Passing\video\Needle_Passing_D001_capture2,Needle_Passing_D001_capture2,D,D001,capture2,1189,1596,G2
datasets\jigsaw\Needle_Passing\Needle_Passing\video\Needle_Passing_D001_capture2,Needle_Passing_D001_capture2,D,D001,capture2,1597,1669,G3
datasets\jigsaw\Needle_Passing\Needle_Passing\video\Needle_Passing_D001_capture2,Needle_Passing_D001_capture2,D,D001,capture2,1670,1710,G6
datasets\jigsaw\Needle_Passing\Needle_Passing\video\Needle_Passing_D001_capture2,Needle_Passing_D001_capture2,D,D001,capture2,1711,1763,G4
datasets\jigsaw\Needle_Passing\Needle_Passing\video\Needle_Passing_D001_capture2,Needle_Passing_D001_capture2,D,D001,capture2,1764,2068,G2
datasets\jigsaw\Needle_Passing\Needle_Passing\video\Needle_Passing_D001_capture2,Needle_Passing_D001_capture2,D,D001,capture2,2069,2153,G3
datasets\jigsaw\Needle_Passing\Needle_Passing\video\Needle_Passing_D001_capture2,Needle_Passing_D001_capture2,D,D001,capture2,2154,2234,G6
datasets\jigsaw\Needle_Passing\Needle_Passing\video\Needle_Passing_D001_capture2,Needle_Passing_D001_capture2,D,D001,capture2,2235,2303,G4
datasets\jigsaw\Needle_Passing\Needle_Passing\video\Needle_Passing_D001_capture2,Needle_Passing_D001_capture2,D,D001,capture2,2304,2408,G5
datasets\jigsaw\Needle_Passing\Needle_Passing\video\Needle_Passing_D001_capture2,Needle_Passing_D001_capture2,D,D001,capture2,2409,2487,G8
datasets\jigsaw\Needle_Passing\Needle_Passing\video\Needle_Passing_D001_capture2,Needle_Passing_D001_capture2,D,D001,capture2,2488,3049,G2
datasets\jigsaw\Needle_Passing\Needle_Passing\video\Needle_Passing_D001_capture2,Needle_Passing_D001_capture2,D,D001,capture2,3050,3228,G5
datasets\jigsaw\Needle_Passing\Needle_Passing\video\Needle_Passing_D001_capture2,Needle_Passing_D001_capture2,D,D001,capture2,3229,3308,G8
datasets\jigsaw\Needle_Passing\Needle_Passing\video\Needle_Passing_D001_capture2,Needle_Passing_D001_capture2,D,D001,capture2,3309,3474,G2
datasets\jigsaw\Needle_Passing\Needle_Passing\video\Needle_Passing_D001_capture2,Needle_Passing_D001_capture2,D,D001,capture2,3475,3614,G3
datasets\jigsaw\Needle_Passing\Needle_Passing\video\Needle_Passing_D001_capture2,Needle_Passing_D001_capture2,D,D001,capture2,3615,3659,G6
datasets\jigsaw\Needle_Passing\Needle_Passing\video\Needle_Passing_D001_capture2,Needle_Passing_D001_capture2,D,D001,capture2,3660,3750,G4
datasets\jigsaw\Needle_Passing\Needle_Passing\video\Needle_Passing_D001_capture2,Needle_Passing_D001_capture2,D,D001,capture2,3751,3863,G2
datasets\jigsaw\Needle_Passing\Needle_Passing\video\Needle_Passing_D001_capture2,Needle_Passing_D001_capture2,D,D001,capture2,3864,3902,G3
datasets\jigsaw\Needle_Passing\Needle_Passing\video\Needle_Passing_D001_capture2,Needle_Passing_D001_capture2,D,D001,capture2,3903,4026,G5
datasets\jigsaw\Needle_Passing\Needle_Passing\video\Needle_Passing_D001_capture2,Needle_Passing_D001_capture2,D,D001,capture2,4027,4651,G6
datasets\jigsaw\Needle_Passing\Needle_Passing\video\Needle_Passing_D002_capture1,Needle_Passing_D002_capture1,D,D002,capture1,42,170,G1
datasets\jigsaw\Needle_Passing\Needle_Passing\video\Needle_Passing_D002_capture1,Needle_Passing_D002_capture1,D,D002,capture1,171,320,G5
datasets\jigsaw\Needle_Passing\Needle_Passing\video\Needle_Passing_D002_capture1,Needle_Passing_D002_capture1,D,D002,capture1,321,423,G8
datasets\jigsaw\Needle_Passing\Needle_Passing\video\Needle_Passing_D002_capture1,Needle_Passing_D002_capture1,D,D002,capture1,424,660,G2
datasets\jigsaw\Needle_Passing\Needle_Passing\video\Needle_Passing_D002_capture1,Needle_Passing_D002_capture1,D,D002,capture1,661,746,G3
datasets\jigsaw\Needle_Passing\Needle_Passing\video\Needle_Passing_D002_capture1,Needle_Passing_D002_capture1,D,D002,capture1,747,805,G6
datasets\jigsaw\Needle_Passing\Needle_Passing\video\Needle_Passing_D002_capture1,Needle_Passing_D002_capture1,D,D002,capture1,806,890,G4
datasets\jigsaw\Needle_Passing\Needle_Passing\video\Needle_Passing_D002_capture1,Needle_Passing_D002_capture1,D,D002,capture1,891,1090,G2
datasets\jigsaw\Needle_Passing\Needle_Passing\video\Needle_Passing_D002_capture1,Needle_Passing_D002_capture1,D,D002,capture1,1091,1134,G3
datasets\jigsaw\Needle_Passing\Needle_Passing\video\Needle_Passing_D002_capture1,Needle_Passing_D002_capture1,D,D002,capture1,1135,1219,G6
datasets\jigsaw\Needle_Passing\Needle_Passing\video\Needle_Passing_D002_capture1,Needle_Passing_D002_capture1,D,D002,capture1,1220,1318,G4
datasets\jigsaw\Needle_Passing\Needle_Passing\video\Needle_Passing_D002_capture1,Needle_Passing_D002_capture1,D,D002,capture1,1319,1810,G2
datasets\jigsaw\Needle_Passing\Needle_Passing\video\Needle_Passing_D002_capture1,Needle_Passing_D002_capture1,D,D002,capture1,1811,1881,G3
datasets\jigsaw\Needle_Passing\Needle_Passing\video\Needle_Passing_D002_capture1,Needle_Passing_D002_capture1,D,D002,capture1,1882,1991,G6
datasets\jigsaw\Needle_Passing\Needle_Passing\video\Needle_Passing_D002_capture1,Needle_Passing_D002_capture1,D,D002,capture1,1992,2068,G4
datasets\jigsaw\Needle_Passing\Needle_Passing\video\Needle_Passing_D002_capture1,Needle_Passing_D002_capture1,D,D002,capture1,2069,2400,G2
datasets\jigsaw\Needle_Passing\Needle_Passing\video\Needle_Passing_D002_capture1,Needle_Passing_D002_capture1,D,D002,capture1,2401,2549,G5
datasets\jigsaw\Needle_Passing\Needle_Passing\video\Needle_Passing_D002_capture1,Needle_Passing_D002_capture1,D,D002,capture1,2550,2609,G8
datasets\jigsaw\Needle_Passing\Needle_Passing\video\Needle_Passing_D002_capture1,Needle_Passing_D002_capture1,D,D002,capture1,2610,2850,G2
datasets\jigsaw\Needle_Passing\Needle_Passing\video\Needle_Passing_D002_capture1,Needle_Passing_D002_capture1,D,D002,capture1,2851,2957,G3
datasets\jigsaw\Needle_Passing\Needle_Passing\video\Needle_Passing_D002_capture1,Needle_Passing_D002_capture1,D,D002,capture1,2958,3036,G6
datasets\jigsaw\Needle_Passing\Needle_Passing\video\Needle_Passing_D002_capture1,Needle_Passing_D002_capture1,D,D002,capture1,3037,3187,G11
datasets\jigsaw\Needle_Passing\Needle_Passing\video\Needle_Passing_D002_capture2,Needle_Passing_D002_capture2,D,D002,capture2,42,170,G1
datasets\jigsaw\Needle_Passing\Needle_Passing\video\Needle_Passing_D002_capture2,Needle_Passing_D002_capture2,D,D002,capture2,171,320,G5
datasets\jigsaw\Needle_Passing\Needle_Passing\video\Needle_Passing_D002_capture2,Needle_Passing_D002_capture2,D,D002,capture2,321,423,G8
datasets\jigsaw\Needle_Passing\Needle_Passing\video\Needle_Passing_D002_capture2,Needle_Passing_D002_capture2,D,D002,capture2,424,660,G2
datasets\jigsaw\Needle_Passing\Needle_Passing\video\Needle_Passing_D002_capture2,Needle_Passing_D002_capture2,D,D002,capture2,661,746,G3
datasets\jigsaw\Needle_Passing\Needle_Passing\video\Needle_Passing_D002_capture2,Needle_Passing_D002_capture2,D,D002,capture2,747,805,G6
datasets\jigsaw\Needle_Passing\Needle_Passing\video\Needle_Passing_D002_capture2,Needle_Passing_D002_capture2,D,D002,capture2,806,890,G4
datasets\jigsaw\Needle_Passing\Needle_Passing\video\Needle_Passing_D002_capture2,Needle_Passing_D002_capture2,D,D002,capture2,891,1090,G2
datasets\jigsaw\Needle_Passing\Needle_Passing\video\Needle_Passing_D002_capture2,Needle_Passing_D002_capture2,D,D002,capture2,1091,1134,G3
datasets\jigsaw\Needle_Passing\Needle_Passing\video\Needle_Passing_D002_capture2,Needle_Passing_D002_capture2,D,D002,capture2,1135,1219,G6
datasets\jigsaw\Needle_Passing\Needle_Passing\video\Needle_Passing_D002_capture2,Needle_Passing_D002_capture2,D,D002,capture2,1220,1318,G4
datasets\jigsaw\Needle_Passing\Needle_Passing\video\Needle_Passing_D002_capture2,Needle_Passing_D002_capture2,D,D002,capture2,1319,1810,G2
datasets\jigsaw\Needle_Passing\Needle_Passing\video\Needle_Passing_D002_capture2,Needle_Passing_D002_capture2,D,D002,capture2,1811,1881,G3
datasets\jigsaw\Needle_Passing\Needle_Passing\video\Needle_Passing_D002_capture2,Needle_Passing_D002_capture2,D,D002,capture2,1882,1991,G6
datasets\jigsaw\Needle_Passing\Needle_Passing\video\Needle_Passing_D002_capture2,Needle_Passing_D002_capture2,D,D002,capture2,1992,2068,G4
datasets\jigsaw\Needle_Passing\Needle_Passing\video\Needle_Passing_D002_capture2,Needle_Passing_D002_capture2,D,D002,capture2,2069,2400,G2
datasets\jigsaw\Needle_Passing\Needle_Passing\video\Needle_Passing_D002_capture2,Needle_Passing_D002_capture2,D,D002,capture2,2401,2549,G5
datasets\jigsaw\Needle_Passing\Needle_Passing\video\Needle_Passing_D002_capture2,Needle_Passing_D002_capture2,D,D002,capture2,2550,2609,G8
datasets\jigsaw\Needle_Passing\Needle_Passing\video\Needle_Passing_D002_capture2,Needle_Passing_D002_capture2,D,D002,capture2,2610,2850,G2
datasets\jigsaw\Needle_Passing\Needle_Passing\video\Needle_Passing_D002_capture2,Needle_Passing_D002_capture2,D,D002,capture2,2851,2957,G3
datasets\jigsaw\Needle_Passing\Needle_Passing\video\Needle_Passing_D002_capture2,Needle_Passing_D002_capture2,D,D002,capture2,2958,3036,G6
datasets\jigsaw\Needle_Passing\Needle_Passing\video\Needle_Passing_D002_capture2,Needle_Passing_D002_capture2,D,D002,capture2,3037,3187,G11
datasets\jigsaw\Needle_Passing\Needle_Passing\video\Needle_Passing_D003_capture1,Needle_Passing_D003_capture1,D,D003,capture1,50,116,G1
datasets\jigsaw\Needle_Passing\Needle_Passing\video\Needle_Passing_D003_capture1,Needle_Passing_D003_capture1,D,D003,capture1,117,247,G5
datasets\jigsaw\Needle_Passing\Needle_Passing\video\Needle_Passing_D003_capture1,Needle_Passing_D003_capture1,D,D003,capture1,248,367,G8
datasets\jigsaw\Needle_Passing\Needle_Passing\video\Needle_Passing_D003_capture1,Needle_Passing_D003_capture1,D,D003,capture1,368,798,G2
datasets\jigsaw\Needle_Passing\Needle_Passing\video\Needle_Passing_D003_capture1,Needle_Passing_D003_capture1,D,D003,capture1,799,825,G6
datasets\jigsaw\Needle_Passing\Needle_Passing\video\Needle_Passing_D003_capture1,Needle_Passing_D003_capture1,D,D003,capture1,826,1000,G10
datasets\jigsaw\Needle_Passing\Needle_Passing\video\Needle_Passing_D003_capture1,Needle_Passing_D003_capture1,D,D003,capture1,1001,1047,G1
datasets\jigsaw\Needle_Passing\Needle_Passing\video\Needle_Passing_D003_capture1,Needle_Passing_D003_capture1,D,D003,capture1,1048,1198,G5
datasets\jigsaw\Needle_Passing\Needle_Passing\video\Needle_Passing_D003_capture1,Needle_Passing_D003_capture1,D,D003,capture1,1199,1529,G8
datasets\jigsaw\Needle_Passing\Needle_Passing\video\Needle_Passing_D003_capture1,Needle_Passing_D003_capture1,D,D003,capture1,1530,1839,G2
datasets\jigsaw\Needle_Passing\Needle_Passing\video\Needle_Passing_D003_capture1,Needle_Passing_D003_capture1,D,D003,capture1,1840,1994,G3
datasets\jigsaw\Needle_Passing\Needle_Passing\video\Needle_Passing_D003_capture1,Needle_Passing_D003_capture1,D,D003,capture1,1995,2125,G6
datasets\jigsaw\Needle_Passing\Needle_Passing\video\Needle_Passing_D003_capture1,Needle_Passing_D003_capture1,D,D003,capture1,2126,2199,G4
datasets\jigsaw\Needle_Passing\Needle_Passing\video\Needle_Passing_D003_capture1,Needle_Passing_D003_capture1,D,D003,capture1,2200,2335,G2
datasets\jigsaw\Needle_Passing\Needle_Passing\video\Needle_Passing_D003_capture1,Needle_Passing_D003_capture1,D,D003,capture1,2336,2382,G3
datasets\jigsaw\Needle_Passing\Needle_Passing\video\Needle_Passing_D003_capture1,Needle_Passing_D003_capture1,D,D003,capture1,2383,2471,G6
datasets\jigsaw\Needle_Passing\Needle_Passing\video\Needle_Passing_D003_capture1,Needle_Passing_D003_capture1,D,D003,capture1,2472,2552,G4
datasets\jigsaw\Needle_Passing\Needle_Passing\video\Needle_Passing_D003_capture1,Needle_Passing_D003_capture1,D,D003,capture1,2553,2709,G2
datasets\jigsaw\Needle_Passing\Needle_Passing\video\Needle_Passing_D003_capture1,Needle_Passing_D003_capture1,D,D003,capture1,2710,2786,G3
datasets\jigsaw\Needle_Passing\Needle_Passing\video\Needle_Passing_D003_capture1,Needle_Passing_D003_capture1,D,D003,capture1,2787,2871,G6
datasets\jigsaw\Needle_Passing\Needle_Passing\video\Needle_Passing_D003_capture1,Needle_Passing_D003_capture1,D,D003,capture1,2872,2983,G4
datasets\jigsaw\Needle_Passing\Needle_Passing\video\Needle_Passing_D003_capture2,Needle_Passing_D003_capture2,D,D003,capture2,50,116,G1
datasets\jigsaw\Needle_Passing\Needle_Passing\video\Needle_Passing_D003_capture2,Needle_Passing_D003_capture2,D,D003,capture2,117,247,G5
datasets\jigsaw\Needle_Passing\Needle_Passing\video\Needle_Passing_D003_capture2,Needle_Passing_D003_capture2,D,D003,capture2,248,367,G8
datasets\jigsaw\Needle_Passing\Needle_Passing\video\Needle_Passing_D003_capture2,Needle_Passing_D003_capture2,D,D003,capture2,368,798,G2
datasets\jigsaw\Needle_Passing\Needle_Passing\video\Needle_Passing_D003_capture2,Needle_Passing_D003_capture2,D,D003,capture2,799,825,G6
datasets\jigsaw\Needle_Passing\Needle_Passing\video\Needle_Passing_D003_capture2,Needle_Passing_D003_capture2,D,D003,capture2,826,1000,G10
datasets\jigsaw\Needle_Passing\Needle_Passing\video\Needle_Passing_D003_capture2,Needle_Passing_D003_capture2,D,D003,capture2,1001,1047,G1
datasets\jigsaw\Needle_Passing\Needle_Passing\video\Needle_Passing_D003_capture2,Needle_Passing_D003_capture2,D,D003,capture2,1048,1198,G5
datasets\jigsaw\Needle_Passing\Needle_Passing\video\Needle_Passing_D003_capture2,Needle_Passing_D003_capture2,D,D003,capture2,1199,1529,G8
datasets\jigsaw\Needle_Passing\Needle_Passing\video\Needle_Passing_D003_capture2,Needle_Passing_D003_capture2,D,D003,capture2,1530,1839,G2
datasets\jigsaw\Needle_Passing\Needle_Passing\video\Needle_Passing_D003_capture2,Needle_Passing_D003_capture2,D,D003,capture2,1840,1994,G3
datasets\jigsaw\Needle_Passing\Needle_Passing\video\Needle_Passing_D003_capture2,Needle_Passing_D003_capture2,D,D003,capture2,1995,2125,G6
datasets\jigsaw\Needle_Passing\Needle_Passing\video\Needle_Passing_D003_capture2,Needle_Passing_D003_capture2,D,D003,capture2,2126,2199,G4
datasets\jigsaw\Needle_Passing\Needle_Passing\video\Needle_Passing_D003_capture2,Needle_Passing_D003_capture2,D,D003,capture2,2200,2335,G2
datasets\jigsaw\Needle_Passing\Needle_Passing\video\Needle_Passing_D003_capture2,Needle_Passing_D003_capture2,D,D003,capture2,2336,2382,G3
datasets\jigsaw\Needle_Passing\Needle_Passing\video\Needle_Passing_D003_capture2,Needle_Passing_D003_capture2,D,D003,capture2,2383,2471,G6
datasets\jigsaw\Needle_Passing\Needle_Passing\video\Needle_Passing_D003_capture2,Needle_Passing_D003_capture2,D,D003,capture2,2472,2552,G4
datasets\jigsaw\Needle_Passing\Needle_Passing\video\Needle_Passing_D003_capture2,Needle_Passing_D003_capture2,D,D003,capture2,2553,2709,G2
datasets\jigsaw\Needle_Passing\Needle_Passing\video\Needle_Passing_D003_capture2,Needle_Passing_D003_capture2,D,D003,capture2,2710,2786,G3
datasets\jigsaw\Needle_Passing\Needle_Passing\video\Needle_Passing_D003_capture2,Needle_Passing_D003_capture2,D,D003,capture2,2787,2871,G6
datasets\jigsaw\Needle_Passing\Needle_Passing\video\Needle_Passing_D003_capture2,Needle_Passing_D003_capture2,D,D003,capture2,2872,2983,G4
datasets\jigsaw\Needle_Passing\Needle_Passing\video\Needle_Passing_D004_capture1,Needle_Passing_D004_capture1,D,D004,capture1,32,165,G1
datasets\jigsaw\Needle_Passing\Needle_Passing\video\Needle_Passing_D004_capture1,Needle_Passing_D004_capture1,D,D004,capture1,166,290,G5
datasets\jigsaw\Needle_Passing\Needle_Passing\video\Needle_Passing_D004_capture1,Needle_Passing_D004_capture1,D,D004,capture1,291,377,G8
datasets\jigsaw\Needle_Passing\Needle_Passing\video\Needle_Passing_D004_capture1,Needle_Passing_D004_capture1,D,D004,capture1,378,639,G2
datasets\jigsaw\Needle_Passing\Needle_Passing\video\Needle_Passing_D004_capture1,Needle_Passing_D004_capture1,D,D004,capture1,640,704,G3
datasets\jigsaw\Needle_Passing\Needle_Passing\video\Needle_Passing_D004_capture1,Needle_Passing_D004_capture1,D,D004,capture1,705,805,G6
datasets\jigsaw\Needle_Passing\Needle_Passing\video\Needle_Passing_D004_capture1,Needle_Passing_D004_capture1,D,D004,capture1,806,872,G4
datasets\jigsaw\Needle_Passing\Needle_Passing\video\Needle_Passing_D004_capture1,Needle_Passing_D004_capture1,D,D004,capture1,873,1080,G2
datasets\jigsaw\Needle_Passing\Needle_Passing\video\Needle_Passing_D004_capture1,Needle_Passing_D004_capture1,D,D004,capture1,1081,1147,G3
datasets\jigsaw\Needle_Passing\Needle_Passing\video\Needle_Passing_D004_capture1,Needle_Passing_D004_capture1,D,D004,capture1,1148,1198,G6
datasets\jigsaw\Needle_Passing\Needle_Passing\video\Needle_Passing_D004_capture1,Needle_Passing_D004_capture1,D,D004,capture1,1199,1310,G4
datasets\jigsaw\Needle_Passing\Needle_Passing\video\Needle_Passing_D004_capture1,Needle_Passing_D004_capture1,D,D004,capture1,1311,1606,G2
datasets\jigsaw\Needle_Passing\Needle_Passing\video\Needle_Passing_D004_capture1,Needle_Passing_D004_capture1,D,D004,capture1,1607,1676,G3
datasets\jigsaw\Needle_Passing\Needle_Passing\video\Needle_Passing_D004_capture1,Needle_Passing_D004_capture1,D,D004,capture1,1677,1821,G6
datasets\jigsaw\Needle_Passing\Needle_Passing\video\Needle_Passing_D004_capture1,Needle_Passing_D004_capture1,D,D004,capture1,1822,1917,G4
datasets\jigsaw\Needle_Passing\Needle_Passing\video\Needle_Passing_D004_capture1,Needle_Passing_D004_capture1,D,D004,capture1,1918,2125,G2
datasets\jigsaw\Needle_Passing\Needle_Passing\video\Needle_Passing_D004_capture1,Needle_Passing_D004_capture1,D,D004,capture1,2126,2219,G3
datasets\jigsaw\Needle_Passing\Needle_Passing\video\Needle_Passing_D004_capture1,Needle_Passing_D004_capture1,D,D004,capture1,2220,2308,G6
datasets\jigsaw\Needle_Passing\Needle_Passing\video\Needle_Passing_D004_capture1,Needle_Passing_D004_capture1,D,D004,capture1,2309,2685,G11
datasets\jigsaw\Needle_Passing\Needle_Passing\video\Needle_Passing_D004_capture2,Needle_Passing_D004_capture2,D,D004,capture2,32,165,G1
datasets\jigsaw\Needle_Passing\Needle_Passing\video\Needle_Passing_D004_capture2,Needle_Passing_D004_capture2,D,D004,capture2,166,290,G5
datasets\jigsaw\Needle_Passing\Needle_Passing\video\Needle_Passing_D004_capture2,Needle_Passing_D004_capture2,D,D004,capture2,291,377,G8
datasets\jigsaw\Needle_Passing\Needle_Passing\video\Needle_Passing_D004_capture2,Needle_Passing_D004_capture2,D,D004,capture2,378,639,G2
datasets\jigsaw\Needle_Passing\Needle_Passing\video\Needle_Passing_D004_capture2,Needle_Passing_D004_capture2,D,D004,capture2,640,704,G3
datasets\jigsaw\Needle_Passing\Needle_Passing\video\Needle_Passing_D004_capture2,Needle_Passing_D004_capture2,D,D004,capture2,705,805,G6
datasets\jigsaw\Needle_Passing\Needle_Passing\video\Needle_Passing_D004_capture2,Needle_Passing_D004_capture2,D,D004,capture2,806,872,G4
datasets\jigsaw\Needle_Passing\Needle_Passing\video\Needle_Passing_D004_capture2,Needle_Passing_D004_capture2,D,D004,capture2,873,1080,G2
datasets\jigsaw\Needle_Passing\Needle_Passing\video\Needle_Passing_D004_capture2,Needle_Passing_D004_capture2,D,D004,capture2,1081,1147,G3
datasets\jigsaw\Needle_Passing\Needle_Passing\video\Needle_Passing_D004_capture2,Needle_Passing_D004_capture2,D,D004,capture2,1148,1198,G6
datasets\jigsaw\Needle_Passing\Needle_Passing\video\Needle_Passing_D004_capture2,Needle_Passing_D004_capture2,D,D004,capture2,1199,1310,G4
datasets\jigsaw\Needle_Passing\Needle_Passing\video\Needle_Passing_D004_capture2,Needle_Passing_D004_capture2,D,D004,capture2,1311,1606,G2
datasets\jigsaw\Needle_Passing\Needle_Passing\video\Needle_Passing_D004_capture2,Needle_Passing_D004_capture2,D,D004,capture2,1607,1676,G3
datasets\jigsaw\Needle_Passing\Needle_Passing\video\Needle_Passing_D004_capture2,Needle_Passing_D004_capture2,D,D004,capture2,1677,1821,G6
datasets\jigsaw\Needle_Passing\Needle_Passing\video\Needle_Passing_D004_capture2,Needle_Passing_D004_capture2,D,D004,capture2,1822,1917,G4
datasets\jigsaw\Needle_Passing\Needle_Passing\video\Needle_Passing_D004_capture2,Needle_Passing_D004_capture2,D,D004,capture2,1918,2125,G2
datasets\jigsaw\Needle_Passing\Needle_Passing\video\Needle_Passing_D004_capture2,Needle_Passing_D004_capture2,D,D004,capture2,2126,2219,G3
datasets\jigsaw\Needle_Passing\Needle_Passing\video\Needle_Passing_D004_capture2,Needle_Passing_D004_capture2,D,D004,capture2,2220,2308,G6
datasets\jigsaw\Needle_Passing\Needle_Passing\video\Needle_Passing_D004_capture2,Needle_Passing_D004_capture2,D,D004,capture2,2309,2685,G11
datasets\jigsaw\Needle_Passing\Needle_Passing\video\Needle_Passing_D005_capture1,Needle_Passing_D005_capture1,D,D005,capture1,1,84,G1
datasets\jigsaw\Needle_Passing\Needle_Passing\video\Needle_Passing_D005_capture1,Needle_Passing_D005_capture1,D,D005,capture1,85,159,G5
datasets\jigsaw\Needle_Passing\Needle_Passing\video\Needle_Passing_D005_capture1,Needle_Passing_D005_capture1,D,D005,capture1,160,208,G1
datasets\jigsaw\Needle_Passing\Needle_Passing\video\Needle_Passing_D005_capture1,Needle_Passing_D005_capture1,D,D005,capture1,209,383,G5
datasets\jigsaw\Needle_Passing\Needle_Passing\video\Needle_Passing_D005_capture1,Needle_Passing_D005_capture1,D,D005,capture1,384,561,G8
datasets\jigsaw\Needle_Passing\Needle_Passing\video\Needle_Passing_D005_capture1,Needle_Passing_D005_capture1,D,D005,capture1,562,666,G2
datasets\jigsaw\Needle_Passing\Needle_Passing\video\Needle_Passing_D005_capture1,Needle_Passing_D005_capture1,D,D005,capture1,667,723,G3
datasets\jigsaw\Needle_Passing\Needle_Passing\video\Needle_Passing_D005_capture1,Needle_Passing_D005_capture1,D,D005,capture1,724,799,G6
datasets\jigsaw\Needle_Passing\Needle_Passing\video\Needle_Passing_D005_capture1,Needle_Passing_D005_capture1,D,D005,capture1,800,875,G4
datasets\jigsaw\Needle_Passing\Needle_Passing\video\Needle_Passing_D005_capture1,Needle_Passing_D005_capture1,D,D005,capture1,876,1101,G2
datasets\jigsaw\Needle_Passing\Needle_Passing\video\Needle_Passing_D005_capture1,Needle_Passing_D005_capture1,D,D005,capture1,1102,1156,G3
datasets\jigsaw\Needle_Passing\Needle_Passing\video\Needle_Passing_D005_capture1,Needle_Passing_D005_capture1,D,D005,capture1,1157,1185,G6
datasets\jigsaw\Needle_Passing\Needle_Passing\video\Needle_Passing_D005_capture1,Needle_Passing_D005_capture1,D,D005,capture1,1186,1268,G4
datasets\jigsaw\Needle_Passing\Needle_Passing\video\Needle_Passing_D005_capture1,Needle_Passing_D005_capture1,D,D005,capture1,1269,1464,G2
datasets\jigsaw\Needle_Passing\Needle_Passing\video\Needle_Passing_D005_capture1,Needle_Passing_D005_capture1,D,D005,capture1,1465,1523,G3
datasets\jigsaw\Needle_Passing\Needle_Passing\video\Needle_Passing_D005_capture1,Needle_Passing_D005_capture1,D,D005,capture1,1524,1568,G6
datasets\jigsaw\Needle_Passing\Needle_Passing\video\Needle_Passing_D005_capture1,Needle_Passing_D005_capture1,D,D005,capture1,1569,1625,G4
datasets\jigsaw\Needle_Passing\Needle_Passing\video\Needle_Passing_D005_capture1,Needle_Passing_D005_capture1,D,D005,capture1,1626,1733,G2
datasets\jigsaw\Needle_Passing\Needle_Passing\video\Needle_Passing_D005_capture1,Needle_Passing_D005_capture1,D,D005,capture1,1734,1779,G3
datasets\jigsaw\Needle_Passing\Needle_Passing\video\Needle_Passing_D005_capture1,Needle_Passing_D005_capture1,D,D005,capture1,1780,1854,G6
datasets\jigsaw\Needle_Passing\Needle_Passing\video\Needle_Passing_D005_capture1,Needle_Passing_D005_capture1,D,D005,capture1,1855,1962,G11
datasets\jigsaw\Needle_Passing\Needle_Passing\video\Needle_Passing_D005_capture2,Needle_Passing_D005_capture2,D,D005,capture2,1,84,G1
datasets\jigsaw\Needle_Passing\Needle_Passing\video\Needle_Passing_D005_capture2,Needle_Passing_D005_capture2,D,D005,capture2,85,159,G5
datasets\jigsaw\Needle_Passing\Needle_Passing\video\Needle_Passing_D005_capture2,Needle_Passing_D005_capture2,D,D005,capture2,160,208,G1
datasets\jigsaw\Needle_Passing\Needle_Passing\video\Needle_Passing_D005_capture2,Needle_Passing_D005_capture2,D,D005,capture2,209,383,G5
datasets\jigsaw\Needle_Passing\Needle_Passing\video\Needle_Passing_D005_capture2,Needle_Passing_D005_capture2,D,D005,capture2,384,561,G8
datasets\jigsaw\Needle_Passing\Needle_Passing\video\Needle_Passing_D005_capture2,Needle_Passing_D005_capture2,D,D005,capture2,562,666,G2
datasets\jigsaw\Needle_Passing\Needle_Passing\video\Needle_Passing_D005_capture2,Needle_Passing_D005_capture2,D,D005,capture2,667,723,G3
datasets\jigsaw\Needle_Passing\Needle_Passing\video\Needle_Passing_D005_capture2,Needle_Passing_D005_capture2,D,D005,capture2,724,799,G6
datasets\jigsaw\Needle_Passing\Needle_Passing\video\Needle_Passing_D005_capture2,Needle_Passing_D005_capture2,D,D005,capture2,800,875,G4
datasets\jigsaw\Needle_Passing\Needle_Passing\video\Needle_Passing_D005_capture2,Needle_Passing_D005_capture2,D,D005,capture2,876,1101,G2
datasets\jigsaw\Needle_Passing\Needle_Passing\video\Needle_Passing_D005_capture2,Needle_Passing_D005_capture2,D,D005,capture2,1102,1156,G3
datasets\jigsaw\Needle_Passing\Needle_Passing\video\Needle_Passing_D005_capture2,Needle_Passing_D005_capture2,D,D005,capture2,1157,1185,G6
datasets\jigsaw\Needle_Passing\Needle_Passing\video\Needle_Passing_D005_capture2,Needle_Passing_D005_capture2,D,D005,capture2,1186,1268,G4
datasets\jigsaw\Needle_Passing\Needle_Passing\video\Needle_Passing_D005_capture2,Needle_Passing_D005_capture2,D,D005,capture2,1269,1464,G2
datasets\jigsaw\Needle_Passing\Needle_Passing\video\Needle_Passing_D005_capture2,Needle_Passing_D005_capture2,D,D005,capture2,1465,1523,G3
datasets\jigsaw\Needle_Passing\Needle_Passing\video\Needle_Passing_D005_capture2,Needle_Passing_D005_capture2,D,D005,capture2,1524,1568,G6
datasets\jigsaw\Needle_Passing\Needle_Passing\video\Needle_Passing_D005_capture2,Needle_Passing_D005_capture2,D,D005,capture2,1569,1625,G4
datasets\jigsaw\Needle_Passing\Needle_Passing\video\Needle_Passing_D005_capture2,Needle_Passing_D005_capture2,D,D005,capture2,1626,1733,G2
datasets\jigsaw\Needle_Passing\Needle_Passing\video\Needle_Passing_D005_capture2,Needle_Passing_D005_capture2,D,D005,capture2,1734,1779,G3
datasets\jigsaw\Needle_Passing\Needle_Passing\video\Needle_Passing_D005_capture2,Needle_Passing_D005_capture2,D,D005,capture2,1780,1854,G6
datasets\jigsaw\Needle_Passing\Needle_Passing\video\Needle_Passing_D005_capture2,Needle_Passing_D005_capture2,D,D005,capture2,1855,1962,G11
datasets\jigsaw\Needle_Passing\Needle_Passing\video\Needle_Passing_E001_capture1,Needle_Passing_E001_capture1,E,E001,capture1,15,169,G1
datasets\jigsaw\Needle_Passing\Needle_Passing\video\Needle_Passing_E001_capture1,Needle_Passing_E001_capture1,E,E001,capture1,170,334,G5
datasets\jigsaw\Needle_Passing\Needle_Passing\video\Needle_Passing_E001_capture1,Needle_Passing_E001_capture1,E,E001,capture1,335,419,G8
datasets\jigsaw\Needle_Passing\Needle_Passing\video\Needle_Passing_E001_capture1,Needle_Passing_E001_capture1,E,E001,capture1,420,552,G2
datasets\jigsaw\Needle_Passing\Needle_Passing\video\Needle_Passing_E001_capture1,Needle_Passing_E001_capture1,E,E001,capture1,553,709,G8
datasets\jigsaw\Needle_Passing\Needle_Passing\video\Needle_Passing_E001_capture1,Needle_Passing_E001_capture1,E,E001,capture1,710,898,G2
datasets\jigsaw\Needle_Passing\Needle_Passing\video\Needle_Passing_E001_capture1,Needle_Passing_E001_capture1,E,E001,capture1,899,943,G3
datasets\jigsaw\Needle_Passing\Needle_Passing\video\Needle_Passing_E001_capture1,Needle_Passing_E001_capture1,E,E001,capture1,944,1159,G6
datasets\jigsaw\Needle_Passing\Needle_Passing\video\Needle_Passing_E001_capture1,Needle_Passing_E001_capture1,E,E001,capture1,1160,1263,G4
datasets\jigsaw\Needle_Passing\Needle_Passing\video\Needle_Passing_E001_capture1,Needle_Passing_E001_capture1,E,E001,capture1,1264,1539,G2
datasets\jigsaw\Needle_Passing\Needle_Passing\video\Needle_Passing_E001_capture1,Needle_Passing_E001_capture1,E,E001,capture1,1540,1640,G3
datasets\jigsaw\Needle_Passing\Needle_Passing\video\Needle_Passing_E001_capture1,Needle_Passing_E001_capture1,E,E001,capture1,1641,1760,G6
datasets\jigsaw\Needle_Passing\Needle_Passing\video\Needle_Passing_E001_capture1,Needle_Passing_E001_capture1,E,E001,capture1,1761,1889,G4
datasets\jigsaw\Needle_Passing\Needle_Passing\video\Needle_Passing_E001_capture1,Needle_Passing_E001_capture1,E,E001,capture1,1890,2247,G2
datasets\jigsaw\Needle_Passing\Needle_Passing\video\Needle_Passing_E001_capture1,Needle_Passing_E001_capture1,E,E001,capture1,2248,2354,G3
datasets\jigsaw\Needle_Passing\Needle_Passing\video\Needle_Passing_E001_capture1,Needle_Passing_E001_capture1,E,E001,capture1,2355,2477,G6
datasets\jigsaw\Needle_Passing\Needle_Passing\video\Needle_Passing_E001_capture1,Needle_Passing_E001_capture1,E,E001,capture1,2478,2567,G4
datasets\jigsaw\Needle_Passing\Needle_Passing\video\Needle_Passing_E001_capture1,Needle_Passing_E001_capture1,E,E001,capture1,2568,2776,G2
datasets\jigsaw\Needle_Passing\Needle_Passing\video\Needle_Passing_E001_capture1,Needle_Passing_E001_capture1,E,E001,capture1,2777,2850,G3
datasets\jigsaw\Needle_Passing\Needle_Passing\video\Needle_Passing_E001_capture1,Needle_Passing_E001_capture1,E,E001,capture1,2851,2946,G6
datasets\jigsaw\Needle_Passing\Needle_Passing\video\Needle_Passing_E001_capture1,Needle_Passing_E001_capture1,E,E001,capture1,2947,3230,G11
datasets\jigsaw\Needle_Passing\Needle_Passing\video\Needle_Passing_E001_capture2,Needle_Passing_E001_capture2,E,E001,capture2,15,169,G1
datasets\jigsaw\Needle_Passing\Needle_Passing\video\Needle_Passing_E001_capture2,Needle_Passing_E001_capture2,E,E001,capture2,170,334,G5
datasets\jigsaw\Needle_Passing\Needle_Passing\video\Needle_Passing_E001_capture2,Needle_Passing_E001_capture2,E,E001,capture2,335,419,G8
datasets\jigsaw\Needle_Passing\Needle_Passing\video\Needle_Passing_E001_capture2,Needle_Passing_E001_capture2,E,E001,capture2,420,552,G2
datasets\jigsaw\Needle_Passing\Needle_Passing\video\Needle_Passing_E001_capture2,Needle_Passing_E001_capture2,E,E001,capture2,553,709,G8
datasets\jigsaw\Needle_Passing\Needle_Passing\video\Needle_Passing_E001_capture2,Needle_Passing_E001_capture2,E,E001,capture2,710,898,G2
datasets\jigsaw\Needle_Passing\Needle_Passing\video\Needle_Passing_E001_capture2,Needle_Passing_E001_capture2,E,E001,capture2,899,943,G3
datasets\jigsaw\Needle_Passing\Needle_Passing\video\Needle_Passing_E001_capture2,Needle_Passing_E001_capture2,E,E001,capture2,944,1159,G6
datasets\jigsaw\Needle_Passing\Needle_Passing\video\Needle_Passing_E001_capture2,Needle_Passing_E001_capture2,E,E001,capture2,1160,1263,G4
datasets\jigsaw\Needle_Passing\Needle_Passing\video\Needle_Passing_E001_capture2,Needle_Passing_E001_capture2,E,E001,capture2,1264,1539,G2
datasets\jigsaw\Needle_Passing\Needle_Passing\video\Needle_Passing_E001_capture2,Needle_Passing_E001_capture2,E,E001,capture2,1540,1640,G3
datasets\jigsaw\Needle_Passing\Needle_Passing\video\Needle_Passing_E001_capture2,Needle_Passing_E001_capture2,E,E001,capture2,1641,1760,G6
datasets\jigsaw\Needle_Passing\Needle_Passing\video\Needle_Passing_E001_capture2,Needle_Passing_E001_capture2,E,E001,capture2,1761,1889,G4
datasets\jigsaw\Needle_Passing\Needle_Passing\video\Needle_Passing_E001_capture2,Needle_Passing_E001_capture2,E,E001,capture2,1890,2247,G2
datasets\jigsaw\Needle_Passing\Needle_Passing\video\Needle_Passing_E001_capture2,Needle_Passing_E001_capture2,E,E001,capture2,2248,2354,G3
datasets\jigsaw\Needle_Passing\Needle_Passing\video\Needle_Passing_E001_capture2,Needle_Passing_E001_capture2,E,E001,capture2,2355,2477,G6
datasets\jigsaw\Needle_Passing\Needle_Passing\video\Needle_Passing_E001_capture2,Needle_Passing_E001_capture2,E,E001,capture2,2478,2567,G4
datasets\jigsaw\Needle_Passing\Needle_Passing\video\Needle_Passing_E001_capture2,Needle_Passing_E001_capture2,E,E001,capture2,2568,2776,G2
datasets\jigsaw\Needle_Passing\Needle_Passing\video\Needle_Passing_E001_capture2,Needle_Passing_E001_capture2,E,E001,capture2,2777,2850,G3
datasets\jigsaw\Needle_Passing\Needle_Passing\video\Needle_Passing_E001_capture2,Needle_Passing_E001_capture2,E,E001,capture2,2851,2946,G6
datasets\jigsaw\Needle_Passing\Needle_Passing\video\Needle_Passing_E001_capture2,Needle_Passing_E001_capture2,E,E001,capture2,2947,3230,G11
datasets\jigsaw\Needle_Passing\Needle_Passing\video\Needle_Passing_E003_capture1,Needle_Passing_E003_capture1,E,E003,capture1,103,147,G1
datasets\jigsaw\Needle_Passing\Needle_Passing\video\Needle_Passing_E003_capture1,Needle_Passing_E003_capture1,E,E003,capture1,148,508,G5
datasets\jigsaw\Needle_Passing\Needle_Passing\video\Needle_Passing_E003_capture1,Needle_Passing_E003_capture1,E,E003,capture1,509,766,G2
datasets\jigsaw\Needle_Passing\Needle_Passing\video\Needle_Passing_E003_capture1,Needle_Passing_E003_capture1,E,E003,capture1,767,833,G3
datasets\jigsaw\Needle_Passing\Needle_Passing\video\Needle_Passing_E003_capture1,Needle_Passing_E003_capture1,E,E003,capture1,834,958,G6
datasets\jigsaw\Needle_Passing\Needle_Passing\video\Needle_Passing_E003_capture1,Needle_Passing_E003_capture1,E,E003,capture1,959,1028,G4
datasets\jigsaw\Needle_Passing\Needle_Passing\video\Needle_Passing_E003_capture1,Needle_Passing_E003_capture1,E,E003,capture1,1029,1239,G2
datasets\jigsaw\Needle_Passing\Needle_Passing\video\Needle_Passing_E003_capture1,Needle_Passing_E003_capture1,E,E003,capture1,1240,1333,G3
datasets\jigsaw\Needle_Passing\Needle_Passing\video\Needle_Passing_E003_capture1,Needle_Passing_E003_capture1,E,E003,capture1,1334,1457,G6
datasets\jigsaw\Needle_Passing\Needle_Passing\video\Needle_Passing_E003_capture1,Needle_Passing_E003_capture1,E,E003,capture1,1458,1608,G4
datasets\jigsaw\Needle_Passing\Needle_Passing\video\Needle_Passing_E003_capture1,Needle_Passing_E003_capture1,E,E003,capture1,1609,2028,G2
datasets\jigsaw\Needle_Passing\Needle_Passing\video\Needle_Passing_E003_capture1,Needle_Passing_E003_capture1,E,E003,capture1,2029,2282,G3
datasets\jigsaw\Needle_Passing\Needle_Passing\video\Needle_Passing_E003_capture1,Needle_Passing_E003_capture1,E,E003,capture1,2283,2381,G6
datasets\jigsaw\Needle_Passing\Needle_Passing\video\Needle_Passing_E003_capture1,Needle_Passing_E003_capture1,E,E003,capture1,2382,2606,G4
datasets\jigsaw\Needle_Passing\Needle_Passing\video\Needle_Passing_E003_capture1,Needle_Passing_E003_capture1,E,E003,capture1,2607,2948,G2
datasets\jigsaw\Needle_Passing\Needle_Passing\video\Needle_Passing_E003_capture1,Needle_Passing_E003_capture1,E,E003,capture1,2949,3063,G3
datasets\jigsaw\Needle_Passing\Needle_Passing\video\Needle_Passing_E003_capture1,Needle_Passing_E003_capture1,E,E003,capture1,3064,3136,G6
datasets\jigsaw\Needle_Passing\Needle_Passing\video\Needle_Passing_E003_capture1,Needle_Passing_E003_capture1,E,E003,capture1,3137,3414,G11
datasets\jigsaw\Needle_Passing\Needle_Passing\video\Needle_Passing_E003_capture2,Needle_Passing_E003_capture2,E,E003,capture2,103,147,G1
datasets\jigsaw\Needle_Passing\Needle_Passing\video\Needle_Passing_E003_capture2,Needle_Passing_E003_capture2,E,E003,capture2,148,508,G5
datasets\jigsaw\Needle_Passing\Needle_Passing\video\Needle_Passing_E003_capture2,Needle_Passing_E003_capture2,E,E003,capture2,509,766,G2
datasets\jigsaw\Needle_Passing\Needle_Passing\video\Needle_Passing_E003_capture2,Needle_Passing_E003_capture2,E,E003,capture2,767,833,G3
datasets\jigsaw\Needle_Passing\Needle_Passing\video\Needle_Passing_E003_capture2,Needle_Passing_E003_capture2,E,E003,capture2,834,958,G6
datasets\jigsaw\Needle_Passing\Needle_Passing\video\Needle_Passing_E003_capture2,Needle_Passing_E003_capture2,E,E003,capture2,959,1028,G4
datasets\jigsaw\Needle_Passing\Needle_Passing\video\Needle_Passing_E003_capture2,Needle_Passing_E003_capture2,E,E003,capture2,1029,1239,G2
datasets\jigsaw\Needle_Passing\Needle_Passing\video\Needle_Passing_E003_capture2,Needle_Passing_E003_capture2,E,E003,capture2,1240,1333,G3
datasets\jigsaw\Needle_Passing\Needle_Passing\video\Needle_Passing_E003_capture2,Needle_Passing_E003_capture2,E,E003,capture2,1334,1457,G6
datasets\jigsaw\Needle_Passing\Needle_Passing\video\Needle_Passing_E003_capture2,Needle_Passing_E003_capture2,E,E003,capture2,1458,1608,G4
datasets\jigsaw\Needle_Passing\Needle_Passing\video\Needle_Passing_E003_capture2,Needle_Passing_E003_capture2,E,E003,capture2,1609,2028,G2
datasets\jigsaw\Needle_Passing\Needle_Passing\video\Needle_Passing_E003_capture2,Needle_Passing_E003_capture2,E,E003,capture2,2029,2282,G3
datasets\jigsaw\Needle_Passing\Needle_Passing\video\Needle_Passing_E003_capture2,Needle_Passing_E003_capture2,E,E003,capture2,2283,2381,G6
datasets\jigsaw\Needle_Passing\Needle_Passing\video\Needle_Passing_E003_capture2,Needle_Passing_E003_capture2,E,E003,capture2,2382,2606,G4
datasets\jigsaw\Needle_Passing\Needle_Passing\video\Needle_Passing_E003_capture2,Needle_Passing_E003_capture2,E,E003,capture2,2607,2948,G2
datasets\jigsaw\Needle_Passing\Needle_Passing\video\Needle_Passing_E003_capture2,Needle_Passing_E003_capture2,E,E003,capture2,2949,3063,G3
datasets\jigsaw\Needle_Passing\Needle_Passing\video\Needle_Passing_E003_capture2,Needle_Passing_E003_capture2,E,E003,capture2,3064,3136,G6
datasets\jigsaw\Needle_Passing\Needle_Passing\video\Needle_Passing_E003_capture2,Needle_Passing_E003_capture2,E,E003,capture2,3137,3414,G11
datasets\jigsaw\Needle_Passing\Needle_Passing\video\Needle_Passing_E004_capture1,Needle_Passing_E004_capture1,E,E004,capture1,73,213,G1
datasets\jigsaw\Needle_Passing\Needle_Passing\video\Needle_Passing_E004_capture1,Needle_Passing_E004_capture1,E,E004,capture1,214,395,G5
datasets\jigsaw\Needle_Passing\Needle_Passing\video\Needle_Passing_E004_capture1,Needle_Passing_E004_capture1,E,E004,capture1,396,784,G8
datasets\jigsaw\Needle_Passing\Needle_Passing\video\Needle_Passing_E004_capture1,Needle_Passing_E004_capture1,E,E004,capture1,785,997,G2
datasets\jigsaw\Needle_Passing\Needle_Passing\video\Needle_Passing_E004_capture1,Needle_Passing_E004_capture1,E,E004,capture1,998,1105,G3
datasets\jigsaw\Needle_Passing\Needle_Passing\video\Needle_Passing_E004_capture1,Needle_Passing_E004_capture1,E,E004,capture1,1106,1229,G6
datasets\jigsaw\Needle_Passing\Needle_Passing\video\Needle_Passing_E004_capture1,Needle_Passing_E004_capture1,E,E004,capture1,1230,1319,G4
datasets\jigsaw\Needle_Passing\Needle_Passing\video\Needle_Passing_E004_capture1,Needle_Passing_E004_capture1,E,E004,capture1,1320,1469,G2
datasets\jigsaw\Needle_Passing\Needle_Passing\video\Needle_Passing_E004_capture1,Needle_Passing_E004_capture1,E,E004,capture1,1470,1550,G3
datasets\jigsaw\Needle_Passing\Needle_Passing\video\Needle_Passing_E004_capture1,Needle_Passing_E004_capture1,E,E004,capture1,1551,1733,G6
datasets\jigsaw\Needle_Passing\Needle_Passing\video\Needle_Passing_E004_capture1,Needle_Passing_E004_capture1,E,E004,capture1,1734,1827,G4
datasets\jigsaw\Needle_Passing\Needle_Passing\video\Needle_Passing_E004_capture1,Needle_Passing_E004_capture1,E,E004,capture1,1828,2004,G2
datasets\jigsaw\Needle_Passing\Needle_Passing\video\Needle_Passing_E004_capture1,Needle_Passing_E004_capture1,E,E004,capture1,2005,2086,G3
datasets\jigsaw\Needle_Passing\Needle_Passing\video\Needle_Passing_E004_capture1,Needle_Passing_E004_capture1,E,E004,capture1,2087,2251,G6
datasets\jigsaw\Needle_Passing\Needle_Passing\video\Needle_Passing_E004_capture1,Needle_Passing_E004_capture1,E,E004,capture1,2252,2365,G4
datasets\jigsaw\Needle_Passing\Needle_Passing\video\Needle_Passing_E004_capture1,Needle_Passing_E004_capture1,E,E004,capture1,2366,2919,G2
datasets\jigsaw\Needle_Passing\Needle_Passing\video\Needle_Passing_E004_capture1,Needle_Passing_E004_capture1,E,E004,capture1,2920,3031,G3
datasets\jigsaw\Needle_Passing\Needle_Passing\video\Needle_Passing_E004_capture1,Needle_Passing_E004_capture1,E,E004,capture1,3032,3140,G6
datasets\jigsaw\Needle_Passing\Needle_Passing\video\Needle_Passing_E004_capture1,Needle_Passing_E004_capture1,E,E004,capture1,3141,3318,G11
datasets\jigsaw\Needle_Passing\Needle_Passing\video\Needle_Passing_E004_capture2,Needle_Passing_E004_capture2,E,E004,capture2,73,213,G1
datasets\jigsaw\Needle_Passing\Needle_Passing\video\Needle_Passing_E004_capture2,Needle_Passing_E004_capture2,E,E004,capture2,214,395,G5
datasets\jigsaw\Needle_Passing\Needle_Passing\video\Needle_Passing_E004_capture2,Needle_Passing_E004_capture2,E,E004,capture2,396,784,G8
datasets\jigsaw\Needle_Passing\Needle_Passing\video\Needle_Passing_E004_capture2,Needle_Passing_E004_capture2,E,E004,capture2,785,997,G2
datasets\jigsaw\Needle_Passing\Needle_Passing\video\Needle_Passing_E004_capture2,Needle_Passing_E004_capture2,E,E004,capture2,998,1105,G3
datasets\jigsaw\Needle_Passing\Needle_Passing\video\Needle_Passing_E004_capture2,Needle_Passing_E004_capture2,E,E004,capture2,1106,1229,G6
datasets\jigsaw\Needle_Passing\Needle_Passing\video\Needle_Passing_E004_capture2,Needle_Passing_E004_capture2,E,E004,capture2,1230,1319,G4
datasets\jigsaw\Needle_Passing\Needle_Passing\video\Needle_Passing_E004_capture2,Needle_Passing_E004_capture2,E,E004,capture2,1320,1469,G2
datasets\jigsaw\Needle_Passing\Needle_Passing\video\Needle_Passing_E004_capture2,Needle_Passing_E004_capture2,E,E004,capture2,1470,1550,G3
datasets\jigsaw\Needle_Passing\Needle_Passing\video\Needle_Passing_E004_capture2,Needle_Passing_E004_capture2,E,E004,capture2,1551,1733,G6
datasets\jigsaw\Needle_Passing\Needle_Passing\video\Needle_Passing_E004_capture2,Needle_Passing_E004_capture2,E,E004,capture2,1734,1827,G4
datasets\jigsaw\Needle_Passing\Needle_Passing\video\Needle_Passing_E004_capture2,Needle_Passing_E004_capture2,E,E004,capture2,1828,2004,G2
datasets\jigsaw\Needle_Passing\Needle_Passing\video\Needle_Passing_E004_capture2,Needle_Passing_E004_capture2,E,E004,capture2,2005,2086,G3
datasets\jigsaw\Needle_Passing\Needle_Passing\video\Needle_Passing_E004_capture2,Needle_Passing_E004_capture2,E,E004,capture2,2087,2251,G6
datasets\jigsaw\Needle_Passing\Needle_Passing\video\Needle_Passing_E004_capture2,Needle_Passing_E004_capture2,E,E004,capture2,2252,2365,G4
datasets\jigsaw\Needle_Passing\Needle_Passing\video\Needle_Passing_E004_capture2,Needle_Passing_E004_capture2,E,E004,capture2,2366,2919,G2
datasets\jigsaw\Needle_Passing\Needle_Passing\video\Needle_Passing_E004_capture2,Needle_Passing_E004_capture2,E,E004,capture2,2920,3031,G3
datasets\jigsaw\Needle_Passing\Needle_Passing\video\Needle_Passing_E004_capture2,Needle_Passing_E004_capture2,E,E004,capture2,3032,3140,G6
datasets\jigsaw\Needle_Passing\Needle_Passing\video\Needle_Passing_E004_capture2,Needle_Passing_E004_capture2,E,E004,capture2,3141,3318,G11
datasets\jigsaw\Needle_Passing\Needle_Passing\video\Needle_Passing_E005_capture1,Needle_Passing_E005_capture1,E,E005,capture1,94,166,G1
datasets\jigsaw\Needle_Passing\Needle_Passing\video\Needle_Passing_E005_capture1,Needle_Passing_E005_capture1,E,E005,capture1,167,368,G5
datasets\jigsaw\Needle_Passing\Needle_Passing\video\Needle_Passing_E005_capture1,Needle_Passing_E005_capture1,E,E005,capture1,369,552,G8
datasets\jigsaw\Needle_Passing\Needle_Passing\video\Needle_Passing_E005_capture1,Needle_Passing_E005_capture1,E,E005,capture1,553,763,G2
datasets\jigsaw\Needle_Passing\Needle_Passing\video\Needle_Passing_E005_capture1,Needle_Passing_E005_capture1,E,E005,capture1,764,844,G3
datasets\jigsaw\Needle_Passing\Needle_Passing\video\Needle_Passing_E005_capture1,Needle_Passing_E005_capture1,E,E005,capture1,845,985,G6
datasets\jigsaw\Needle_Passing\Needle_Passing\video\Needle_Passing_E005_capture1,Needle_Passing_E005_capture1,E,E005,capture1,986,1124,G4
datasets\jigsaw\Needle_Passing\Needle_Passing\video\Needle_Passing_E005_capture1,Needle_Passing_E005_capture1,E,E005,capture1,1125,1397,G2
datasets\jigsaw\Needle_Passing\Needle_Passing\video\Needle_Passing_E005_capture1,Needle_Passing_E005_capture1,E,E005,capture1,1398,1469,G3
datasets\jigsaw\Needle_Passing\Needle_Passing\video\Needle_Passing_E005_capture1,Needle_Passing_E005_capture1,E,E005,capture1,1470,1616,G6
datasets\jigsaw\Needle_Passing\Needle_Passing\video\Needle_Passing_E005_capture1,Needle_Passing_E005_capture1,E,E005,capture1,1617,1738,G4
datasets\jigsaw\Needle_Passing\Needle_Passing\video\Needle_Passing_E005_capture1,Needle_Passing_E005_capture1,E,E005,capture1,1739,1911,G2
datasets\jigsaw\Needle_Passing\Needle_Passing\video\Needle_Passing_E005_capture1,Needle_Passing_E005_capture1,E,E005,capture1,1912,2426,G3
datasets\jigsaw\Needle_Passing\Needle_Passing\video\Needle_Passing_E005_capture1,Needle_Passing_E005_capture1,E,E005,capture1,2427,2503,G6
datasets\jigsaw\Needle_Passing\Needle_Passing\video\Needle_Passing_E005_capture1,Needle_Passing_E005_capture1,E,E005,capture1,2504,2643,G4
datasets\jigsaw\Needle_Passing\Needle_Passing\video\Needle_Passing_E005_capture1,Needle_Passing_E005_capture1,E,E005,capture1,2644,2978,G2
datasets\jigsaw\Needle_Passing\Needle_Passing\video\Needle_Passing_E005_capture1,Needle_Passing_E005_capture1,E,E005,capture1,2979,3051,G3
datasets\jigsaw\Needle_Passing\Needle_Passing\video\Needle_Passing_E005_capture1,Needle_Passing_E005_capture1,E,E005,capture1,3052,3129,G6
datasets\jigsaw\Needle_Passing\Needle_Passing\video\Needle_Passing_E005_capture1,Needle_Passing_E005_capture1,E,E005,capture1,3130,3326,G11
datasets\jigsaw\Needle_Passing\Needle_Passing\video\Needle_Passing_E005_capture2,Needle_Passing_E005_capture2,E,E005,capture2,94,166,G1
datasets\jigsaw\Needle_Passing\Needle_Passing\video\Needle_Passing_E005_capture2,Needle_Passing_E005_capture2,E,E005,capture2,167,368,G5
datasets\jigsaw\Needle_Passing\Needle_Passing\video\Needle_Passing_E005_capture2,Needle_Passing_E005_capture2,E,E005,capture2,369,552,G8
datasets\jigsaw\Needle_Passing\Needle_Passing\video\Needle_Passing_E005_capture2,Needle_Passing_E005_capture2,E,E005,capture2,553,763,G2
datasets\jigsaw\Needle_Passing\Needle_Passing\video\Needle_Passing_E005_capture2,Needle_Passing_E005_capture2,E,E005,capture2,764,844,G3
datasets\jigsaw\Needle_Passing\Needle_Passing\video\Needle_Passing_E005_capture2,Needle_Passing_E005_capture2,E,E005,capture2,845,985,G6
datasets\jigsaw\Needle_Passing\Needle_Passing\video\Needle_Passing_E005_capture2,Needle_Passing_E005_capture2,E,E005,capture2,986,1124,G4
datasets\jigsaw\Needle_Passing\Needle_Passing\video\Needle_Passing_E005_capture2,Needle_Passing_E005_capture2,E,E005,capture2,1125,1397,G2
datasets\jigsaw\Needle_Passing\Needle_Passing\video\Needle_Passing_E005_capture2,Needle_Passing_E005_capture2,E,E005,capture2,1398,1469,G3
datasets\jigsaw\Needle_Passing\Needle_Passing\video\Needle_Passing_E005_capture2,Needle_Passing_E005_capture2,E,E005,capture2,1470,1616,G6
datasets\jigsaw\Needle_Passing\Needle_Passing\video\Needle_Passing_E005_capture2,Needle_Passing_E005_capture2,E,E005,capture2,1617,1738,G4
datasets\jigsaw\Needle_Passing\Needle_Passing\video\Needle_Passing_E005_capture2,Needle_Passing_E005_capture2,E,E005,capture2,1739,1911,G2
datasets\jigsaw\Needle_Passing\Needle_Passing\video\Needle_Passing_E005_capture2,Needle_Passing_E005_capture2,E,E005,capture2,1912,2426,G3
datasets\jigsaw\Needle_Passing\Needle_Passing\video\Needle_Passing_E005_capture2,Needle_Passing_E005_capture2,E,E005,capture2,2427,2503,G6
datasets\jigsaw\Needle_Passing\Needle_Passing\video\Needle_Passing_E005_capture2,Needle_Passing_E005_capture2,E,E005,capture2,2504,2643,G4
datasets\jigsaw\Needle_Passing\Needle_Passing\video\Needle_Passing_E005_capture2,Needle_Passing_E005_capture2,E,E005,capture2,2644,2978,G2
datasets\jigsaw\Needle_Passing\Needle_Passing\video\Needle_Passing_E005_capture2,Needle_Passing_E005_capture2,E,E005,capture2,2979,3051,G3
datasets\jigsaw\Needle_Passing\Needle_Passing\video\Needle_Passing_E005_capture2,Needle_Passing_E005_capture2,E,E005,capture2,3052,3129,G6
datasets\jigsaw\Needle_Passing\Needle_Passing\video\Needle_Passing_E005_capture2,Needle_Passing_E005_capture2,E,E005,capture2,3130,3326,G11
datasets\jigsaw\Needle_Passing\Needle_Passing\video\Needle_Passing_F001_capture1,Needle_Passing_F001_capture1,F,F001,capture1,1,67,G5
datasets\jigsaw\Needle_Passing\Needle_Passing\video\Needle_Passing_F001_capture1,Needle_Passing_F001_capture1,F,F001,capture1,68,147,G8
datasets\jigsaw\Needle_Passing\Needle_Passing\video\Needle_Passing_F001_capture1,Needle_Passing_F001_capture1,F,F001,capture1,148,374,G2
datasets\jigsaw\Needle_Passing\Needle_Passing\video\Needle_Passing_F001_capture1,Needle_Passing_F001_capture1,F,F001,capture1,375,479,G3
datasets\jigsaw\Needle_Passing\Needle_Passing\video\Needle_Passing_F001_capture1,Needle_Passing_F001_capture1,F,F001,capture1,480,578,G4
datasets\jigsaw\Needle_Passing\Needle_Passing\video\Needle_Passing_F001_capture1,Needle_Passing_F001_capture1,F,F001,capture1,579,776,G2
datasets\jigsaw\Needle_Passing\Needle_Passing\video\Needle_Passing_F001_capture1,Needle_Passing_F001_capture1,F,F001,capture1,777,884,G3
datasets\jigsaw\Needle_Passing\Needle_Passing\video\Needle_Passing_F001_capture1,Needle_Passing_F001_capture1,F,F001,capture1,885,962,G6
datasets\jigsaw\Needle_Passing\Needle_Passing\video\Needle_Passing_F001_capture1,Needle_Passing_F001_capture1,F,F001,capture1,963,1031,G4
datasets\jigsaw\Needle_Passing\Needle_Passing\video\Needle_Passing_F001_capture1,Needle_Passing_F001_capture1,F,F001,capture1,1032,1198,G2
datasets\jigsaw\Needle_Passing\Needle_Passing\video\Needle_Passing_F001_capture1,Needle_Passing_F001_capture1,F,F001,capture1,1199,1331,G3
datasets\jigsaw\Needle_Passing\Needle_Passing\video\Needle_Passing_F001_capture1,Needle_Passing_F001_capture1,F,F001,capture1,1332,1384,G6
datasets\jigsaw\Needle_Passing\Needle_Passing\video\Needle_Passing_F001_capture1,Needle_Passing_F001_capture1,F,F001,capture1,1385,1461,G4
datasets\jigsaw\Needle_Passing\Needle_Passing\video\Needle_Passing_F001_capture1,Needle_Passing_F001_capture1,F,F001,capture1,1462,1569,G2
datasets\jigsaw\Needle_Passing\Needle_Passing\video\Needle_Passing_F001_capture1,Needle_Passing_F001_capture1,F,F001,capture1,1570,1657,G3
datasets\jigsaw\Needle_Passing\Needle_Passing\video\Needle_Passing_F001_capture1,Needle_Passing_F001_capture1,F,F001,capture1,1658,1722,G6
datasets\jigsaw\Needle_Passing\Needle_Passing\video\Needle_Passing_F001_capture1,Needle_Passing_F001_capture1,F,F001,capture1,1723,1871,G11
datasets\jigsaw\Needle_Passing\Needle_Passing\video\Needle_Passing_F001_capture2,Needle_Passing_F001_capture2,F,F001,capture2,1,67,G5
datasets\jigsaw\Needle_Passing\Needle_Passing\video\Needle_Passing_F001_capture2,Needle_Passing_F001_capture2,F,F001,capture2,68,147,G8
datasets\jigsaw\Needle_Passing\Needle_Passing\video\Needle_Passing_F001_capture2,Needle_Passing_F001_capture2,F,F001,capture2,148,374,G2
datasets\jigsaw\Needle_Passing\Needle_Passing\video\Needle_Passing_F001_capture2,Needle_Passing_F001_capture2,F,F001,capture2,375,479,G3
datasets\jigsaw\Needle_Passing\Needle_Passing\video\Needle_Passing_F001_capture2,Needle_Passing_F001_capture2,F,F001,capture2,480,578,G4
datasets\jigsaw\Needle_Passing\Needle_Passing\video\Needle_Passing_F001_capture2,Needle_Passing_F001_capture2,F,F001,capture2,579,776,G2
datasets\jigsaw\Needle_Passing\Needle_Passing\video\Needle_Passing_F001_capture2,Needle_Passing_F001_capture2,F,F001,capture2,777,884,G3
datasets\jigsaw\Needle_Passing\Needle_Passing\video\Needle_Passing_F001_capture2,Needle_Passing_F001_capture2,F,F001,capture2,885,962,G6
datasets\jigsaw\Needle_Passing\Needle_Passing\video\Needle_Passing_F001_capture2,Needle_Passing_F001_capture2,F,F001,capture2,963,1031,G4
datasets\jigsaw\Needle_Passing\Needle_Passing\video\Needle_Passing_F001_capture2,Needle_Passing_F001_capture2,F,F001,capture2,1032,1198,G2
datasets\jigsaw\Needle_Passing\Needle_Passing\video\Needle_Passing_F001_capture2,Needle_Passing_F001_capture2,F,F001,capture2,1199,1331,G3
datasets\jigsaw\Needle_Passing\Needle_Passing\video\Needle_Passing_F001_capture2,Needle_Passing_F001_capture2,F,F001,capture2,1332,1384,G6
datasets\jigsaw\Needle_Passing\Needle_Passing\video\Needle_Passing_F001_capture2,Needle_Passing_F001_capture2,F,F001,capture2,1385,1461,G4
datasets\jigsaw\Needle_Passing\Needle_Passing\video\Needle_Passing_F001_capture2,Needle_Passing_F001_capture2,F,F001,capture2,1462,1569,G2
datasets\jigsaw\Needle_Passing\Needle_Passing\video\Needle_Passing_F001_capture2,Needle_Passing_F001_capture2,F,F001,capture2,1570,1657,G3
datasets\jigsaw\Needle_Passing\Needle_Passing\video\Needle_Passing_F001_capture2,Needle_Passing_F001_capture2,F,F001,capture2,1658,1722,G6
datasets\jigsaw\Needle_Passing\Needle_Passing\video\Needle_Passing_F001_capture2,Needle_Passing_F001_capture2,F,F001,capture2,1723,1871,G11
datasets\jigsaw\Needle_Passing\Needle_Passing\video\Needle_Passing_F003_capture1,Needle_Passing_F003_capture1,F,F003,capture1,1,18,G1
datasets\jigsaw\Needle_Passing\Needle_Passing\video\Needle_Passing_F003_capture1,Needle_Passing_F003_capture1,F,F003,capture1,19,204,G5
datasets\jigsaw\Needle_Passing\Needle_Passing\video\Needle_Passing_F003_capture1,Needle_Passing_F003_capture1,F,F003,capture1,205,297,G8
datasets\jigsaw\Needle_Passing\Needle_Passing\video\Needle_Passing_F003_capture1,Needle_Passing_F003_capture1,F,F003,capture1,298,801,G2
datasets\jigsaw\Needle_Passing\Needle_Passing\video\Needle_Passing_F003_capture1,Needle_Passing_F003_capture1,F,F003,capture1,802,921,G3
datasets\jigsaw\Needle_Passing\Needle_Passing\video\Needle_Passing_F003_capture1,Needle_Passing_F003_capture1,F,F003,capture1,922,986,G6
datasets\jigsaw\Needle_Passing\Needle_Passing\video\Needle_Passing_F003_capture1,Needle_Passing_F003_capture1,F,F003,capture1,987,1066,G4
datasets\jigsaw\Needle_Passing\Needle_Passing\video\Needle_Passing_F003_capture1,Needle_Passing_F003_capture1,F,F003,capture1,1067,1201,G2
datasets\jigsaw\Needle_Passing\Needle_Passing\video\Needle_Passing_F003_capture1,Needle_Passing_F003_capture1,F,F003,capture1,1202,1271,G3
datasets\jigsaw\Needle_Passing\Needle_Passing\video\Needle_Passing_F003_capture1,Needle_Passing_F003_capture1,F,F003,capture1,1272,1348,G6
datasets\jigsaw\Needle_Passing\Needle_Passing\video\Needle_Passing_F003_capture1,Needle_Passing_F003_capture1,F,F003,capture1,1349,1432,G4
datasets\jigsaw\Needle_Passing\Needle_Passing\video\Needle_Passing_F003_capture1,Needle_Passing_F003_capture1,F,F003,capture1,1433,1666,G2
datasets\jigsaw\Needle_Passing\Needle_Passing\video\Needle_Passing_F003_capture1,Needle_Passing_F003_capture1,F,F003,capture1,1667,1730,G3
datasets\jigsaw\Needle_Passing\Needle_Passing\video\Needle_Passing_F003_capture1,Needle_Passing_F003_capture1,F,F003,capture1,1731,1768,G6
datasets\jigsaw\Needle_Passing\Needle_Passing\video\Needle_Passing_F003_capture1,Needle_Passing_F003_capture1,F,F003,capture1,1769,1831,G4
datasets\jigsaw\Needle_Passing\Needle_Passing\video\Needle_Passing_F003_capture1,Needle_Passing_F003_capture1,F,F003,capture1,1832,2099,G2
datasets\jigsaw\Needle_Passing\Needle_Passing\video\Needle_Passing_F003_capture1,Needle_Passing_F003_capture1,F,F003,capture1,2100,2169,G3
datasets\jigsaw\Needle_Passing\Needle_Passing\video\Needle_Passing_F003_capture1,Needle_Passing_F003_capture1,F,F003,capture1,2170,2214,G6
datasets\jigsaw\Needle_Passing\Needle_Passing\video\Needle_Passing_F003_capture1,Needle_Passing_F003_capture1,F,F003,capture1,2215,2267,G11
datasets\jigsaw\Needle_Passing\Needle_Passing\video\Needle_Passing_F003_capture2,Needle_Passing_F003_capture2,F,F003,capture2,1,18,G1
datasets\jigsaw\Needle_Passing\Needle_Passing\video\Needle_Passing_F003_capture2,Needle_Passing_F003_capture2,F,F003,capture2,19,204,G5
datasets\jigsaw\Needle_Passing\Needle_Passing\video\Needle_Passing_F003_capture2,Needle_Passing_F003_capture2,F,F003,capture2,205,297,G8
datasets\jigsaw\Needle_Passing\Needle_Passing\video\Needle_Passing_F003_capture2,Needle_Passing_F003_capture2,F,F003,capture2,298,801,G2
datasets\jigsaw\Needle_Passing\Needle_Passing\video\Needle_Passing_F003_capture2,Needle_Passing_F003_capture2,F,F003,capture2,802,921,G3
datasets\jigsaw\Needle_Passing\Needle_Passing\video\Needle_Passing_F003_capture2,Needle_Passing_F003_capture2,F,F003,capture2,922,986,G6
datasets\jigsaw\Needle_Passing\Needle_Passing\video\Needle_Passing_F003_capture2,Needle_Passing_F003_capture2,F,F003,capture2,987,1066,G4
datasets\jigsaw\Needle_Passing\Needle_Passing\video\Needle_Passing_F003_capture2,Needle_Passing_F003_capture2,F,F003,capture2,1067,1201,G2
datasets\jigsaw\Needle_Passing\Needle_Passing\video\Needle_Passing_F003_capture2,Needle_Passing_F003_capture2,F,F003,capture2,1202,1271,G3
datasets\jigsaw\Needle_Passing\Needle_Passing\video\Needle_Passing_F003_capture2,Needle_Passing_F003_capture2,F,F003,capture2,1272,1348,G6
datasets\jigsaw\Needle_Passing\Needle_Passing\video\Needle_Passing_F003_capture2,Needle_Passing_F003_capture2,F,F003,capture2,1349,1432,G4
datasets\jigsaw\Needle_Passing\Needle_Passing\video\Needle_Passing_F003_capture2,Needle_Passing_F003_capture2,F,F003,capture2,1433,1666,G2
datasets\jigsaw\Needle_Passing\Needle_Passing\video\Needle_Passing_F003_capture2,Needle_Passing_F003_capture2,F,F003,capture2,1667,1730,G3
datasets\jigsaw\Needle_Passing\Needle_Passing\video\Needle_Passing_F003_capture2,Needle_Passing_F003_capture2,F,F003,capture2,1731,1768,G6
datasets\jigsaw\Needle_Passing\Needle_Passing\video\Needle_Passing_F003_capture2,Needle_Passing_F003_capture2,F,F003,capture2,1769,1831,G4
datasets\jigsaw\Needle_Passing\Needle_Passing\video\Needle_Passing_F003_capture2,Needle_Passing_F003_capture2,F,F003,capture2,1832,2099,G2
datasets\jigsaw\Needle_Passing\Needle_Passing\video\Needle_Passing_F003_capture2,Needle_Passing_F003_capture2,F,F003,capture2,2100,2169,G3
datasets\jigsaw\Needle_Passing\Needle_Passing\video\Needle_Passing_F003_capture2,Needle_Passing_F003_capture2,F,F003,capture2,2170,2214,G6
datasets\jigsaw\Needle_Passing\Needle_Passing\video\Needle_Passing_F003_capture2,Needle_Passing_F003_capture2,F,F003,capture2,2215,2267,G11
datasets\jigsaw\Needle_Passing\Needle_Passing\video\Needle_Passing_F004_capture1,Needle_Passing_F004_capture1,F,F004,capture1,1,99,G1
datasets\jigsaw\Needle_Passing\Needle_Passing\video\Needle_Passing_F004_capture1,Needle_Passing_F004_capture1,F,F004,capture1,100,299,G5
datasets\jigsaw\Needle_Passing\Needle_Passing\video\Needle_Passing_F004_capture1,Needle_Passing_F004_capture1,F,F004,capture1,300,455,G2
datasets\jigsaw\Needle_Passing\Needle_Passing\video\Needle_Passing_F004_capture1,Needle_Passing_F004_capture1,F,F004,capture1,456,525,G3
datasets\jigsaw\Needle_Passing\Needle_Passing\video\Needle_Passing_F004_capture1,Needle_Passing_F004_capture1,F,F004,capture1,526,581,G6
datasets\jigsaw\Needle_Passing\Needle_Passing\video\Needle_Passing_F004_capture1,Needle_Passing_F004_capture1,F,F004,capture1,582,786,G4
datasets\jigsaw\Needle_Passing\Needle_Passing\video\Needle_Passing_F004_capture1,Needle_Passing_F004_capture1,F,F004,capture1,787,951,G2
datasets\jigsaw\Needle_Passing\Needle_Passing\video\Needle_Passing_F004_capture1,Needle_Passing_F004_capture1,F,F004,capture1,952,1039,G3
datasets\jigsaw\Needle_Passing\Needle_Passing\video\Needle_Passing_F004_capture1,Needle_Passing_F004_capture1,F,F004,capture1,1040,1133,G6
datasets\jigsaw\Needle_Passing\Needle_Passing\video\Needle_Passing_F004_capture1,Needle_Passing_F004_capture1,F,F004,capture1,1134,1193,G4
datasets\jigsaw\Needle_Passing\Needle_Passing\video\Needle_Passing_F004_capture1,Needle_Passing_F004_capture1,F,F004,capture1,1194,1318,G2
datasets\jigsaw\Needle_Passing\Needle_Passing\video\Needle_Passing_F004_capture1,Needle_Passing_F004_capture1,F,F004,capture1,1319,1394,G3
datasets\jigsaw\Needle_Passing\Needle_Passing\video\Needle_Passing_F004_capture1,Needle_Passing_F004_capture1,F,F004,capture1,1395,1444,G6
datasets\jigsaw\Needle_Passing\Needle_Passing\video\Needle_Passing_F004_capture1,Needle_Passing_F004_capture1,F,F004,capture1,1445,1504,G4
datasets\jigsaw\Needle_Passing\Needle_Passing\video\Needle_Passing_F004_capture1,Needle_Passing_F004_capture1,F,F004,capture1,1505,1594,G2
datasets\jigsaw\Needle_Passing\Needle_Passing\video\Needle_Passing_F004_capture1,Needle_Passing_F004_capture1,F,F004,capture1,1595,1657,G3
datasets\jigsaw\Needle_Passing\Needle_Passing\video\Needle_Passing_F004_capture1,Needle_Passing_F004_capture1,F,F004,capture1,1658,1693,G6
datasets\jigsaw\Needle_Passing\Needle_Passing\video\Needle_Passing_F004_capture1,Needle_Passing_F004_capture1,F,F004,capture1,1694,1787,G11
datasets\jigsaw\Needle_Passing\Needle_Passing\video\Needle_Passing_F004_capture2,Needle_Passing_F004_capture2,F,F004,capture2,1,99,G1
datasets\jigsaw\Needle_Passing\Needle_Passing\video\Needle_Passing_F004_capture2,Needle_Passing_F004_capture2,F,F004,capture2,100,299,G5
datasets\jigsaw\Needle_Passing\Needle_Passing\video\Needle_Passing_F004_capture2,Needle_Passing_F004_capture2,F,F004,capture2,300,455,G2
datasets\jigsaw\Needle_Passing\Needle_Passing\video\Needle_Passing_F004_capture2,Needle_Passing_F004_capture2,F,F004,capture2,456,525,G3
datasets\jigsaw\Needle_Passing\Needle_Passing\video\Needle_Passing_F004_capture2,Needle_Passing_F004_capture2,F,F004,capture2,526,581,G6
datasets\jigsaw\Needle_Passing\Needle_Passing\video\Needle_Passing_F004_capture2,Needle_Passing_F004_capture2,F,F004,capture2,582,786,G4
datasets\jigsaw\Needle_Passing\Needle_Passing\video\Needle_Passing_F004_capture2,Needle_Passing_F004_capture2,F,F004,capture2,787,951,G2
datasets\jigsaw\Needle_Passing\Needle_Passing\video\Needle_Passing_F004_capture2,Needle_Passing_F004_capture2,F,F004,capture2,952,1039,G3
datasets\jigsaw\Needle_Passing\Needle_Passing\video\Needle_Passing_F004_capture2,Needle_Passing_F004_capture2,F,F004,capture2,1040,1133,G6
datasets\jigsaw\Needle_Passing\Needle_Passing\video\Needle_Passing_F004_capture2,Needle_Passing_F004_capture2,F,F004,capture2,1134,1193,G4
datasets\jigsaw\Needle_Passing\Needle_Passing\video\Needle_Passing_F004_capture2,Needle_Passing_F004_capture2,F,F004,capture2,1194,1318,G2
datasets\jigsaw\Needle_Passing\Needle_Passing\video\Needle_Passing_F004_capture2,Needle_Passing_F004_capture2,F,F004,capture2,1319,1394,G3
datasets\jigsaw\Needle_Passing\Needle_Passing\video\Needle_Passing_F004_capture2,Needle_Passing_F004_capture2,F,F004,capture2,1395,1444,G6
datasets\jigsaw\Needle_Passing\Needle_Passing\video\Needle_Passing_F004_capture2,Needle_Passing_F004_capture2,F,F004,capture2,1445,1504,G4
datasets\jigsaw\Needle_Passing\Needle_Passing\video\Needle_Passing_F004_capture2,Needle_Passing_F004_capture2,F,F004,capture2,1505,1594,G2
datasets\jigsaw\Needle_Passing\Needle_Passing\video\Needle_Passing_F004_capture2,Needle_Passing_F004_capture2,F,F004,capture2,1595,1657,G3
datasets\jigsaw\Needle_Passing\Needle_Passing\video\Needle_Passing_F004_capture2,Needle_Passing_F004_capture2,F,F004,capture2,1658,1693,G6
datasets\jigsaw\Needle_Passing\Needle_Passing\video\Needle_Passing_F004_capture2,Needle_Passing_F004_capture2,F,F004,capture2,1694,1787,G11
datasets\jigsaw\Needle_Passing\Needle_Passing\video\Needle_Passing_H002_capture1,Needle_Passing_H002_capture1,H,H002,capture1,11,142,G1
datasets\jigsaw\Needle_Passing\Needle_Passing\video\Needle_Passing_H002_capture1,Needle_Passing_H002_capture1,H,H002,capture1,143,249,G5
datasets\jigsaw\Needle_Passing\Needle_Passing\video\Needle_Passing_H002_capture1,Needle_Passing_H002_capture1,H,H002,capture1,250,635,G8
datasets\jigsaw\Needle_Passing\Needle_Passing\video\Needle_Passing_H002_capture1,Needle_Passing_H002_capture1,H,H002,capture1,636,849,G2
datasets\jigsaw\Needle_Passing\Needle_Passing\video\Needle_Passing_H002_capture1,Needle_Passing_H002_capture1,H,H002,capture1,850,950,G3
datasets\jigsaw\Needle_Passing\Needle_Passing\video\Needle_Passing_H002_capture1,Needle_Passing_H002_capture1,H,H002,capture1,951,1307,G3
datasets\jigsaw\Needle_Passing\Needle_Passing\video\Needle_Passing_H002_capture1,Needle_Passing_H002_capture1,H,H002,capture1,1308,1451,G6
datasets\jigsaw\Needle_Passing\Needle_Passing\video\Needle_Passing_H002_capture1,Needle_Passing_H002_capture1,H,H002,capture1,1452,1548,G4
datasets\jigsaw\Needle_Passing\Needle_Passing\video\Needle_Passing_H002_capture1,Needle_Passing_H002_capture1,H,H002,capture1,1549,1958,G2
datasets\jigsaw\Needle_Passing\Needle_Passing\video\Needle_Passing_H002_capture1,Needle_Passing_H002_capture1,H,H002,capture1,1959,2058,G3
datasets\jigsaw\Needle_Passing\Needle_Passing\video\Needle_Passing_H002_capture1,Needle_Passing_H002_capture1,H,H002,capture1,2059,2414,G6
datasets\jigsaw\Needle_Passing\Needle_Passing\video\Needle_Passing_H002_capture1,Needle_Passing_H002_capture1,H,H002,capture1,2415,2694,G2
datasets\jigsaw\Needle_Passing\Needle_Passing\video\Needle_Passing_H002_capture1,Needle_Passing_H002_capture1,H,H002,capture1,2695,2771,G3
datasets\jigsaw\Needle_Passing\Needle_Passing\video\Needle_Passing_H002_capture1,Needle_Passing_H002_capture1,H,H002,capture1,2772,2896,G6
datasets\jigsaw\Needle_Passing\Needle_Passing\video\Needle_Passing_H002_capture1,Needle_Passing_H002_capture1,H,H002,capture1,2897,2945,G4
datasets\jigsaw\Needle_Passing\Needle_Passing\video\Needle_Passing_H002_capture1,Needle_Passing_H002_capture1,H,H002,capture1,2946,3253,G2
datasets\jigsaw\Needle_Passing\Needle_Passing\video\Needle_Passing_H002_capture1,Needle_Passing_H002_capture1,H,H002,capture1,3254,3367,G3
datasets\jigsaw\Needle_Passing\Needle_Passing\video\Needle_Passing_H002_capture1,Needle_Passing_H002_capture1,H,H002,capture1,3368,3546,G6
datasets\jigsaw\Needle_Passing\Needle_Passing\video\Needle_Passing_H002_capture1,Needle_Passing_H002_capture1,H,H002,capture1,3547,3687,G11
datasets\jigsaw\Needle_Passing\Needle_Passing\video\Needle_Passing_H002_capture2,Needle_Passing_H002_capture2,H,H002,capture2,11,142,G1
datasets\jigsaw\Needle_Passing\Needle_Passing\video\Needle_Passing_H002_capture2,Needle_Passing_H002_capture2,H,H002,capture2,143,249,G5
datasets\jigsaw\Needle_Passing\Needle_Passing\video\Needle_Passing_H002_capture2,Needle_Passing_H002_capture2,H,H002,capture2,250,635,G8
datasets\jigsaw\Needle_Passing\Needle_Passing\video\Needle_Passing_H002_capture2,Needle_Passing_H002_capture2,H,H002,capture2,636,849,G2
datasets\jigsaw\Needle_Passing\Needle_Passing\video\Needle_Passing_H002_capture2,Needle_Passing_H002_capture2,H,H002,capture2,850,950,G3
datasets\jigsaw\Needle_Passing\Needle_Passing\video\Needle_Passing_H002_capture2,Needle_Passing_H002_capture2,H,H002,capture2,951,1307,G3
datasets\jigsaw\Needle_Passing\Needle_Passing\video\Needle_Passing_H002_capture2,Needle_Passing_H002_capture2,H,H002,capture2,1308,1451,G6
datasets\jigsaw\Needle_Passing\Needle_Passing\video\Needle_Passing_H002_capture2,Needle_Passing_H002_capture2,H,H002,capture2,1452,1548,G4
datasets\jigsaw\Needle_Passing\Needle_Passing\video\Needle_Passing_H002_capture2,Needle_Passing_H002_capture2,H,H002,capture2,1549,1958,G2
datasets\jigsaw\Needle_Passing\Needle_Passing\video\Needle_Passing_H002_capture2,Needle_Passing_H002_capture2,H,H002,capture2,1959,2058,G3
datasets\jigsaw\Needle_Passing\Needle_Passing\video\Needle_Passing_H002_capture2,Needle_Passing_H002_capture2,H,H002,capture2,2059,2414,G6
datasets\jigsaw\Needle_Passing\Needle_Passing\video\Needle_Passing_H002_capture2,Needle_Passing_H002_capture2,H,H002,capture2,2415,2694,G2
datasets\jigsaw\Needle_Passing\Needle_Passing\video\Needle_Passing_H002_capture2,Needle_Passing_H002_capture2,H,H002,capture2,2695,2771,G3
datasets\jigsaw\Needle_Passing\Needle_Passing\video\Needle_Passing_H002_capture2,Needle_Passing_H002_capture2,H,H002,capture2,2772,2896,G6
datasets\jigsaw\Needle_Passing\Needle_Passing\video\Needle_Passing_H002_capture2,Needle_Passing_H002_capture2,H,H002,capture2,2897,2945,G4
datasets\jigsaw\Needle_Passing\Needle_Passing\video\Needle_Passing_H002_capture2,Needle_Passing_H002_capture2,H,H002,capture2,2946,3253,G2
datasets\jigsaw\Needle_Passing\Needle_Passing\video\Needle_Passing_H002_capture2,Needle_Passing_H002_capture2,H,H002,capture2,3254,3367,G3
datasets\jigsaw\Needle_Passing\Needle_Passing\video\Needle_Passing_H002_capture2,Needle_Passing_H002_capture2,H,H002,capture2,3368,3546,G6
datasets\jigsaw\Needle_Passing\Needle_Passing\video\Needle_Passing_H002_capture2,Needle_Passing_H002_capture2,H,H002,capture2,3547,3687,G11
datasets\jigsaw\Needle_Passing\Needle_Passing\video\Needle_Passing_H004_capture1,Needle_Passing_H004_capture1,H,H004,capture1,1,60,G1
datasets\jigsaw\Needle_Passing\Needle_Passing\video\Needle_Passing_H004_capture1,Needle_Passing_H004_capture1,H,H004,capture1,61,140,G5
datasets\jigsaw\Needle_Passing\Needle_Passing\video\Needle_Passing_H004_capture1,Needle_Passing_H004_capture1,H,H004,capture1,141,329,G2
datasets\jigsaw\Needle_Passing\Needle_Passing\video\Needle_Passing_H004_capture1,Needle_Passing_H004_capture1,H,H004,capture1,330,407,G3
datasets\jigsaw\Needle_Passing\Needle_Passing\video\Needle_Passing_H004_capture1,Needle_Passing_H004_capture1,H,H004,capture1,408,531,G6
datasets\jigsaw\Needle_Passing\Needle_Passing\video\Needle_Passing_H004_capture1,Needle_Passing_H004_capture1,H,H004,capture1,532,682,G5
datasets\jigsaw\Needle_Passing\Needle_Passing\video\Needle_Passing_H004_capture1,Needle_Passing_H004_capture1,H,H004,capture1,683,724,G6
datasets\jigsaw\Needle_Passing\Needle_Passing\video\Needle_Passing_H004_capture1,Needle_Passing_H004_capture1,H,H004,capture1,725,820,G4
datasets\jigsaw\Needle_Passing\Needle_Passing\video\Needle_Passing_H004_capture1,Needle_Passing_H004_capture1,H,H004,capture1,821,3480,G2
datasets\jigsaw\Needle_Passing\Needle_Passing\video\Needle_Passing_H004_capture2,Needle_Passing_H004_capture2,H,H004,capture2,1,60,G1
datasets\jigsaw\Needle_Passing\Needle_Passing\video\Needle_Passing_H004_capture2,Needle_Passing_H004_capture2,H,H004,capture2,61,140,G5
datasets\jigsaw\Needle_Passing\Needle_Passing\video\Needle_Passing_H004_capture2,Needle_Passing_H004_capture2,H,H004,capture2,141,329,G2
datasets\jigsaw\Needle_Passing\Needle_Passing\video\Needle_Passing_H004_capture2,Needle_Passing_H004_capture2,H,H004,capture2,330,407,G3
datasets\jigsaw\Needle_Passing\Needle_Passing\video\Needle_Passing_H004_capture2,Needle_Passing_H004_capture2,H,H004,capture2,408,531,G6
datasets\jigsaw\Needle_Passing\Needle_Passing\video\Needle_Passing_H004_capture2,Needle_Passing_H004_capture2,H,H004,capture2,532,682,G5
datasets\jigsaw\Needle_Passing\Needle_Passing\video\Needle_Passing_H004_capture2,Needle_Passing_H004_capture2,H,H004,capture2,683,724,G6
datasets\jigsaw\Needle_Passing\Needle_Passing\video\Needle_Passing_H004_capture2,Needle_Passing_H004_capture2,H,H004,capture2,725,820,G4
datasets\jigsaw\Needle_Passing\Needle_Passing\video\Needle_Passing_H004_capture2,Needle_Passing_H004_capture2,H,H004,capture2,821,3480,G2
datasets\jigsaw\Needle_Passing\Needle_Passing\video\Needle_Passing_H005_capture1,Needle_Passing_H005_capture1,H,H005,capture1,239,336,G1
datasets\jigsaw\Needle_Passing\Needle_Passing\video\Needle_Passing_H005_capture1,Needle_Passing_H005_capture1,H,H005,capture1,337,518,G5
datasets\jigsaw\Needle_Passing\Needle_Passing\video\Needle_Passing_H005_capture1,Needle_Passing_H005_capture1,H,H005,capture1,519,613,G8
datasets\jigsaw\Needle_Passing\Needle_Passing\video\Needle_Passing_H005_capture1,Needle_Passing_H005_capture1,H,H005,capture1,614,893,G2
datasets\jigsaw\Needle_Passing\Needle_Passing\video\Needle_Passing_H005_capture1,Needle_Passing_H005_capture1,H,H005,capture1,894,987,G3
datasets\jigsaw\Needle_Passing\Needle_Passing\video\Needle_Passing_H005_capture1,Needle_Passing_H005_capture1,H,H005,capture1,988,1286,G6
datasets\jigsaw\Needle_Passing\Needle_Passing\video\Needle_Passing_H005_capture1,Needle_Passing_H005_capture1,H,H005,capture1,1287,1378,G4
datasets\jigsaw\Needle_Passing\Needle_Passing\video\Needle_Passing_H005_capture1,Needle_Passing_H005_capture1,H,H005,capture1,1379,1579,G2
datasets\jigsaw\Needle_Passing\Needle_Passing\video\Needle_Passing_H005_capture1,Needle_Passing_H005_capture1,H,H005,capture1,1580,1685,G3
datasets\jigsaw\Needle_Passing\Needle_Passing\video\Needle_Passing_H005_capture1,Needle_Passing_H005_capture1,H,H005,capture1,1686,1799,G6
datasets\jigsaw\Needle_Passing\Needle_Passing\video\Needle_Passing_H005_capture1,Needle_Passing_H005_capture1,H,H005,capture1,1800,1881,G4
datasets\jigsaw\Needle_Passing\Needle_Passing\video\Needle_Passing_H005_capture1,Needle_Passing_H005_capture1,H,H005,capture1,1882,2271,G2
datasets\jigsaw\Needle_Passing\Needle_Passing\video\Needle_Passing_H005_capture1,Needle_Passing_H005_capture1,H,H005,capture1,2272,2354,G3
datasets\jigsaw\Needle_Passing\Needle_Passing\video\Needle_Passing_H005_capture1,Needle_Passing_H005_capture1,H,H005,capture1,2355,2447,G6
datasets\jigsaw\Needle_Passing\Needle_Passing\video\Needle_Passing_H005_capture1,Needle_Passing_H005_capture1,H,H005,capture1,2448,2513,G4
datasets\jigsaw\Needle_Passing\Needle_Passing\video\Needle_Passing_H005_capture1,Needle_Passing_H005_capture1,H,H005,capture1,2514,2864,G2
datasets\jigsaw\Needle_Passing\Needle_Passing\video\Needle_Passing_H005_capture1,Needle_Passing_H005_capture1,H,H005,capture1,2865,2980,G3
datasets\jigsaw\Needle_Passing\Needle_Passing\video\Needle_Passing_H005_capture1,Needle_Passing_H005_capture1,H,H005,capture1,2981,3088,G6
datasets\jigsaw\Needle_Passing\Needle_Passing\video\Needle_Passing_H005_capture1,Needle_Passing_H005_capture1,H,H005,capture1,3089,3249,G11
datasets\jigsaw\Needle_Passing\Needle_Passing\video\Needle_Passing_H005_capture2,Needle_Passing_H005_capture2,H,H005,capture2,239,336,G1
datasets\jigsaw\Needle_Passing\Needle_Passing\video\Needle_Passing_H005_capture2,Needle_Passing_H005_capture2,H,H005,capture2,337,518,G5
datasets\jigsaw\Needle_Passing\Needle_Passing\video\Needle_Passing_H005_capture2,Needle_Passing_H005_capture2,H,H005,capture2,519,613,G8
datasets\jigsaw\Needle_Passing\Needle_Passing\video\Needle_Passing_H005_capture2,Needle_Passing_H005_capture2,H,H005,capture2,614,893,G2
datasets\jigsaw\Needle_Passing\Needle_Passing\video\Needle_Passing_H005_capture2,Needle_Passing_H005_capture2,H,H005,capture2,894,987,G3
datasets\jigsaw\Needle_Passing\Needle_Passing\video\Needle_Passing_H005_capture2,Needle_Passing_H005_capture2,H,H005,capture2,988,1286,G6
datasets\jigsaw\Needle_Passing\Needle_Passing\video\Needle_Passing_H005_capture2,Needle_Passing_H005_capture2,H,H005,capture2,1287,1378,G4
datasets\jigsaw\Needle_Passing\Needle_Passing\video\Needle_Passing_H005_capture2,Needle_Passing_H005_capture2,H,H005,capture2,1379,1579,G2
datasets\jigsaw\Needle_Passing\Needle_Passing\video\Needle_Passing_H005_capture2,Needle_Passing_H005_capture2,H,H005,capture2,1580,1685,G3
datasets\jigsaw\Needle_Passing\Needle_Passing\video\Needle_Passing_H005_capture2,Needle_Passing_H005_capture2,H,H005,capture2,1686,1799,G6
datasets\jigsaw\Needle_Passing\Needle_Passing\video\Needle_Passing_H005_capture2,Needle_Passing_H005_capture2,H,H005,capture2,1800,1881,G4
datasets\jigsaw\Needle_Passing\Needle_Passing\video\Needle_Passing_H005_capture2,Needle_Passing_H005_capture2,H,H005,capture2,1882,2271,G2
datasets\jigsaw\Needle_Passing\Needle_Passing\video\Needle_Passing_H005_capture2,Needle_Passing_H005_capture2,H,H005,capture2,2272,2354,G3
datasets\jigsaw\Needle_Passing\Needle_Passing\video\Needle_Passing_H005_capture2,Needle_Passing_H005_capture2,H,H005,capture2,2355,2447,G6
datasets\jigsaw\Needle_Passing\Needle_Passing\video\Needle_Passing_H005_capture2,Needle_Passing_H005_capture2,H,H005,capture2,2448,2513,G4
datasets\jigsaw\Needle_Passing\Needle_Passing\video\Needle_Passing_H005_capture2,Needle_Passing_H005_capture2,H,H005,capture2,2514,2864,G2
datasets\jigsaw\Needle_Passing\Needle_Passing\video\Needle_Passing_H005_capture2,Needle_Passing_H005_capture2,H,H005,capture2,2865,2980,G3
datasets\jigsaw\Needle_Passing\Needle_Passing\video\Needle_Passing_H005_capture2,Needle_Passing_H005_capture2,H,H005,capture2,2981,3088,G6
datasets\jigsaw\Needle_Passing\Needle_Passing\video\Needle_Passing_H005_capture2,Needle_Passing_H005_capture2,H,H005,capture2,3089,3249,G11
datasets\jigsaw\Needle_Passing\Needle_Passing\video\Needle_Passing_I002_capture1,Needle_Passing_I002_capture1,I,I002,capture1,82,190,G1
datasets\jigsaw\Needle_Passing\Needle_Passing\video\Needle_Passing_I002_capture1,Needle_Passing_I002_capture1,I,I002,capture1,191,509,G5
datasets\jigsaw\Needle_Passing\Needle_Passing\video\Needle_Passing_I002_capture1,Needle_Passing_I002_capture1,I,I002,capture1,510,739,G2
datasets\jigsaw\Needle_Passing\Needle_Passing\video\Needle_Passing_I002_capture1,Needle_Passing_I002_capture1,I,I002,capture1,740,844,G3
datasets\jigsaw\Needle_Passing\Needle_Passing\video\Needle_Passing_I002_capture1,Needle_Passing_I002_capture1,I,I002,capture1,845,994,G6
datasets\jigsaw\Needle_Passing\Needle_Passing\video\Needle_Passing_I002_capture1,Needle_Passing_I002_capture1,I,I002,capture1,995,1081,G4
datasets\jigsaw\Needle_Passing\Needle_Passing\video\Needle_Passing_I002_capture1,Needle_Passing_I002_capture1,I,I002,capture1,1082,1400,G2
datasets\jigsaw\Needle_Passing\Needle_Passing\video\Needle_Passing_I002_capture1,Needle_Passing_I002_capture1,I,I002,capture1,1401,1523,G3
datasets\jigsaw\Needle_Passing\Needle_Passing\video\Needle_Passing_I002_capture1,Needle_Passing_I002_capture1,I,I002,capture1,1524,1864,G6
datasets\jigsaw\Needle_Passing\Needle_Passing\video\Needle_Passing_I002_capture1,Needle_Passing_I002_capture1,I,I002,capture1,1865,1962,G4
datasets\jigsaw\Needle_Passing\Needle_Passing\video\Needle_Passing_I002_capture1,Needle_Passing_I002_capture1,I,I002,capture1,1963,2331,G2
datasets\jigsaw\Needle_Passing\Needle_Passing\video\Needle_Passing_I002_capture1,Needle_Passing_I002_capture1,I,I002,capture1,2332,2414,G3
datasets\jigsaw\Needle_Passing\Needle_Passing\video\Needle_Passing_I002_capture1,Needle_Passing_I002_capture1,I,I002,capture1,2415,2640,G6
datasets\jigsaw\Needle_Passing\Needle_Passing\video\Needle_Passing_I002_capture1,Needle_Passing_I002_capture1,I,I002,capture1,2641,2739,G4
datasets\jigsaw\Needle_Passing\Needle_Passing\video\Needle_Passing_I002_capture1,Needle_Passing_I002_capture1,I,I002,capture1,2740,3124,G2
datasets\jigsaw\Needle_Passing\Needle_Passing\video\Needle_Passing_I002_capture1,Needle_Passing_I002_capture1,I,I002,capture1,3125,3190,G3
datasets\jigsaw\Needle_Passing\Needle_Passing\video\Needle_Passing_I002_capture1,Needle_Passing_I002_capture1,I,I002,capture1,3191,3327,G6
datasets\jigsaw\Needle_Passing\Needle_Passing\video\Needle_Passing_I002_capture1,Needle_Passing_I002_capture1,I,I002,capture1,3328,3443,G11
datasets\jigsaw\Needle_Passing\Needle_Passing\video\Needle_Passing_I002_capture2,Needle_Passing_I002_capture2,I,I002,capture2,82,190,G1
datasets\jigsaw\Needle_Passing\Needle_Passing\video\Needle_Passing_I002_capture2,Needle_Passing_I002_capture2,I,I002,capture2,191,509,G5
datasets\jigsaw\Needle_Passing\Needle_Passing\video\Needle_Passing_I002_capture2,Needle_Passing_I002_capture2,I,I002,capture2,510,739,G2
datasets\jigsaw\Needle_Passing\Needle_Passing\video\Needle_Passing_I002_capture2,Needle_Passing_I002_capture2,I,I002,capture2,740,844,G3
datasets\jigsaw\Needle_Passing\Needle_Passing\video\Needle_Passing_I002_capture2,Needle_Passing_I002_capture2,I,I002,capture2,845,994,G6
datasets\jigsaw\Needle_Passing\Needle_Passing\video\Needle_Passing_I002_capture2,Needle_Passing_I002_capture2,I,I002,capture2,995,1081,G4
datasets\jigsaw\Needle_Passing\Needle_Passing\video\Needle_Passing_I002_capture2,Needle_Passing_I002_capture2,I,I002,capture2,1082,1400,G2
datasets\jigsaw\Needle_Passing\Needle_Passing\video\Needle_Passing_I002_capture2,Needle_Passing_I002_capture2,I,I002,capture2,1401,1523,G3
datasets\jigsaw\Needle_Passing\Needle_Passing\video\Needle_Passing_I002_capture2,Needle_Passing_I002_capture2,I,I002,capture2,1524,1864,G6
datasets\jigsaw\Needle_Passing\Needle_Passing\video\Needle_Passing_I002_capture2,Needle_Passing_I002_capture2,I,I002,capture2,1865,1962,G4
datasets\jigsaw\Needle_Passing\Needle_Passing\video\Needle_Passing_I002_capture2,Needle_Passing_I002_capture2,I,I002,capture2,1963,2331,G2
datasets\jigsaw\Needle_Passing\Needle_Passing\video\Needle_Passing_I002_capture2,Needle_Passing_I002_capture2,I,I002,capture2,2332,2414,G3
datasets\jigsaw\Needle_Passing\Needle_Passing\video\Needle_Passing_I002_capture2,Needle_Passing_I002_capture2,I,I002,capture2,2415,2640,G6
datasets\jigsaw\Needle_Passing\Needle_Passing\video\Needle_Passing_I002_capture2,Needle_Passing_I002_capture2,I,I002,capture2,2641,2739,G4
datasets\jigsaw\Needle_Passing\Needle_Passing\video\Needle_Passing_I002_capture2,Needle_Passing_I002_capture2,I,I002,capture2,2740,3124,G2
datasets\jigsaw\Needle_Passing\Needle_Passing\video\Needle_Passing_I002_capture2,Needle_Passing_I002_capture2,I,I002,capture2,3125,3190,G3
datasets\jigsaw\Needle_Passing\Needle_Passing\video\Needle_Passing_I002_capture2,Needle_Passing_I002_capture2,I,I002,capture2,3191,3327,G6
datasets\jigsaw\Needle_Passing\Needle_Passing\video\Needle_Passing_I002_capture2,Needle_Passing_I002_capture2,I,I002,capture2,3328,3443,G11
datasets\jigsaw\Needle_Passing\Needle_Passing\video\Needle_Passing_I003_capture1,Needle_Passing_I003_capture1,I,I003,capture1,120,240,G1
datasets\jigsaw\Needle_Passing\Needle_Passing\video\Needle_Passing_I003_capture1,Needle_Passing_I003_capture1,I,I003,capture1,241,415,G5
datasets\jigsaw\Needle_Passing\Needle_Passing\video\Needle_Passing_I003_capture1,Needle_Passing_I003_capture1,I,I003,capture1,416,953,G8
datasets\jigsaw\Needle_Passing\Needle_Passing\video\Needle_Passing_I003_capture1,Needle_Passing_I003_capture1,I,I003,capture1,954,1599,G2
datasets\jigsaw\Needle_Passing\Needle_Passing\video\Needle_Passing_I003_capture1,Needle_Passing_I003_capture1,I,I003,capture1,1600,1796,G3
datasets\jigsaw\Needle_Passing\Needle_Passing\video\Needle_Passing_I003_capture1,Needle_Passing_I003_capture1,I,I003,capture1,1797,2192,G6
datasets\jigsaw\Needle_Passing\Needle_Passing\video\Needle_Passing_I003_capture1,Needle_Passing_I003_capture1,I,I003,capture1,2193,2314,G4
datasets\jigsaw\Needle_Passing\Needle_Passing\video\Needle_Passing_I003_capture1,Needle_Passing_I003_capture1,I,I003,capture1,2315,2671,G2
datasets\jigsaw\Needle_Passing\Needle_Passing\video\Needle_Passing_I003_capture1,Needle_Passing_I003_capture1,I,I003,capture1,2672,2777,G3
datasets\jigsaw\Needle_Passing\Needle_Passing\video\Needle_Passing_I003_capture1,Needle_Passing_I003_capture1,I,I003,capture1,2778,3204,G6
datasets\jigsaw\Needle_Passing\Needle_Passing\video\Needle_Passing_I003_capture1,Needle_Passing_I003_capture1,I,I003,capture1,3205,3390,G4
datasets\jigsaw\Needle_Passing\Needle_Passing\video\Needle_Passing_I003_capture1,Needle_Passing_I003_capture1,I,I003,capture1,3391,3855,G2
datasets\jigsaw\Needle_Passing\Needle_Passing\video\Needle_Passing_I003_capture1,Needle_Passing_I003_capture1,I,I003,capture1,3856,3912,G3
datasets\jigsaw\Needle_Passing\Needle_Passing\video\Needle_Passing_I003_capture1,Needle_Passing_I003_capture1,I,I003,capture1,3913,4069,G6
datasets\jigsaw\Needle_Passing\Needle_Passing\video\Needle_Passing_I003_capture1,Needle_Passing_I003_capture1,I,I003,capture1,4070,4194,G4
datasets\jigsaw\Needle_Passing\Needle_Passing\video\Needle_Passing_I003_capture1,Needle_Passing_I003_capture1,I,I003,capture1,4195,4449,G2
datasets\jigsaw\Needle_Passing\Needle_Passing\video\Needle_Passing_I003_capture1,Needle_Passing_I003_capture1,I,I003,capture1,4450,4500,G3
datasets\jigsaw\Needle_Passing\Needle_Passing\video\Needle_Passing_I003_capture1,Needle_Passing_I003_capture1,I,I003,capture1,4501,4660,G6
datasets\jigsaw\Needle_Passing\Needle_Passing\video\Needle_Passing_I003_capture1,Needle_Passing_I003_capture1,I,I003,capture1,4661,4761,G11
datasets\jigsaw\Needle_Passing\Needle_Passing\video\Needle_Passing_I003_capture2,Needle_Passing_I003_capture2,I,I003,capture2,120,240,G1
datasets\jigsaw\Needle_Passing\Needle_Passing\video\Needle_Passing_I003_capture2,Needle_Passing_I003_capture2,I,I003,capture2,241,415,G5
datasets\jigsaw\Needle_Passing\Needle_Passing\video\Needle_Passing_I003_capture2,Needle_Passing_I003_capture2,I,I003,capture2,416,953,G8
datasets\jigsaw\Needle_Passing\Needle_Passing\video\Needle_Passing_I003_capture2,Needle_Passing_I003_capture2,I,I003,capture2,954,1599,G2
datasets\jigsaw\Needle_Passing\Needle_Passing\video\Needle_Passing_I003_capture2,Needle_Passing_I003_capture2,I,I003,capture2,1600,1796,G3
datasets\jigsaw\Needle_Passing\Needle_Passing\video\Needle_Passing_I003_capture2,Needle_Passing_I003_capture2,I,I003,capture2,1797,2192,G6
datasets\jigsaw\Needle_Passing\Needle_Passing\video\Needle_Passing_I003_capture2,Needle_Passing_I003_capture2,I,I003,capture2,2193,2314,G4
datasets\jigsaw\Needle_Passing\Needle_Passing\video\Needle_Passing_I003_capture2,Needle_Passing_I003_capture2,I,I003,capture2,2315,2671,G2
datasets\jigsaw\Needle_Passing\Needle_Passing\video\Needle_Passing_I003_capture2,Needle_Passing_I003_capture2,I,I003,capture2,2672,2777,G3
datasets\jigsaw\Needle_Passing\Needle_Passing\video\Needle_Passing_I003_capture2,Needle_Passing_I003_capture2,I,I003,capture2,2778,3204,G6
datasets\jigsaw\Needle_Passing\Needle_Passing\video\Needle_Passing_I003_capture2,Needle_Passing_I003_capture2,I,I003,capture2,3205,3390,G4
datasets\jigsaw\Needle_Passing\Needle_Passing\video\Needle_Passing_I003_capture2,Needle_Passing_I003_capture2,I,I003,capture2,3391,3855,G2
datasets\jigsaw\Needle_Passing\Needle_Passing\video\Needle_Passing_I003_capture2,Needle_Passing_I003_capture2,I,I003,capture2,3856,3912,G3
datasets\jigsaw\Needle_Passing\Needle_Passing\video\Needle_Passing_I003_capture2,Needle_Passing_I003_capture2,I,I003,capture2,3913,4069,G6
datasets\jigsaw\Needle_Passing\Needle_Passing\video\Needle_Passing_I003_capture2,Needle_Passing_I003_capture2,I,I003,capture2,4070,4194,G4
datasets\jigsaw\Needle_Passing\Needle_Passing\video\Needle_Passing_I003_capture2,Needle_Passing_I003_capture2,I,I003,capture2,4195,4449,G2
datasets\jigsaw\Needle_Passing\Needle_Passing\video\Needle_Passing_I003_capture2,Needle_Passing_I003_capture2,I,I003,capture2,4450,4500,G3
datasets\jigsaw\Needle_Passing\Needle_Passing\video\Needle_Passing_I003_capture2,Needle_Passing_I003_capture2,I,I003,capture2,4501,4660,G6
datasets\jigsaw\Needle_Passing\Needle_Passing\video\Needle_Passing_I003_capture2,Needle_Passing_I003_capture2,I,I003,capture2,4661,4761,G11
datasets\jigsaw\Needle_Passing\Needle_Passing\video\Needle_Passing_I004_capture1,Needle_Passing_I004_capture1,I,I004,capture1,12,238,G1
datasets\jigsaw\Needle_Passing\Needle_Passing\video\Needle_Passing_I004_capture1,Needle_Passing_I004_capture1,I,I004,capture1,239,437,G5
datasets\jigsaw\Needle_Passing\Needle_Passing\video\Needle_Passing_I004_capture1,Needle_Passing_I004_capture1,I,I004,capture1,438,673,G8
datasets\jigsaw\Needle_Passing\Needle_Passing\video\Needle_Passing_I004_capture1,Needle_Passing_I004_capture1,I,I004,capture1,674,925,G2
datasets\jigsaw\Needle_Passing\Needle_Passing\video\Needle_Passing_I004_capture1,Needle_Passing_I004_capture1,I,I004,capture1,926,1061,G3
datasets\jigsaw\Needle_Passing\Needle_Passing\video\Needle_Passing_I004_capture1,Needle_Passing_I004_capture1,I,I004,capture1,1062,1335,G6
datasets\jigsaw\Needle_Passing\Needle_Passing\video\Needle_Passing_I004_capture1,Needle_Passing_I004_capture1,I,I004,capture1,1336,1576,G4
datasets\jigsaw\Needle_Passing\Needle_Passing\video\Needle_Passing_I004_capture1,Needle_Passing_I004_capture1,I,I004,capture1,1577,1838,G2
datasets\jigsaw\Needle_Passing\Needle_Passing\video\Needle_Passing_I004_capture1,Needle_Passing_I004_capture1,I,I004,capture1,1839,2025,G3
datasets\jigsaw\Needle_Passing\Needle_Passing\video\Needle_Passing_I004_capture1,Needle_Passing_I004_capture1,I,I004,capture1,2026,2306,G6
datasets\jigsaw\Needle_Passing\Needle_Passing\video\Needle_Passing_I004_capture1,Needle_Passing_I004_capture1,I,I004,capture1,2307,2424,G4
datasets\jigsaw\Needle_Passing\Needle_Passing\video\Needle_Passing_I004_capture1,Needle_Passing_I004_capture1,I,I004,capture1,2425,2712,G2
datasets\jigsaw\Needle_Passing\Needle_Passing\video\Needle_Passing_I004_capture1,Needle_Passing_I004_capture1,I,I004,capture1,2713,2870,G3
datasets\jigsaw\Needle_Passing\Needle_Passing\video\Needle_Passing_I004_capture1,Needle_Passing_I004_capture1,I,I004,capture1,2871,3173,G6
datasets\jigsaw\Needle_Passing\Needle_Passing\video\Needle_Passing_I004_capture1,Needle_Passing_I004_capture1,I,I004,capture1,3174,3244,G4
datasets\jigsaw\Needle_Passing\Needle_Passing\video\Needle_Passing_I004_capture1,Needle_Passing_I004_capture1,I,I004,capture1,3245,3662,G2
datasets\jigsaw\Needle_Passing\Needle_Passing\video\Needle_Passing_I004_capture1,Needle_Passing_I004_capture1,I,I004,capture1,3663,3734,G3
datasets\jigsaw\Needle_Passing\Needle_Passing\video\Needle_Passing_I004_capture1,Needle_Passing_I004_capture1,I,I004,capture1,3735,3874,G6
datasets\jigsaw\Needle_Passing\Needle_Passing\video\Needle_Passing_I004_capture1,Needle_Passing_I004_capture1,I,I004,capture1,3875,3978,G11
datasets\jigsaw\Needle_Passing\Needle_Passing\video\Needle_Passing_I004_capture2,Needle_Passing_I004_capture2,I,I004,capture2,12,238,G1
datasets\jigsaw\Needle_Passing\Needle_Passing\video\Needle_Passing_I004_capture2,Needle_Passing_I004_capture2,I,I004,capture2,239,437,G5
datasets\jigsaw\Needle_Passing\Needle_Passing\video\Needle_Passing_I004_capture2,Needle_Passing_I004_capture2,I,I004,capture2,438,673,G8
datasets\jigsaw\Needle_Passing\Needle_Passing\video\Needle_Passing_I004_capture2,Needle_Passing_I004_capture2,I,I004,capture2,674,925,G2
datasets\jigsaw\Needle_Passing\Needle_Passing\video\Needle_Passing_I004_capture2,Needle_Passing_I004_capture2,I,I004,capture2,926,1061,G3
datasets\jigsaw\Needle_Passing\Needle_Passing\video\Needle_Passing_I004_capture2,Needle_Passing_I004_capture2,I,I004,capture2,1062,1335,G6
datasets\jigsaw\Needle_Passing\Needle_Passing\video\Needle_Passing_I004_capture2,Needle_Passing_I004_capture2,I,I004,capture2,1336,1576,G4
datasets\jigsaw\Needle_Passing\Needle_Passing\video\Needle_Passing_I004_capture2,Needle_Passing_I004_capture2,I,I004,capture2,1577,1838,G2
datasets\jigsaw\Needle_Passing\Needle_Passing\video\Needle_Passing_I004_capture2,Needle_Passing_I004_capture2,I,I004,capture2,1839,2025,G3
datasets\jigsaw\Needle_Passing\Needle_Passing\video\Needle_Passing_I004_capture2,Needle_Passing_I004_capture2,I,I004,capture2,2026,2306,G6
datasets\jigsaw\Needle_Passing\Needle_Passing\video\Needle_Passing_I004_capture2,Needle_Passing_I004_capture2,I,I004,capture2,2307,2424,G4
datasets\jigsaw\Needle_Passing\Needle_Passing\video\Needle_Passing_I004_capture2,Needle_Passing_I004_capture2,I,I004,capture2,2425,2712,G2
datasets\jigsaw\Needle_Passing\Needle_Passing\video\Needle_Passing_I004_capture2,Needle_Passing_I004_capture2,I,I004,capture2,2713,2870,G3
datasets\jigsaw\Needle_Passing\Needle_Passing\video\Needle_Passing_I004_capture2,Needle_Passing_I004_capture2,I,I004,capture2,2871,3173,G6
datasets\jigsaw\Needle_Passing\Needle_Passing\video\Needle_Passing_I004_capture2,Needle_Passing_I004_capture2,I,I004,capture2,3174,3244,G4
datasets\jigsaw\Needle_Passing\Needle_Passing\video\Needle_Passing_I004_capture2,Needle_Passing_I004_capture2,I,I004,capture2,3245,3662,G2
datasets\jigsaw\Needle_Passing\Needle_Passing\video\Needle_Passing_I004_capture2,Needle_Passing_I004_capture2,I,I004,capture2,3663,3734,G3
datasets\jigsaw\Needle_Passing\Needle_Passing\video\Needle_Passing_I004_capture2,Needle_Passing_I004_capture2,I,I004,capture2,3735,3874,G6
datasets\jigsaw\Needle_Passing\Needle_Passing\video\Needle_Passing_I004_capture2,Needle_Passing_I004_capture2,I,I004,capture2,3875,3978,G11
datasets\jigsaw\Needle_Passing\Needle_Passing\video\Needle_Passing_I005_capture1,Needle_Passing_I005_capture1,I,I005,capture1,1,51,G1
datasets\jigsaw\Needle_Passing\Needle_Passing\video\Needle_Passing_I005_capture1,Needle_Passing_I005_capture1,I,I005,capture1,52,251,G5
datasets\jigsaw\Needle_Passing\Needle_Passing\video\Needle_Passing_I005_capture1,Needle_Passing_I005_capture1,I,I005,capture1,252,448,G8
datasets\jigsaw\Needle_Passing\Needle_Passing\video\Needle_Passing_I005_capture1,Needle_Passing_I005_capture1,I,I005,capture1,449,658,G2
datasets\jigsaw\Needle_Passing\Needle_Passing\video\Needle_Passing_I005_capture1,Needle_Passing_I005_capture1,I,I005,capture1,659,755,G3
datasets\jigsaw\Needle_Passing\Needle_Passing\video\Needle_Passing_I005_capture1,Needle_Passing_I005_capture1,I,I005,capture1,756,988,G6
datasets\jigsaw\Needle_Passing\Needle_Passing\video\Needle_Passing_I005_capture1,Needle_Passing_I005_capture1,I,I005,capture1,989,1111,G4
datasets\jigsaw\Needle_Passing\Needle_Passing\video\Needle_Passing_I005_capture1,Needle_Passing_I005_capture1,I,I005,capture1,1112,1517,G2
datasets\jigsaw\Needle_Passing\Needle_Passing\video\Needle_Passing_I005_capture1,Needle_Passing_I005_capture1,I,I005,capture1,1518,1579,G3
datasets\jigsaw\Needle_Passing\Needle_Passing\video\Needle_Passing_I005_capture1,Needle_Passing_I005_capture1,I,I005,capture1,1580,1719,G6
datasets\jigsaw\Needle_Passing\Needle_Passing\video\Needle_Passing_I005_capture1,Needle_Passing_I005_capture1,I,I005,capture1,1720,1765,G4
datasets\jigsaw\Needle_Passing\Needle_Passing\video\Needle_Passing_I005_capture1,Needle_Passing_I005_capture1,I,I005,capture1,1766,2136,G2
datasets\jigsaw\Needle_Passing\Needle_Passing\video\Needle_Passing_I005_capture1,Needle_Passing_I005_capture1,I,I005,capture1,2137,2215,G3
datasets\jigsaw\Needle_Passing\Needle_Passing\video\Needle_Passing_I005_capture1,Needle_Passing_I005_capture1,I,I005,capture1,2216,2486,G6
datasets\jigsaw\Needle_Passing\Needle_Passing\video\Needle_Passing_I005_capture1,Needle_Passing_I005_capture1,I,I005,capture1,2487,2650,G4
datasets\jigsaw\Needle_Passing\Needle_Passing\video\Needle_Passing_I005_capture1,Needle_Passing_I005_capture1,I,I005,capture1,2651,2944,G2
datasets\jigsaw\Needle_Passing\Needle_Passing\video\Needle_Passing_I005_capture1,Needle_Passing_I005_capture1,I,I005,capture1,2945,3017,G3
datasets\jigsaw\Needle_Passing\Needle_Passing\video\Needle_Passing_I005_capture1,Needle_Passing_I005_capture1,I,I005,capture1,3018,3278,G6
datasets\jigsaw\Needle_Passing\Needle_Passing\video\Needle_Passing_I005_capture1,Needle_Passing_I005_capture1,I,I005,capture1,3279,3413,G11
datasets\jigsaw\Needle_Passing\Needle_Passing\video\Needle_Passing_I005_capture2,Needle_Passing_I005_capture2,I,I005,capture2,1,51,G1
datasets\jigsaw\Needle_Passing\Needle_Passing\video\Needle_Passing_I005_capture2,Needle_Passing_I005_capture2,I,I005,capture2,52,251,G5
datasets\jigsaw\Needle_Passing\Needle_Passing\video\Needle_Passing_I005_capture2,Needle_Passing_I005_capture2,I,I005,capture2,252,448,G8
datasets\jigsaw\Needle_Passing\Needle_Passing\video\Needle_Passing_I005_capture2,Needle_Passing_I005_capture2,I,I005,capture2,449,658,G2
datasets\jigsaw\Needle_Passing\Needle_Passing\video\Needle_Passing_I005_capture2,Needle_Passing_I005_capture2,I,I005,capture2,659,755,G3
datasets\jigsaw\Needle_Passing\Needle_Passing\video\Needle_Passing_I005_capture2,Needle_Passing_I005_capture2,I,I005,capture2,756,988,G6
datasets\jigsaw\Needle_Passing\Needle_Passing\video\Needle_Passing_I005_capture2,Needle_Passing_I005_capture2,I,I005,capture2,989,1111,G4
datasets\jigsaw\Needle_Passing\Needle_Passing\video\Needle_Passing_I005_capture2,Needle_Passing_I005_capture2,I,I005,capture2,1112,1517,G2
datasets\jigsaw\Needle_Passing\Needle_Passing\video\Needle_Passing_I005_capture2,Needle_Passing_I005_capture2,I,I005,capture2,1518,1579,G3
datasets\jigsaw\Needle_Passing\Needle_Passing\video\Needle_Passing_I005_capture2,Needle_Passing_I005_capture2,I,I005,capture2,1580,1719,G6
datasets\jigsaw\Needle_Passing\Needle_Passing\video\Needle_Passing_I005_capture2,Needle_Passing_I005_capture2,I,I005,capture2,1720,1765,G4
datasets\jigsaw\Needle_Passing\Needle_Passing\video\Needle_Passing_I005_capture2,Needle_Passing_I005_capture2,I,I005,capture2,1766,2136,G2
datasets\jigsaw\Needle_Passing\Needle_Passing\video\Needle_Passing_I005_capture2,Needle_Passing_I005_capture2,I,I005,capture2,2137,2215,G3
datasets\jigsaw\Needle_Passing\Needle_Passing\video\Needle_Passing_I005_capture2,Needle_Passing_I005_capture2,I,I005,capture2,2216,2486,G6
datasets\jigsaw\Needle_Passing\Needle_Passing\video\Needle_Passing_I005_capture2,Needle_Passing_I005_capture2,I,I005,capture2,2487,2650,G4
datasets\jigsaw\Needle_Passing\Needle_Passing\video\Needle_Passing_I005_capture2,Needle_Passing_I005_capture2,I,I005,capture2,2651,2944,G2
datasets\jigsaw\Needle_Passing\Needle_Passing\video\Needle_Passing_I005_capture2,Needle_Passing_I005_capture2,I,I005,capture2,2945,3017,G3
datasets\jigsaw\Needle_Passing\Needle_Passing\video\Needle_Passing_I005_capture2,Needle_Passing_I005_capture2,I,I005,capture2,3018,3278,G6
datasets\jigsaw\Needle_Passing\Needle_Passing\video\Needle_Passing_I005_capture2,Needle_Passing_I005_capture2,I,I005,capture2,3279,3413,G11
