id,Video,Gesture,StartFrame,EndFrame
1,Knot_Tying_B001_capture1,G12,45,85
2,Knot_Tying_B001_capture1,G13,86,185
3,Knot_Tying_B001_capture1,G13,186,291
4,Knot_Tying_B001_capture1,G14,292,369
5,Knot_Tying_B001_capture1,G15,370,783
6,Knot_Tying_B001_capture1,G12,784,1259
7,Knot_Tying_B001_capture1,G13,1260,1329
8,Knot_Tying_B001_capture1,G14,1330,1487
9,Knot_Tying_B001_capture1,G15,1488,1626
10,Knot_Tying_B001_capture1,G11,1627,1735
11,Knot_Tying_B001_capture2,G12,45,85
12,Knot_Tying_B001_capture2,G13,86,185
13,Knot_Tying_B001_capture2,G13,186,291
14,Knot_Tying_B001_capture2,G14,292,369
15,Knot_Tying_B001_capture2,G15,370,783
16,Knot_Tying_B001_capture2,G12,784,1259
17,Knot_Tying_B001_capture2,G13,1260,1329
18,Knot_Tying_B001_capture2,G14,1330,1487
19,Knot_Tying_B001_capture2,G15,1488,1626
20,Knot_Tying_B001_capture2,G11,1627,1735
21,Knot_Tying_B002_capture1,G12,37,159
22,Knot_Tying_B002_capture1,G13,160,254
23,Knot_Tying_B002_capture1,G14,255,309
24,Knot_Tying_B002_capture1,G15,310,659
25,Knot_Tying_B002_capture1,G12,660,816
26,Knot_Tying_B002_capture1,G13,817,1002
27,Knot_Tying_B002_capture1,G14,1003,1023
28,Knot_Tying_B002_capture1,G15,1024,1199
29,Knot_Tying_B002_capture1,G11,1200,1260
30,Knot_Tying_B002_capture2,G12,37,159
31,Knot_Tying_B002_capture2,G13,160,254
32,Knot_Tying_B002_capture2,G14,255,309
33,Knot_Tying_B002_capture2,G15,310,659
34,Knot_Tying_B002_capture2,G12,660,816
35,Knot_Tying_B002_capture2,G13,817,1002
36,Knot_Tying_B002_capture2,G14,1003,1023
37,Knot_Tying_B002_capture2,G15,1024,1199
38,Knot_Tying_B002_capture2,G11,1200,1260
39,Knot_Tying_B003_capture1,G12,8,132
40,Knot_Tying_B003_capture1,G13,133,230
41,Knot_Tying_B003_capture1,G14,231,313
42,Knot_Tying_B003_capture1,G15,314,743
43,Knot_Tying_B003_capture1,G12,744,843
44,Knot_Tying_B003_capture1,G13,844,954
45,Knot_Tying_B003_capture1,G14,955,1107
46,Knot_Tying_B003_capture1,G15,1108,1286
47,Knot_Tying_B003_capture1,G11,1287,1355
48,Knot_Tying_B003_capture2,G12,8,132
49,Knot_Tying_B003_capture2,G13,133,230
50,Knot_Tying_B003_capture2,G14,231,313
51,Knot_Tying_B003_capture2,G15,314,743
52,Knot_Tying_B003_capture2,G12,744,843
53,Knot_Tying_B003_capture2,G13,844,954
54,Knot_Tying_B003_capture2,G14,955,1107
55,Knot_Tying_B003_capture2,G15,1108,1286
56,Knot_Tying_B003_capture2,G11,1287,1355
57,Knot_Tying_B004_capture1,G12,55,318
58,Knot_Tying_B004_capture1,G13,319,585
59,Knot_Tying_B004_capture1,G14,586,645
60,Knot_Tying_B004_capture1,G15,646,808
61,Knot_Tying_B004_capture1,G12,809,1268
62,Knot_Tying_B004_capture1,G13,1269,1451
63,Knot_Tying_B004_capture1,G14,1452,1539
64,Knot_Tying_B004_capture1,G15,1540,1637
65,Knot_Tying_B004_capture1,G11,1790,1820
66,Knot_Tying_B004_capture2,G12,55,318
67,Knot_Tying_B004_capture2,G13,319,585
68,Knot_Tying_B004_capture2,G14,586,645
69,Knot_Tying_B004_capture2,G15,646,808
70,Knot_Tying_B004_capture2,G12,809,1268
71,Knot_Tying_B004_capture2,G13,1269,1451
72,Knot_Tying_B004_capture2,G14,1452,1539
73,Knot_Tying_B004_capture2,G15,1540,1637
74,Knot_Tying_B004_capture2,G11,1790,1820
75,Knot_Tying_C001_capture1,G12,37,134
76,Knot_Tying_C001_capture1,G13,135,160
77,Knot_Tying_C001_capture1,G14,161,327
78,Knot_Tying_C001_capture1,G15,328,609
79,Knot_Tying_C001_capture1,G12,610,887
80,Knot_Tying_C001_capture1,G13,888,934
81,Knot_Tying_C001_capture1,G14,935,999
82,Knot_Tying_C001_capture1,G15,1000,1139
83,Knot_Tying_C001_capture1,G11,1140,1227
84,Knot_Tying_C001_capture2,G12,37,134
85,Knot_Tying_C001_capture2,G13,135,160
86,Knot_Tying_C001_capture2,G14,161,327
87,Knot_Tying_C001_capture2,G15,328,609
88,Knot_Tying_C001_capture2,G12,610,887
89,Knot_Tying_C001_capture2,G13,888,934
90,Knot_Tying_C001_capture2,G14,935,999
91,Knot_Tying_C001_capture2,G15,1000,1139
92,Knot_Tying_C001_capture2,G11,1140,1227
93,Knot_Tying_C002_capture1,G1,28,82
94,Knot_Tying_C002_capture1,G12,83,183
95,Knot_Tying_C002_capture1,G13,184,211
96,Knot_Tying_C002_capture1,G14,212,259
97,Knot_Tying_C002_capture1,G15,260,384
98,Knot_Tying_C002_capture1,G12,385,633
99,Knot_Tying_C002_capture1,G13,634,676
100,Knot_Tying_C002_capture1,G14,677,736
101,Knot_Tying_C002_capture1,G15,737,849
102,Knot_Tying_C002_capture1,G11,850,1000
103,Knot_Tying_C002_capture2,G1,28,82
104,Knot_Tying_C002_capture2,G12,83,183
105,Knot_Tying_C002_capture2,G13,184,211
106,Knot_Tying_C002_capture2,G14,212,259
107,Knot_Tying_C002_capture2,G15,260,384
108,Knot_Tying_C002_capture2,G12,385,633
109,Knot_Tying_C002_capture2,G13,634,676
110,Knot_Tying_C002_capture2,G14,677,736
111,Knot_Tying_C002_capture2,G15,737,849
112,Knot_Tying_C002_capture2,G11,850,1000
113,Knot_Tying_C003_capture1,G1,1,61
114,Knot_Tying_C003_capture1,G12,62,185
115,Knot_Tying_C003_capture1,G13,186,221
116,Knot_Tying_C003_capture1,G14,222,270
117,Knot_Tying_C003_capture1,G15,271,440
118,Knot_Tying_C003_capture1,G14,441,516
119,Knot_Tying_C003_capture1,G12,517,638
120,Knot_Tying_C003_capture1,G13,639,676
121,Knot_Tying_C003_capture1,G14,677,734
122,Knot_Tying_C003_capture1,G15,735,943
123,Knot_Tying_C003_capture1,G11,944,1045
124,Knot_Tying_C003_capture2,G1,1,61
125,Knot_Tying_C003_capture2,G12,62,185
126,Knot_Tying_C003_capture2,G13,186,221
127,Knot_Tying_C003_capture2,G14,222,270
128,Knot_Tying_C003_capture2,G15,271,440
129,Knot_Tying_C003_capture2,G14,441,516
130,Knot_Tying_C003_capture2,G12,517,638
131,Knot_Tying_C003_capture2,G13,639,676
132,Knot_Tying_C003_capture2,G14,677,734
133,Knot_Tying_C003_capture2,G15,735,943
134,Knot_Tying_C003_capture2,G11,944,1045
135,Knot_Tying_C004_capture1,G1,40,159
136,Knot_Tying_C004_capture1,G12,160,265
137,Knot_Tying_C004_capture1,G13,266,297
138,Knot_Tying_C004_capture1,G14,298,350
139,Knot_Tying_C004_capture1,G15,351,521
140,Knot_Tying_C004_capture1,G14,522,611
141,Knot_Tying_C004_capture1,G12,612,731
142,Knot_Tying_C004_capture1,G13,732,871
143,Knot_Tying_C004_capture1,G14,872,974
144,Knot_Tying_C004_capture1,G15,975,1189
145,Knot_Tying_C004_capture1,G11,1190,1300
146,Knot_Tying_C004_capture2,G1,40,159
147,Knot_Tying_C004_capture2,G12,160,265
148,Knot_Tying_C004_capture2,G13,266,297
149,Knot_Tying_C004_capture2,G14,298,350
150,Knot_Tying_C004_capture2,G15,351,521
151,Knot_Tying_C004_capture2,G14,522,611
152,Knot_Tying_C004_capture2,G12,612,731
153,Knot_Tying_C004_capture2,G13,732,871
154,Knot_Tying_C004_capture2,G14,872,974
155,Knot_Tying_C004_capture2,G15,975,1189
156,Knot_Tying_C004_capture2,G11,1190,1300
157,Knot_Tying_C005_capture1,G1,20,92
158,Knot_Tying_C005_capture1,G12,93,201
159,Knot_Tying_C005_capture1,G13,202,244
160,Knot_Tying_C005_capture1,G14,245,439
161,Knot_Tying_C005_capture1,G15,440,601
162,Knot_Tying_C005_capture1,G14,602,638
163,Knot_Tying_C005_capture1,G12,639,785
164,Knot_Tying_C005_capture1,G13,786,827
165,Knot_Tying_C005_capture1,G14,828,870
166,Knot_Tying_C005_capture1,G15,871,982
167,Knot_Tying_C005_capture1,G11,983,1037
168,Knot_Tying_C005_capture2,G1,20,92
169,Knot_Tying_C005_capture2,G12,93,201
170,Knot_Tying_C005_capture2,G13,202,244
171,Knot_Tying_C005_capture2,G14,245,439
172,Knot_Tying_C005_capture2,G15,440,601
173,Knot_Tying_C005_capture2,G14,602,638
174,Knot_Tying_C005_capture2,G12,639,785
175,Knot_Tying_C005_capture2,G13,786,827
176,Knot_Tying_C005_capture2,G14,828,870
177,Knot_Tying_C005_capture2,G15,871,982
178,Knot_Tying_C005_capture2,G11,983,1037
179,Knot_Tying_D001_capture1,G1,41,170
180,Knot_Tying_D001_capture1,G12,171,237
181,Knot_Tying_D001_capture1,G13,238,310
182,Knot_Tying_D001_capture1,G14,311,624
183,Knot_Tying_D001_capture1,G15,625,734
184,Knot_Tying_D001_capture1,G14,735,831
185,Knot_Tying_D001_capture1,G12,832,989
186,Knot_Tying_D001_capture1,G13,990,1120
187,Knot_Tying_D001_capture1,G14,1121,1174
188,Knot_Tying_D001_capture1,G15,1175,1276
189,Knot_Tying_D001_capture1,G11,1277,1348
190,Knot_Tying_D001_capture2,G1,41,170
191,Knot_Tying_D001_capture2,G12,171,237
192,Knot_Tying_D001_capture2,G13,238,310
193,Knot_Tying_D001_capture2,G14,311,624
194,Knot_Tying_D001_capture2,G15,625,734
195,Knot_Tying_D001_capture2,G14,735,831
196,Knot_Tying_D001_capture2,G12,832,989
197,Knot_Tying_D001_capture2,G13,990,1120
198,Knot_Tying_D001_capture2,G14,1121,1174
199,Knot_Tying_D001_capture2,G15,1175,1276
200,Knot_Tying_D001_capture2,G11,1277,1348
201,Knot_Tying_D002_capture1,G1,21,105
202,Knot_Tying_D002_capture1,G12,106,221
203,Knot_Tying_D002_capture1,G13,222,293
204,Knot_Tying_D002_capture1,G14,294,410
205,Knot_Tying_D002_capture1,G15,411,553
206,Knot_Tying_D002_capture1,G14,554,634
207,Knot_Tying_D002_capture1,G12,635,799
208,Knot_Tying_D002_capture1,G13,800,894
209,Knot_Tying_D002_capture1,G14,895,1007
210,Knot_Tying_D002_capture1,G15,1008,1151
211,Knot_Tying_D002_capture1,G11,1152,1227
212,Knot_Tying_D002_capture2,G1,21,105
213,Knot_Tying_D002_capture2,G12,106,221
214,Knot_Tying_D002_capture2,G13,222,293
215,Knot_Tying_D002_capture2,G14,294,410
216,Knot_Tying_D002_capture2,G15,411,553
217,Knot_Tying_D002_capture2,G14,554,634
218,Knot_Tying_D002_capture2,G12,635,799
219,Knot_Tying_D002_capture2,G13,800,894
220,Knot_Tying_D002_capture2,G14,895,1007
221,Knot_Tying_D002_capture2,G15,1008,1151
222,Knot_Tying_D002_capture2,G11,1152,1227
223,Knot_Tying_D003_capture1,G1,25,93
224,Knot_Tying_D003_capture1,G12,94,211
225,Knot_Tying_D003_capture1,G13,212,300
226,Knot_Tying_D003_capture1,G14,301,359
227,Knot_Tying_D003_capture1,G15,360,479
228,Knot_Tying_D003_capture1,G14,480,551
229,Knot_Tying_D003_capture1,G12,552,729
230,Knot_Tying_D003_capture1,G13,730,1012
231,Knot_Tying_D003_capture1,G14,1013,1060
232,Knot_Tying_D003_capture1,G15,1061,1151
233,Knot_Tying_D003_capture1,G11,1152,1220
234,Knot_Tying_D003_capture2,G1,25,93
235,Knot_Tying_D003_capture2,G12,94,211
236,Knot_Tying_D003_capture2,G13,212,300
237,Knot_Tying_D003_capture2,G14,301,359
238,Knot_Tying_D003_capture2,G15,360,479
239,Knot_Tying_D003_capture2,G14,480,551
240,Knot_Tying_D003_capture2,G12,552,729
241,Knot_Tying_D003_capture2,G13,730,1012
242,Knot_Tying_D003_capture2,G14,1013,1060
243,Knot_Tying_D003_capture2,G15,1061,1151
244,Knot_Tying_D003_capture2,G11,1152,1220
245,Knot_Tying_D004_capture1,G1,28,109
246,Knot_Tying_D004_capture1,G12,110,216
247,Knot_Tying_D004_capture1,G13,217,262
248,Knot_Tying_D004_capture1,G14,263,313
249,Knot_Tying_D004_capture1,G15,314,411
250,Knot_Tying_D004_capture1,G14,412,488
251,Knot_Tying_D004_capture1,G12,489,610
252,Knot_Tying_D004_capture1,G13,611,686
253,Knot_Tying_D004_capture1,G14,687,765
254,Knot_Tying_D004_capture1,G15,766,859
255,Knot_Tying_D004_capture1,G11,860,936
256,Knot_Tying_D004_capture2,G1,28,109
257,Knot_Tying_D004_capture2,G12,110,216
258,Knot_Tying_D004_capture2,G13,217,262
259,Knot_Tying_D004_capture2,G14,263,313
260,Knot_Tying_D004_capture2,G15,314,411
261,Knot_Tying_D004_capture2,G14,412,488
262,Knot_Tying_D004_capture2,G12,489,610
263,Knot_Tying_D004_capture2,G13,611,686
264,Knot_Tying_D004_capture2,G14,687,765
265,Knot_Tying_D004_capture2,G15,766,859
266,Knot_Tying_D004_capture2,G11,860,936
267,Knot_Tying_D005_capture1,G1,20,83
268,Knot_Tying_D005_capture1,G12,84,223
269,Knot_Tying_D005_capture1,G13,224,309
270,Knot_Tying_D005_capture1,G14,310,385
271,Knot_Tying_D005_capture1,G15,386,530
272,Knot_Tying_D005_capture1,G14,531,594
273,Knot_Tying_D005_capture1,G12,595,703
274,Knot_Tying_D005_capture1,G13,704,772
275,Knot_Tying_D005_capture1,G14,773,860
276,Knot_Tying_D005_capture1,G15,861,1033
277,Knot_Tying_D005_capture1,G11,1034,1117
278,Knot_Tying_D005_capture2,G1,20,83
279,Knot_Tying_D005_capture2,G12,84,223
280,Knot_Tying_D005_capture2,G13,224,309
281,Knot_Tying_D005_capture2,G14,310,385
282,Knot_Tying_D005_capture2,G15,386,530
283,Knot_Tying_D005_capture2,G14,531,594
284,Knot_Tying_D005_capture2,G12,595,703
285,Knot_Tying_D005_capture2,G13,704,772
286,Knot_Tying_D005_capture2,G14,773,860
287,Knot_Tying_D005_capture2,G15,861,1033
288,Knot_Tying_D005_capture2,G11,1034,1117
289,Knot_Tying_E001_capture1,G12,139,369
290,Knot_Tying_E001_capture1,G13,370,520
291,Knot_Tying_E001_capture1,G14,521,589
292,Knot_Tying_E001_capture1,G15,590,732
293,Knot_Tying_E001_capture1,G14,733,841
294,Knot_Tying_E001_capture1,G12,842,955
295,Knot_Tying_E001_capture1,G13,956,1027
296,Knot_Tying_E001_capture1,G14,1028,1104
297,Knot_Tying_E001_capture1,G15,1105,1434
298,Knot_Tying_E001_capture1,G11,1435,1550
299,Knot_Tying_E001_capture2,G12,139,369
300,Knot_Tying_E001_capture2,G13,370,520
301,Knot_Tying_E001_capture2,G14,521,589
302,Knot_Tying_E001_capture2,G15,590,732
303,Knot_Tying_E001_capture2,G14,733,841
304,Knot_Tying_E001_capture2,G12,842,955
305,Knot_Tying_E001_capture2,G13,956,1027
306,Knot_Tying_E001_capture2,G14,1028,1104
307,Knot_Tying_E001_capture2,G15,1105,1434
308,Knot_Tying_E001_capture2,G11,1435,1550
309,Knot_Tying_E002_capture1,G1,40,135
310,Knot_Tying_E002_capture1,G12,136,270
311,Knot_Tying_E002_capture1,G13,271,368
312,Knot_Tying_E002_capture1,G14,369,434
313,Knot_Tying_E002_capture1,G15,435,614
314,Knot_Tying_E002_capture1,G14,615,717
315,Knot_Tying_E002_capture1,G12,718,844
316,Knot_Tying_E002_capture1,G13,845,956
317,Knot_Tying_E002_capture1,G14,957,1010
318,Knot_Tying_E002_capture1,G15,1011,1157
319,Knot_Tying_E002_capture1,G11,1158,1257
320,Knot_Tying_E002_capture2,G1,40,135
321,Knot_Tying_E002_capture2,G12,136,270
322,Knot_Tying_E002_capture2,G13,271,368
323,Knot_Tying_E002_capture2,G14,369,434
324,Knot_Tying_E002_capture2,G15,435,614
325,Knot_Tying_E002_capture2,G14,615,717
326,Knot_Tying_E002_capture2,G12,718,844
327,Knot_Tying_E002_capture2,G13,845,956
328,Knot_Tying_E002_capture2,G14,957,1010
329,Knot_Tying_E002_capture2,G15,1011,1157
330,Knot_Tying_E002_capture2,G11,1158,1257
331,Knot_Tying_E003_capture1,G1,163,242
332,Knot_Tying_E003_capture1,G12,243,399
333,Knot_Tying_E003_capture1,G13,400,503
334,Knot_Tying_E003_capture1,G14,504,571
335,Knot_Tying_E003_capture1,G15,572,751
336,Knot_Tying_E003_capture1,G14,752,883
337,Knot_Tying_E003_capture1,G12,884,975
338,Knot_Tying_E003_capture1,G13,976,1054
339,Knot_Tying_E003_capture1,G14,1055,1101
340,Knot_Tying_E003_capture1,G15,1102,1249
341,Knot_Tying_E003_capture1,G11,1250,1360
342,Knot_Tying_E003_capture2,G1,163,242
343,Knot_Tying_E003_capture2,G12,243,399
344,Knot_Tying_E003_capture2,G13,400,503
345,Knot_Tying_E003_capture2,G14,504,571
346,Knot_Tying_E003_capture2,G15,572,751
347,Knot_Tying_E003_capture2,G14,752,883
348,Knot_Tying_E003_capture2,G12,884,975
349,Knot_Tying_E003_capture2,G13,976,1054
350,Knot_Tying_E003_capture2,G14,1055,1101
351,Knot_Tying_E003_capture2,G15,1102,1249
352,Knot_Tying_E003_capture2,G11,1250,1360
353,Knot_Tying_E004_capture1,G1,60,123
354,Knot_Tying_E004_capture1,G12,124,265
355,Knot_Tying_E004_capture1,G13,266,361
356,Knot_Tying_E004_capture1,G14,362,429
357,Knot_Tying_E004_capture1,G15,430,640
358,Knot_Tying_E004_capture1,G14,641,785
359,Knot_Tying_E004_capture1,G12,786,933
360,Knot_Tying_E004_capture1,G13,934,1018
361,Knot_Tying_E004_capture1,G14,1019,1093
362,Knot_Tying_E004_capture1,G15,1094,1265
363,Knot_Tying_E004_capture1,G11,1266,1363
364,Knot_Tying_E004_capture2,G1,60,123
365,Knot_Tying_E004_capture2,G12,124,265
366,Knot_Tying_E004_capture2,G13,266,361
367,Knot_Tying_E004_capture2,G14,362,429
368,Knot_Tying_E004_capture2,G15,430,640
369,Knot_Tying_E004_capture2,G14,641,785
370,Knot_Tying_E004_capture2,G12,786,933
371,Knot_Tying_E004_capture2,G13,934,1018
372,Knot_Tying_E004_capture2,G14,1019,1093
373,Knot_Tying_E004_capture2,G15,1094,1265
374,Knot_Tying_E004_capture2,G11,1266,1363
375,Knot_Tying_E005_capture1,G1,43,131
376,Knot_Tying_E005_capture1,G12,132,288
377,Knot_Tying_E005_capture1,G13,289,357
378,Knot_Tying_E005_capture1,G14,358,441
379,Knot_Tying_E005_capture1,G15,442,602
380,Knot_Tying_E005_capture1,G14,603,673
381,Knot_Tying_E005_capture1,G12,674,779
382,Knot_Tying_E005_capture1,G13,780,838
383,Knot_Tying_E005_capture1,G14,839,896
384,Knot_Tying_E005_capture1,G15,897,1085
385,Knot_Tying_E005_capture1,G11,1086,1170
386,Knot_Tying_E005_capture2,G1,43,131
387,Knot_Tying_E005_capture2,G12,132,288
388,Knot_Tying_E005_capture2,G13,289,357
389,Knot_Tying_E005_capture2,G14,358,441
390,Knot_Tying_E005_capture2,G15,442,602
391,Knot_Tying_E005_capture2,G14,603,673
392,Knot_Tying_E005_capture2,G12,674,779
393,Knot_Tying_E005_capture2,G13,780,838
394,Knot_Tying_E005_capture2,G14,839,896
395,Knot_Tying_E005_capture2,G15,897,1085
396,Knot_Tying_E005_capture2,G11,1086,1170
397,Knot_Tying_F001_capture1,G12,1,34
398,Knot_Tying_F001_capture1,G13,35,86
399,Knot_Tying_F001_capture1,G14,87,133
400,Knot_Tying_F001_capture1,G15,134,354
401,Knot_Tying_F001_capture1,G14,355,415
402,Knot_Tying_F001_capture1,G12,416,477
403,Knot_Tying_F001_capture1,G13,478,591
404,Knot_Tying_F001_capture1,G14,592,709
405,Knot_Tying_F001_capture1,G15,710,841
406,Knot_Tying_F001_capture1,G11,842,896
407,Knot_Tying_F001_capture2,G12,1,34
408,Knot_Tying_F001_capture2,G13,35,86
409,Knot_Tying_F001_capture2,G14,87,133
410,Knot_Tying_F001_capture2,G15,134,354
411,Knot_Tying_F001_capture2,G14,355,415
412,Knot_Tying_F001_capture2,G12,416,477
413,Knot_Tying_F001_capture2,G13,478,591
414,Knot_Tying_F001_capture2,G14,592,709
415,Knot_Tying_F001_capture2,G15,710,841
416,Knot_Tying_F001_capture2,G11,842,896
417,Knot_Tying_F002_capture1,G12,1,52
418,Knot_Tying_F002_capture1,G13,53,129
419,Knot_Tying_F002_capture1,G14,130,238
420,Knot_Tying_F002_capture1,G15,239,400
421,Knot_Tying_F002_capture1,G14,401,462
422,Knot_Tying_F002_capture1,G12,463,540
423,Knot_Tying_F002_capture1,G13,541,597
424,Knot_Tying_F002_capture1,G14,598,651
425,Knot_Tying_F002_capture1,G15,652,919
426,Knot_Tying_F002_capture1,G11,920,984
427,Knot_Tying_F002_capture2,G12,1,52
428,Knot_Tying_F002_capture2,G13,53,129
429,Knot_Tying_F002_capture2,G14,130,238
430,Knot_Tying_F002_capture2,G15,239,400
431,Knot_Tying_F002_capture2,G14,401,462
432,Knot_Tying_F002_capture2,G12,463,540
433,Knot_Tying_F002_capture2,G13,541,597
434,Knot_Tying_F002_capture2,G14,598,651
435,Knot_Tying_F002_capture2,G15,652,919
436,Knot_Tying_F002_capture2,G11,920,984
437,Knot_Tying_F003_capture1,G12,89,351
438,Knot_Tying_F003_capture1,G13,352,440
439,Knot_Tying_F003_capture1,G14,441,1189
440,Knot_Tying_F003_capture1,G15,1190,1342
441,Knot_Tying_F003_capture1,G12,1343,1704
442,Knot_Tying_F003_capture1,G13,1705,1799
443,Knot_Tying_F003_capture1,G14,1800,2235
444,Knot_Tying_F003_capture1,G15,2236,2504
445,Knot_Tying_F003_capture1,G11,2505,2600
446,Knot_Tying_F003_capture2,G12,89,351
447,Knot_Tying_F003_capture2,G13,352,440
448,Knot_Tying_F003_capture2,G14,441,1189
449,Knot_Tying_F003_capture2,G15,1190,1342
450,Knot_Tying_F003_capture2,G12,1343,1704
451,Knot_Tying_F003_capture2,G13,1705,1799
452,Knot_Tying_F003_capture2,G14,1800,2235
453,Knot_Tying_F003_capture2,G15,2236,2504
454,Knot_Tying_F003_capture2,G11,2505,2600
455,Knot_Tying_F004_capture1,G12,1,42
456,Knot_Tying_F004_capture1,G13,43,113
457,Knot_Tying_F004_capture1,G14,114,400
458,Knot_Tying_F004_capture1,G15,401,602
459,Knot_Tying_F004_capture1,G14,603,682
460,Knot_Tying_F004_capture1,G12,683,891
461,Knot_Tying_F004_capture1,G13,892,1132
462,Knot_Tying_F004_capture1,G14,1133,1291
463,Knot_Tying_F004_capture1,G15,1292,1730
464,Knot_Tying_F004_capture1,G11,1731,1792
465,Knot_Tying_F004_capture2,G12,1,42
466,Knot_Tying_F004_capture2,G13,43,113
467,Knot_Tying_F004_capture2,G14,114,400
468,Knot_Tying_F004_capture2,G15,401,602
469,Knot_Tying_F004_capture2,G14,603,682
470,Knot_Tying_F004_capture2,G12,683,891
471,Knot_Tying_F004_capture2,G13,892,1132
472,Knot_Tying_F004_capture2,G14,1133,1291
473,Knot_Tying_F004_capture2,G15,1292,1730
474,Knot_Tying_F004_capture2,G11,1731,1792
475,Knot_Tying_F005_capture1,G1,13,185
476,Knot_Tying_F005_capture1,G12,186,254
477,Knot_Tying_F005_capture1,G13,255,314
478,Knot_Tying_F005_capture1,G14,315,392
479,Knot_Tying_F005_capture1,G15,393,616
480,Knot_Tying_F005_capture1,G14,617,786
481,Knot_Tying_F005_capture1,G12,787,869
482,Knot_Tying_F005_capture1,G13,870,920
483,Knot_Tying_F005_capture1,G14,921,978
484,Knot_Tying_F005_capture1,G15,979,1247
485,Knot_Tying_F005_capture1,G11,1248,1300
486,Knot_Tying_F005_capture2,G1,13,185
487,Knot_Tying_F005_capture2,G12,186,254
488,Knot_Tying_F005_capture2,G13,255,314
489,Knot_Tying_F005_capture2,G14,315,392
490,Knot_Tying_F005_capture2,G15,393,616
491,Knot_Tying_F005_capture2,G14,617,786
492,Knot_Tying_F005_capture2,G12,787,869
493,Knot_Tying_F005_capture2,G13,870,920
494,Knot_Tying_F005_capture2,G14,921,978
495,Knot_Tying_F005_capture2,G15,979,1247
496,Knot_Tying_F005_capture2,G11,1248,1300
497,Knot_Tying_G001_capture1,G15,182,245
498,Knot_Tying_G001_capture1,G12,246,523
499,Knot_Tying_G001_capture1,G13,524,608
500,Knot_Tying_G001_capture1,G14,609,654
501,Knot_Tying_G001_capture1,G15,655,1302
502,Knot_Tying_G001_capture1,G12,1303,1419
503,Knot_Tying_G001_capture1,G13,1420,1520
504,Knot_Tying_G001_capture1,G14,1521,1567
505,Knot_Tying_G001_capture1,G15,1568,2218
506,Knot_Tying_G001_capture1,G11,2219,2310
507,Knot_Tying_G001_capture2,G15,182,245
508,Knot_Tying_G001_capture2,G12,246,523
509,Knot_Tying_G001_capture2,G13,524,608
510,Knot_Tying_G001_capture2,G14,609,654
511,Knot_Tying_G001_capture2,G15,655,1302
512,Knot_Tying_G001_capture2,G12,1303,1419
513,Knot_Tying_G001_capture2,G13,1420,1520
514,Knot_Tying_G001_capture2,G14,1521,1567
515,Knot_Tying_G001_capture2,G15,1568,2218
516,Knot_Tying_G001_capture2,G11,2219,2310
517,Knot_Tying_G002_capture1,G12,1,259
518,Knot_Tying_G002_capture1,G13,260,327
519,Knot_Tying_G002_capture1,G14,328,662
520,Knot_Tying_G002_capture1,G12,663,1041
521,Knot_Tying_G002_capture1,G13,1042,1109
522,Knot_Tying_G002_capture1,G14,1110,1219
523,Knot_Tying_G002_capture1,G15,1220,2103
524,Knot_Tying_G002_capture1,G11,2104,2197
525,Knot_Tying_G002_capture2,G12,1,259
526,Knot_Tying_G002_capture2,G13,260,327
527,Knot_Tying_G002_capture2,G14,328,662
528,Knot_Tying_G002_capture2,G12,663,1041
529,Knot_Tying_G002_capture2,G13,1042,1109
530,Knot_Tying_G002_capture2,G14,1110,1219
531,Knot_Tying_G002_capture2,G15,1220,2103
532,Knot_Tying_G002_capture2,G11,2104,2197
533,Knot_Tying_G003_capture1,G12,175,468
534,Knot_Tying_G003_capture1,G13,469,538
535,Knot_Tying_G003_capture1,G14,539,612
536,Knot_Tying_G003_capture1,G15,613,1138
537,Knot_Tying_G003_capture1,G12,1139,1689
538,Knot_Tying_G003_capture1,G13,1690,1751
539,Knot_Tying_G003_capture1,G14,1752,1915
540,Knot_Tying_G003_capture1,G15,1916,2275
541,Knot_Tying_G003_capture1,G11,2276,2361
542,Knot_Tying_G003_capture2,G12,175,468
543,Knot_Tying_G003_capture2,G13,469,538
544,Knot_Tying_G003_capture2,G14,539,612
545,Knot_Tying_G003_capture2,G15,613,1138
546,Knot_Tying_G003_capture2,G12,1139,1689
547,Knot_Tying_G003_capture2,G13,1690,1751
548,Knot_Tying_G003_capture2,G14,1752,1915
549,Knot_Tying_G003_capture2,G15,1916,2275
550,Knot_Tying_G003_capture2,G11,2276,2361
551,Knot_Tying_G004_capture1,G12,80,359
552,Knot_Tying_G004_capture1,G13,360,439
553,Knot_Tying_G004_capture1,G14,440,1283
554,Knot_Tying_G004_capture1,G12,1284,1529
555,Knot_Tying_G004_capture1,G13,1530,1605
556,Knot_Tying_G004_capture1,G14,1606,1683
557,Knot_Tying_G004_capture1,G15,1684,2305
558,Knot_Tying_G004_capture1,G12,2306,2426
559,Knot_Tying_G004_capture1,G13,2427,2511
560,Knot_Tying_G004_capture1,G14,2512,2619
561,Knot_Tying_G004_capture1,G15,2620,3258
562,Knot_Tying_G004_capture1,G12,3259,3342
563,Knot_Tying_G004_capture1,G13,3343,3422
564,Knot_Tying_G004_capture1,G14,3423,3471
565,Knot_Tying_G004_capture1,G15,3472,3754
566,Knot_Tying_G004_capture1,G11,3755,3853
567,Knot_Tying_G004_capture2,G12,80,359
568,Knot_Tying_G004_capture2,G13,360,439
569,Knot_Tying_G004_capture2,G14,440,1283
570,Knot_Tying_G004_capture2,G12,1284,1529
571,Knot_Tying_G004_capture2,G13,1530,1605
572,Knot_Tying_G004_capture2,G14,1606,1683
573,Knot_Tying_G004_capture2,G15,1684,2305
574,Knot_Tying_G004_capture2,G12,2306,2426
575,Knot_Tying_G004_capture2,G13,2427,2511
576,Knot_Tying_G004_capture2,G14,2512,2619
577,Knot_Tying_G004_capture2,G15,2620,3258
578,Knot_Tying_G004_capture2,G12,3259,3342
579,Knot_Tying_G004_capture2,G13,3343,3422
580,Knot_Tying_G004_capture2,G14,3423,3471
581,Knot_Tying_G004_capture2,G15,3472,3754
582,Knot_Tying_G004_capture2,G11,3755,3853
583,Knot_Tying_G005_capture1,G12,23,257
584,Knot_Tying_G005_capture1,G13,258,325
585,Knot_Tying_G005_capture1,G14,326,372
586,Knot_Tying_G005_capture1,G15,373,567
587,Knot_Tying_G005_capture1,G12,568,1018
588,Knot_Tying_G005_capture1,G13,1019,1081
589,Knot_Tying_G005_capture1,G14,1082,1175
590,Knot_Tying_G005_capture1,G15,1176,1559
591,Knot_Tying_G005_capture1,G11,1560,1636
592,Knot_Tying_G005_capture2,G12,23,257
593,Knot_Tying_G005_capture2,G13,258,325
594,Knot_Tying_G005_capture2,G14,326,372
595,Knot_Tying_G005_capture2,G15,373,567
596,Knot_Tying_G005_capture2,G12,568,1018
597,Knot_Tying_G005_capture2,G13,1019,1081
598,Knot_Tying_G005_capture2,G14,1082,1175
599,Knot_Tying_G005_capture2,G15,1176,1559
600,Knot_Tying_G005_capture2,G11,1560,1636
601,Knot_Tying_H003_capture1,G13,193,339
602,Knot_Tying_H003_capture1,G14,340,670
603,Knot_Tying_H003_capture1,G15,671,861
604,Knot_Tying_H003_capture1,G14,862,1057
605,Knot_Tying_H003_capture1,G13,1058,1148
606,Knot_Tying_H003_capture1,G14,1149,1305
607,Knot_Tying_H003_capture1,G15,1306,1469
608,Knot_Tying_H003_capture1,G11,1470,1570
609,Knot_Tying_H003_capture2,G13,193,339
610,Knot_Tying_H003_capture2,G14,340,670
611,Knot_Tying_H003_capture2,G15,671,861
612,Knot_Tying_H003_capture2,G14,862,1057
613,Knot_Tying_H003_capture2,G13,1058,1148
614,Knot_Tying_H003_capture2,G14,1149,1305
615,Knot_Tying_H003_capture2,G15,1306,1469
616,Knot_Tying_H003_capture2,G11,1470,1570
617,Knot_Tying_H004_capture1,G1,1,40
618,Knot_Tying_H004_capture1,G12,41,261
619,Knot_Tying_H004_capture1,G13,262,372
620,Knot_Tying_H004_capture1,G14,373,458
621,Knot_Tying_H004_capture1,G15,459,615
622,Knot_Tying_H004_capture1,G14,616,890
623,Knot_Tying_H004_capture1,G13,891,971
624,Knot_Tying_H004_capture1,G14,972,1060
625,Knot_Tying_H004_capture1,G15,1061,1219
626,Knot_Tying_H004_capture1,G11,1220,1300
627,Knot_Tying_H004_capture2,G1,1,40
628,Knot_Tying_H004_capture2,G12,41,261
629,Knot_Tying_H004_capture2,G13,262,372
630,Knot_Tying_H004_capture2,G14,373,458
631,Knot_Tying_H004_capture2,G15,459,615
632,Knot_Tying_H004_capture2,G14,616,890
633,Knot_Tying_H004_capture2,G13,891,971
634,Knot_Tying_H004_capture2,G14,972,1060
635,Knot_Tying_H004_capture2,G15,1061,1219
636,Knot_Tying_H004_capture2,G11,1220,1300
637,Knot_Tying_H005_capture1,G12,1,19
638,Knot_Tying_H005_capture1,G13,20,100
639,Knot_Tying_H005_capture1,G14,101,274
640,Knot_Tying_H005_capture1,G15,275,454
641,Knot_Tying_H005_capture1,G14,455,608
642,Knot_Tying_H005_capture1,G12,609,984
643,Knot_Tying_H005_capture1,G13,985,1081
644,Knot_Tying_H005_capture1,G14,1082,1174
645,Knot_Tying_H005_capture1,G15,1175,1376
646,Knot_Tying_H005_capture1,G11,1377,1460
647,Knot_Tying_H005_capture2,G12,1,19
648,Knot_Tying_H005_capture2,G13,20,100
649,Knot_Tying_H005_capture2,G14,101,274
650,Knot_Tying_H005_capture2,G15,275,454
651,Knot_Tying_H005_capture2,G14,455,608
652,Knot_Tying_H005_capture2,G12,609,984
653,Knot_Tying_H005_capture2,G13,985,1081
654,Knot_Tying_H005_capture2,G14,1082,1174
655,Knot_Tying_H005_capture2,G15,1175,1376
656,Knot_Tying_H005_capture2,G11,1377,1460
657,Knot_Tying_I001_capture1,G1,20,94
658,Knot_Tying_I001_capture1,G12,95,248
659,Knot_Tying_I001_capture1,G13,249,441
660,Knot_Tying_I001_capture1,G14,442,1270
661,Knot_Tying_I001_capture1,G15,1271,1449
662,Knot_Tying_I001_capture1,G14,1450,1524
663,Knot_Tying_I001_capture1,G12,1525,1699
664,Knot_Tying_I001_capture1,G13,1700,1852
665,Knot_Tying_I001_capture1,G14,1853,1947
666,Knot_Tying_I001_capture1,G15,1948,2085
667,Knot_Tying_I001_capture1,G11,2086,2245
668,Knot_Tying_I001_capture2,G1,20,94
669,Knot_Tying_I001_capture2,G12,95,248
670,Knot_Tying_I001_capture2,G13,249,441
671,Knot_Tying_I001_capture2,G14,442,1270
672,Knot_Tying_I001_capture2,G15,1271,1449
673,Knot_Tying_I001_capture2,G14,1450,1524
674,Knot_Tying_I001_capture2,G12,1525,1699
675,Knot_Tying_I001_capture2,G13,1700,1852
676,Knot_Tying_I001_capture2,G14,1853,1947
677,Knot_Tying_I001_capture2,G15,1948,2085
678,Knot_Tying_I001_capture2,G11,2086,2245
679,Knot_Tying_I002_capture1,G1,6,114
680,Knot_Tying_I002_capture1,G12,115,423
681,Knot_Tying_I002_capture1,G13,424,713
682,Knot_Tying_I002_capture1,G14,714,806
683,Knot_Tying_I002_capture1,G15,807,1364
684,Knot_Tying_I002_capture1,G14,1365,1626
685,Knot_Tying_I002_capture1,G13,1627,1853
686,Knot_Tying_I002_capture1,G14,1854,1985
687,Knot_Tying_I002_capture1,G15,1986,2225
688,Knot_Tying_I002_capture1,G11,2226,2350
689,Knot_Tying_I002_capture2,G1,6,114
690,Knot_Tying_I002_capture2,G12,115,423
691,Knot_Tying_I002_capture2,G13,424,713
692,Knot_Tying_I002_capture2,G14,714,806
693,Knot_Tying_I002_capture2,G15,807,1364
694,Knot_Tying_I002_capture2,G14,1365,1626
695,Knot_Tying_I002_capture2,G13,1627,1853
696,Knot_Tying_I002_capture2,G14,1854,1985
697,Knot_Tying_I002_capture2,G15,1986,2225
698,Knot_Tying_I002_capture2,G11,2226,2350
699,Knot_Tying_I003_capture1,G1,1,103
700,Knot_Tying_I003_capture1,G12,104,260
701,Knot_Tying_I003_capture1,G13,261,418
702,Knot_Tying_I003_capture1,G14,419,492
703,Knot_Tying_I003_capture1,G15,493,738
704,Knot_Tying_I003_capture1,G14,739,863
705,Knot_Tying_I003_capture1,G12,864,1204
706,Knot_Tying_I003_capture1,G13,1205,1399
707,Knot_Tying_I003_capture1,G14,1400,1657
708,Knot_Tying_I003_capture1,G15,1658,1851
709,Knot_Tying_I003_capture1,G11,1852,1975
710,Knot_Tying_I003_capture2,G1,1,103
711,Knot_Tying_I003_capture2,G12,104,260
712,Knot_Tying_I003_capture2,G13,261,418
713,Knot_Tying_I003_capture2,G14,419,492
714,Knot_Tying_I003_capture2,G15,493,738
715,Knot_Tying_I003_capture2,G14,739,863
716,Knot_Tying_I003_capture2,G12,864,1204
717,Knot_Tying_I003_capture2,G13,1205,1399
718,Knot_Tying_I003_capture2,G14,1400,1657
719,Knot_Tying_I003_capture2,G15,1658,1851
720,Knot_Tying_I003_capture2,G11,1852,1975
721,Knot_Tying_I005_capture1,G1,1,91
722,Knot_Tying_I005_capture1,G12,92,254
723,Knot_Tying_I005_capture1,G13,255,416
724,Knot_Tying_I005_capture1,G14,417,485
725,Knot_Tying_I005_capture1,G15,486,1050
726,Knot_Tying_I005_capture1,G14,1051,1189
727,Knot_Tying_I005_capture1,G12,1190,1867
728,Knot_Tying_I005_capture1,G13,1868,2122
729,Knot_Tying_I005_capture1,G14,2123,2254
730,Knot_Tying_I005_capture1,G15,2255,2498
731,Knot_Tying_I005_capture1,G11,2499,2612
732,Knot_Tying_I005_capture2,G1,1,91
733,Knot_Tying_I005_capture2,G12,92,254
734,Knot_Tying_I005_capture2,G13,255,416
735,Knot_Tying_I005_capture2,G14,417,485
736,Knot_Tying_I005_capture2,G15,486,1050
737,Knot_Tying_I005_capture2,G14,1051,1189
738,Knot_Tying_I005_capture2,G12,1190,1867
739,Knot_Tying_I005_capture2,G13,1868,2122
740,Knot_Tying_I005_capture2,G14,2123,2254
741,Knot_Tying_I005_capture2,G15,2255,2498
742,Knot_Tying_I005_capture2,G11,2499,2612
743,Needle_Passing_B001_capture1,G1,166,586
744,Needle_Passing_B001_capture1,G2,587,794
745,Needle_Passing_B001_capture1,G3,795,821
746,Needle_Passing_B001_capture1,G6,822,962
747,Needle_Passing_B001_capture1,G4,963,1113
748,Needle_Passing_B001_capture1,G2,1114,1448
749,Needle_Passing_B001_capture1,G3,1449,1492
750,Needle_Passing_B001_capture1,G6,1493,1631
751,Needle_Passing_B001_capture1,G4,1632,1775
752,Needle_Passing_B001_capture1,G2,1776,2184
753,Needle_Passing_B001_capture1,G3,2185,2340
754,Needle_Passing_B001_capture1,G6,2341,2498
755,Needle_Passing_B001_capture1,G4,2499,2655
756,Needle_Passing_B001_capture1,G2,2656,2875
757,Needle_Passing_B001_capture1,G3,2876,2922
758,Needle_Passing_B001_capture1,G6,2923,3056
759,Needle_Passing_B001_capture1,G11,3057,3330
760,Needle_Passing_B001_capture2,G1,166,586
761,Needle_Passing_B001_capture2,G2,587,794
762,Needle_Passing_B001_capture2,G3,795,821
763,Needle_Passing_B001_capture2,G6,822,962
764,Needle_Passing_B001_capture2,G4,963,1113
765,Needle_Passing_B001_capture2,G2,1114,1448
766,Needle_Passing_B001_capture2,G3,1449,1492
767,Needle_Passing_B001_capture2,G6,1493,1631
768,Needle_Passing_B001_capture2,G4,1632,1775
769,Needle_Passing_B001_capture2,G2,1776,2184
770,Needle_Passing_B001_capture2,G3,2185,2340
771,Needle_Passing_B001_capture2,G6,2341,2498
772,Needle_Passing_B001_capture2,G4,2499,2655
773,Needle_Passing_B001_capture2,G2,2656,2875
774,Needle_Passing_B001_capture2,G3,2876,2922
775,Needle_Passing_B001_capture2,G6,2923,3056
776,Needle_Passing_B001_capture2,G11,3057,3330
777,Needle_Passing_B002_capture1,G1,32,337
778,Needle_Passing_B002_capture1,G2,338,522
779,Needle_Passing_B002_capture1,G3,523,625
780,Needle_Passing_B002_capture1,G6,626,1132
781,Needle_Passing_B002_capture1,G4,1133,1301
782,Needle_Passing_B002_capture1,G2,1302,1471
783,Needle_Passing_B002_capture1,G3,1472,1531
784,Needle_Passing_B002_capture1,G6,1532,1688
785,Needle_Passing_B002_capture1,G4,1689,1800
786,Needle_Passing_B002_capture1,G2,1801,2099
787,Needle_Passing_B002_capture1,G3,2100,2371
788,Needle_Passing_B002_capture1,G6,2372,2470
789,Needle_Passing_B002_capture1,G4,2471,2577
790,Needle_Passing_B002_capture1,G2,2578,2733
791,Needle_Passing_B002_capture1,G3,2734,2807
792,Needle_Passing_B002_capture1,G6,2808,2931
793,Needle_Passing_B002_capture1,G11,2932,3080
794,Needle_Passing_B002_capture2,G1,32,337
795,Needle_Passing_B002_capture2,G2,338,522
796,Needle_Passing_B002_capture2,G3,523,625
797,Needle_Passing_B002_capture2,G6,626,1132
798,Needle_Passing_B002_capture2,G4,1133,1301
799,Needle_Passing_B002_capture2,G2,1302,1471
800,Needle_Passing_B002_capture2,G3,1472,1531
801,Needle_Passing_B002_capture2,G6,1532,1688
802,Needle_Passing_B002_capture2,G4,1689,1800
803,Needle_Passing_B002_capture2,G2,1801,2099
804,Needle_Passing_B002_capture2,G3,2100,2371
805,Needle_Passing_B002_capture2,G6,2372,2470
806,Needle_Passing_B002_capture2,G4,2471,2577
807,Needle_Passing_B002_capture2,G2,2578,2733
808,Needle_Passing_B002_capture2,G3,2734,2807
809,Needle_Passing_B002_capture2,G6,2808,2931
810,Needle_Passing_B002_capture2,G11,2932,3080
811,Needle_Passing_B003_capture1,G1,38,173
812,Needle_Passing_B003_capture1,G2,174,611
813,Needle_Passing_B003_capture1,G3,612,715
814,Needle_Passing_B003_capture1,G6,716,840
815,Needle_Passing_B003_capture1,G4,841,962
816,Needle_Passing_B003_capture1,G2,963,1456
817,Needle_Passing_B003_capture1,G3,1457,1583
818,Needle_Passing_B003_capture1,G6,1584,1772
819,Needle_Passing_B003_capture1,G4,1773,2014
820,Needle_Passing_B003_capture1,G2,2015,2215
821,Needle_Passing_B003_capture1,G6,2216,2445
822,Needle_Passing_B003_capture1,G4,2446,2562
823,Needle_Passing_B003_capture1,G2,2563,2750
824,Needle_Passing_B003_capture1,G3,2751,2845
825,Needle_Passing_B003_capture1,G6,2846,2965
826,Needle_Passing_B003_capture1,G11,2966,3238
827,Needle_Passing_B003_capture2,G1,38,173
828,Needle_Passing_B003_capture2,G2,174,611
829,Needle_Passing_B003_capture2,G3,612,715
830,Needle_Passing_B003_capture2,G6,716,840
831,Needle_Passing_B003_capture2,G4,841,962
832,Needle_Passing_B003_capture2,G2,963,1456
833,Needle_Passing_B003_capture2,G3,1457,1583
834,Needle_Passing_B003_capture2,G6,1584,1772
835,Needle_Passing_B003_capture2,G4,1773,2014
836,Needle_Passing_B003_capture2,G2,2015,2215
837,Needle_Passing_B003_capture2,G6,2216,2445
838,Needle_Passing_B003_capture2,G4,2446,2562
839,Needle_Passing_B003_capture2,G2,2563,2750
840,Needle_Passing_B003_capture2,G3,2751,2845
841,Needle_Passing_B003_capture2,G6,2846,2965
842,Needle_Passing_B003_capture2,G11,2966,3238
843,Needle_Passing_B004_capture1,G1,31,185
844,Needle_Passing_B004_capture1,G2,186,515
845,Needle_Passing_B004_capture1,G3,516,686
846,Needle_Passing_B004_capture1,G6,687,872
847,Needle_Passing_B004_capture1,G4,873,980
848,Needle_Passing_B004_capture1,G2,981,1199
849,Needle_Passing_B004_capture1,G3,1200,1282
850,Needle_Passing_B004_capture1,G6,1283,1392
851,Needle_Passing_B004_capture1,G4,1393,1486
852,Needle_Passing_B004_capture1,G2,1487,1666
853,Needle_Passing_B004_capture1,G3,1667,1745
854,Needle_Passing_B004_capture1,G6,1746,1891
855,Needle_Passing_B004_capture1,G4,1892,2008
856,Needle_Passing_B004_capture1,G2,2009,2316
857,Needle_Passing_B004_capture1,G3,2317,2404
858,Needle_Passing_B004_capture1,G6,2405,2625
859,Needle_Passing_B004_capture1,G11,2626,2780
860,Needle_Passing_B004_capture2,G1,31,185
861,Needle_Passing_B004_capture2,G2,186,515
862,Needle_Passing_B004_capture2,G3,516,686
863,Needle_Passing_B004_capture2,G6,687,872
864,Needle_Passing_B004_capture2,G4,873,980
865,Needle_Passing_B004_capture2,G2,981,1199
866,Needle_Passing_B004_capture2,G3,1200,1282
867,Needle_Passing_B004_capture2,G6,1283,1392
868,Needle_Passing_B004_capture2,G4,1393,1486
869,Needle_Passing_B004_capture2,G2,1487,1666
870,Needle_Passing_B004_capture2,G3,1667,1745
871,Needle_Passing_B004_capture2,G6,1746,1891
872,Needle_Passing_B004_capture2,G4,1892,2008
873,Needle_Passing_B004_capture2,G2,2009,2316
874,Needle_Passing_B004_capture2,G3,2317,2404
875,Needle_Passing_B004_capture2,G6,2405,2625
876,Needle_Passing_B004_capture2,G11,2626,2780
877,Needle_Passing_C001_capture1,G1,27,65
878,Needle_Passing_C001_capture1,G5,66,156
879,Needle_Passing_C001_capture1,G8,157,315
880,Needle_Passing_C001_capture1,G2,316,485
881,Needle_Passing_C001_capture1,G3,486,553
882,Needle_Passing_C001_capture1,G6,554,635
883,Needle_Passing_C001_capture1,G4,636,701
884,Needle_Passing_C001_capture1,G2,702,1826
885,Needle_Passing_C001_capture1,G3,1827,1931
886,Needle_Passing_C001_capture1,G6,1932,2149
887,Needle_Passing_C001_capture1,G4,2150,2236
888,Needle_Passing_C001_capture1,G2,2237,2428
889,Needle_Passing_C001_capture1,G3,2429,2503
890,Needle_Passing_C001_capture1,G6,2504,2603
891,Needle_Passing_C001_capture1,G4,2604,2675
892,Needle_Passing_C001_capture1,G2,2676,3072
893,Needle_Passing_C001_capture1,G3,3073,3182
894,Needle_Passing_C001_capture1,G6,3183,3396
895,Needle_Passing_C001_capture1,G4,3397,3560
896,Needle_Passing_C001_capture1,G2,3561,3912
897,Needle_Passing_C001_capture1,G3,3913,4001
898,Needle_Passing_C001_capture1,G6,4002,4188
899,Needle_Passing_C001_capture1,G11,4189,4313
900,Needle_Passing_C001_capture2,G1,27,65
901,Needle_Passing_C001_capture2,G5,66,156
902,Needle_Passing_C001_capture2,G8,157,315
903,Needle_Passing_C001_capture2,G2,316,485
904,Needle_Passing_C001_capture2,G3,486,553
905,Needle_Passing_C001_capture2,G6,554,635
906,Needle_Passing_C001_capture2,G4,636,701
907,Needle_Passing_C001_capture2,G2,702,1826
908,Needle_Passing_C001_capture2,G3,1827,1931
909,Needle_Passing_C001_capture2,G6,1932,2149
910,Needle_Passing_C001_capture2,G4,2150,2236
911,Needle_Passing_C001_capture2,G2,2237,2428
912,Needle_Passing_C001_capture2,G3,2429,2503
913,Needle_Passing_C001_capture2,G6,2504,2603
914,Needle_Passing_C001_capture2,G4,2604,2675
915,Needle_Passing_C001_capture2,G2,2676,3072
916,Needle_Passing_C001_capture2,G3,3073,3182
917,Needle_Passing_C001_capture2,G6,3183,3396
918,Needle_Passing_C001_capture2,G4,3397,3560
919,Needle_Passing_C001_capture2,G2,3561,3912
920,Needle_Passing_C001_capture2,G3,3913,4001
921,Needle_Passing_C001_capture2,G6,4002,4188
922,Needle_Passing_C001_capture2,G11,4189,4313
923,Needle_Passing_C002_capture1,G1,50,141
924,Needle_Passing_C002_capture1,G5,142,247
925,Needle_Passing_C002_capture1,G8,248,472
926,Needle_Passing_C002_capture1,G2,473,616
927,Needle_Passing_C002_capture1,G3,617,762
928,Needle_Passing_C002_capture1,G6,763,963
929,Needle_Passing_C002_capture1,G4,964,1029
930,Needle_Passing_C002_capture1,G2,1030,1386
931,Needle_Passing_C002_capture1,G3,1387,1429
932,Needle_Passing_C002_capture1,G6,1430,1497
933,Needle_Passing_C002_capture1,G4,1498,1633
934,Needle_Passing_C002_capture1,G2,1634,1880
935,Needle_Passing_C002_capture1,G3,1881,1943
936,Needle_Passing_C002_capture1,G6,1944,2000
937,Needle_Passing_C002_capture1,G4,2001,2066
938,Needle_Passing_C002_capture1,G2,2067,2635
939,Needle_Passing_C002_capture1,G8,2636,2740
940,Needle_Passing_C002_capture1,G2,2741,3358
941,Needle_Passing_C002_capture1,G3,3359,3445
942,Needle_Passing_C002_capture1,G6,3446,3497
943,Needle_Passing_C002_capture1,G11,3498,3613
944,Needle_Passing_C002_capture2,G1,50,141
945,Needle_Passing_C002_capture2,G5,142,247
946,Needle_Passing_C002_capture2,G8,248,472
947,Needle_Passing_C002_capture2,G2,473,616
948,Needle_Passing_C002_capture2,G3,617,762
949,Needle_Passing_C002_capture2,G6,763,963
950,Needle_Passing_C002_capture2,G4,964,1029
951,Needle_Passing_C002_capture2,G2,1030,1386
952,Needle_Passing_C002_capture2,G3,1387,1429
953,Needle_Passing_C002_capture2,G6,1430,1497
954,Needle_Passing_C002_capture2,G4,1498,1633
955,Needle_Passing_C002_capture2,G2,1634,1880
956,Needle_Passing_C002_capture2,G3,1881,1943
957,Needle_Passing_C002_capture2,G6,1944,2000
958,Needle_Passing_C002_capture2,G4,2001,2066
959,Needle_Passing_C002_capture2,G2,2067,2635
960,Needle_Passing_C002_capture2,G8,2636,2740
961,Needle_Passing_C002_capture2,G2,2741,3358
962,Needle_Passing_C002_capture2,G3,3359,3445
963,Needle_Passing_C002_capture2,G6,3446,3497
964,Needle_Passing_C002_capture2,G11,3498,3613
965,Needle_Passing_C003_capture1,G1,50,116
966,Needle_Passing_C003_capture1,G5,117,176
967,Needle_Passing_C003_capture1,G8,177,367
968,Needle_Passing_C003_capture1,G2,368,694
969,Needle_Passing_C003_capture1,G3,695,797
970,Needle_Passing_C003_capture1,G6,798,824
971,Needle_Passing_C003_capture1,G8,825,1213
972,Needle_Passing_C003_capture1,G6,1214,1257
973,Needle_Passing_C003_capture1,G4,1258,1346
974,Needle_Passing_C003_capture1,G2,1347,1839
975,Needle_Passing_C003_capture1,G3,1840,2061
976,Needle_Passing_C003_capture1,G8,2062,2210
977,Needle_Passing_C003_capture1,G2,2211,2336
978,Needle_Passing_C003_capture1,G3,2337,2382
979,Needle_Passing_C003_capture1,G6,2383,2471
980,Needle_Passing_C003_capture1,G4,2472,2552
981,Needle_Passing_C003_capture1,G2,2553,2710
982,Needle_Passing_C003_capture1,G3,2711,2783
983,Needle_Passing_C003_capture1,G6,2784,2870
984,Needle_Passing_C003_capture1,G4,2871,2982
985,Needle_Passing_C003_capture1,G2,2983,3215
986,Needle_Passing_C003_capture1,G3,3216,3373
987,Needle_Passing_C003_capture1,G6,3374,3443
988,Needle_Passing_C003_capture1,G11,3444,3572
989,Needle_Passing_C003_capture2,G1,50,116
990,Needle_Passing_C003_capture2,G5,117,176
991,Needle_Passing_C003_capture2,G8,177,367
992,Needle_Passing_C003_capture2,G2,368,694
993,Needle_Passing_C003_capture2,G3,695,797
994,Needle_Passing_C003_capture2,G6,798,824
995,Needle_Passing_C003_capture2,G8,825,1213
996,Needle_Passing_C003_capture2,G6,1214,1257
997,Needle_Passing_C003_capture2,G4,1258,1346
998,Needle_Passing_C003_capture2,G2,1347,1839
999,Needle_Passing_C003_capture2,G3,1840,2061
1000,Needle_Passing_C003_capture2,G8,2062,2210
1001,Needle_Passing_C003_capture2,G2,2211,2336
1002,Needle_Passing_C003_capture2,G3,2337,2382
1003,Needle_Passing_C003_capture2,G6,2383,2471
1004,Needle_Passing_C003_capture2,G4,2472,2552
1005,Needle_Passing_C003_capture2,G2,2553,2710
1006,Needle_Passing_C003_capture2,G3,2711,2783
1007,Needle_Passing_C003_capture2,G6,2784,2870
1008,Needle_Passing_C003_capture2,G4,2871,2982
1009,Needle_Passing_C003_capture2,G2,2983,3215
1010,Needle_Passing_C003_capture2,G3,3216,3373
1011,Needle_Passing_C003_capture2,G6,3374,3443
1012,Needle_Passing_C003_capture2,G11,3444,3572
1013,Needle_Passing_C004_capture1,G1,30,178
1014,Needle_Passing_C004_capture1,G5,179,237
1015,Needle_Passing_C004_capture1,G8,238,377
1016,Needle_Passing_C004_capture1,G2,378,641
1017,Needle_Passing_C004_capture1,G3,642,703
1018,Needle_Passing_C004_capture1,G6,704,804
1019,Needle_Passing_C004_capture1,G4,805,872
1020,Needle_Passing_C004_capture1,G2,873,1079
1021,Needle_Passing_C004_capture1,G3,1080,1145
1022,Needle_Passing_C004_capture1,G6,1146,1197
1023,Needle_Passing_C004_capture1,G4,1198,1309
1024,Needle_Passing_C004_capture1,G2,1310,1605
1025,Needle_Passing_C004_capture1,G3,1606,1664
1026,Needle_Passing_C004_capture1,G6,1665,1819
1027,Needle_Passing_C004_capture1,G4,1820,1915
1028,Needle_Passing_C004_capture1,G2,1916,2120
1029,Needle_Passing_C004_capture1,G3,2121,2216
1030,Needle_Passing_C004_capture1,G6,2217,2308
1031,Needle_Passing_C004_capture1,G11,2309,2400
1032,Needle_Passing_C004_capture2,G1,30,178
1033,Needle_Passing_C004_capture2,G5,179,237
1034,Needle_Passing_C004_capture2,G8,238,377
1035,Needle_Passing_C004_capture2,G2,378,641
1036,Needle_Passing_C004_capture2,G3,642,703
1037,Needle_Passing_C004_capture2,G6,704,804
1038,Needle_Passing_C004_capture2,G4,805,872
1039,Needle_Passing_C004_capture2,G2,873,1079
1040,Needle_Passing_C004_capture2,G3,1080,1145
1041,Needle_Passing_C004_capture2,G6,1146,1197
1042,Needle_Passing_C004_capture2,G4,1198,1309
1043,Needle_Passing_C004_capture2,G2,1310,1605
1044,Needle_Passing_C004_capture2,G3,1606,1664
1045,Needle_Passing_C004_capture2,G6,1665,1819
1046,Needle_Passing_C004_capture2,G4,1820,1915
1047,Needle_Passing_C004_capture2,G2,1916,2120
1048,Needle_Passing_C004_capture2,G3,2121,2216
1049,Needle_Passing_C004_capture2,G6,2217,2308
1050,Needle_Passing_C004_capture2,G11,2309,2400
1051,Needle_Passing_C005_capture1,G1,51,212
1052,Needle_Passing_C005_capture1,G5,213,259
1053,Needle_Passing_C005_capture1,G8,260,402
1054,Needle_Passing_C005_capture1,G2,403,626
1055,Needle_Passing_C005_capture1,G3,627,744
1056,Needle_Passing_C005_capture1,G6,745,813
1057,Needle_Passing_C005_capture1,G9,814,1003
1058,Needle_Passing_C005_capture1,G4,1004,1068
1059,Needle_Passing_C005_capture1,G8,1069,1112
1060,Needle_Passing_C005_capture1,G2,1113,1218
1061,Needle_Passing_C005_capture1,G3,1219,1285
1062,Needle_Passing_C005_capture1,G6,1286,1338
1063,Needle_Passing_C005_capture1,G4,1339,1399
1064,Needle_Passing_C005_capture1,G2,1400,1526
1065,Needle_Passing_C005_capture1,G3,1527,1583
1066,Needle_Passing_C005_capture1,G6,1584,1623
1067,Needle_Passing_C005_capture1,G4,1624,1678
1068,Needle_Passing_C005_capture1,G2,1679,2033
1069,Needle_Passing_C005_capture1,G3,2034,2113
1070,Needle_Passing_C005_capture1,G6,2114,2458
1071,Needle_Passing_C005_capture1,G11,2459,2557
1072,Needle_Passing_C005_capture2,G1,51,212
1073,Needle_Passing_C005_capture2,G5,213,259
1074,Needle_Passing_C005_capture2,G8,260,402
1075,Needle_Passing_C005_capture2,G2,403,626
1076,Needle_Passing_C005_capture2,G3,627,744
1077,Needle_Passing_C005_capture2,G6,745,813
1078,Needle_Passing_C005_capture2,G9,814,1003
1079,Needle_Passing_C005_capture2,G4,1004,1068
1080,Needle_Passing_C005_capture2,G8,1069,1112
1081,Needle_Passing_C005_capture2,G2,1113,1218
1082,Needle_Passing_C005_capture2,G3,1219,1285
1083,Needle_Passing_C005_capture2,G6,1286,1338
1084,Needle_Passing_C005_capture2,G4,1339,1399
1085,Needle_Passing_C005_capture2,G2,1400,1526
1086,Needle_Passing_C005_capture2,G3,1527,1583
1087,Needle_Passing_C005_capture2,G6,1584,1623
1088,Needle_Passing_C005_capture2,G4,1624,1678
1089,Needle_Passing_C005_capture2,G2,1679,2033
1090,Needle_Passing_C005_capture2,G3,2034,2113
1091,Needle_Passing_C005_capture2,G6,2114,2458
1092,Needle_Passing_C005_capture2,G11,2459,2557
1093,Needle_Passing_D001_capture1,G1,46,113
1094,Needle_Passing_D001_capture1,G5,114,427
1095,Needle_Passing_D001_capture1,G1,428,606
1096,Needle_Passing_D001_capture1,G2,607,936
1097,Needle_Passing_D001_capture1,G3,937,978
1098,Needle_Passing_D001_capture1,G6,979,1122
1099,Needle_Passing_D001_capture1,G4,1123,1188
1100,Needle_Passing_D001_capture1,G2,1189,1596
1101,Needle_Passing_D001_capture1,G3,1597,1669
1102,Needle_Passing_D001_capture1,G6,1670,1710
1103,Needle_Passing_D001_capture1,G4,1711,1763
1104,Needle_Passing_D001_capture1,G2,1764,2068
1105,Needle_Passing_D001_capture1,G3,2069,2153
1106,Needle_Passing_D001_capture1,G6,2154,2234
1107,Needle_Passing_D001_capture1,G4,2235,2303
1108,Needle_Passing_D001_capture1,G5,2304,2408
1109,Needle_Passing_D001_capture1,G8,2409,2487
1110,Needle_Passing_D001_capture1,G2,2488,3049
1111,Needle_Passing_D001_capture1,G5,3050,3228
1112,Needle_Passing_D001_capture1,G8,3229,3308
1113,Needle_Passing_D001_capture1,G2,3309,3474
1114,Needle_Passing_D001_capture1,G3,3475,3614
1115,Needle_Passing_D001_capture1,G6,3615,3659
1116,Needle_Passing_D001_capture1,G4,3660,3750
1117,Needle_Passing_D001_capture1,G2,3751,3863
1118,Needle_Passing_D001_capture1,G3,3864,3902
1119,Needle_Passing_D001_capture1,G5,3903,4026
1120,Needle_Passing_D001_capture1,G6,4027,4651
1121,Needle_Passing_D001_capture2,G1,46,113
1122,Needle_Passing_D001_capture2,G5,114,427
1123,Needle_Passing_D001_capture2,G1,428,606
1124,Needle_Passing_D001_capture2,G2,607,936
1125,Needle_Passing_D001_capture2,G3,937,978
1126,Needle_Passing_D001_capture2,G6,979,1122
1127,Needle_Passing_D001_capture2,G4,1123,1188
1128,Needle_Passing_D001_capture2,G2,1189,1596
1129,Needle_Passing_D001_capture2,G3,1597,1669
1130,Needle_Passing_D001_capture2,G6,1670,1710
1131,Needle_Passing_D001_capture2,G4,1711,1763
1132,Needle_Passing_D001_capture2,G2,1764,2068
1133,Needle_Passing_D001_capture2,G3,2069,2153
1134,Needle_Passing_D001_capture2,G6,2154,2234
1135,Needle_Passing_D001_capture2,G4,2235,2303
1136,Needle_Passing_D001_capture2,G5,2304,2408
1137,Needle_Passing_D001_capture2,G8,2409,2487
1138,Needle_Passing_D001_capture2,G2,2488,3049
1139,Needle_Passing_D001_capture2,G5,3050,3228
1140,Needle_Passing_D001_capture2,G8,3229,3308
1141,Needle_Passing_D001_capture2,G2,3309,3474
1142,Needle_Passing_D001_capture2,G3,3475,3614
1143,Needle_Passing_D001_capture2,G6,3615,3659
1144,Needle_Passing_D001_capture2,G4,3660,3750
1145,Needle_Passing_D001_capture2,G2,3751,3863
1146,Needle_Passing_D001_capture2,G3,3864,3902
1147,Needle_Passing_D001_capture2,G5,3903,4026
1148,Needle_Passing_D001_capture2,G6,4027,4651
1149,Needle_Passing_D002_capture1,G1,42,170
1150,Needle_Passing_D002_capture1,G5,171,320
1151,Needle_Passing_D002_capture1,G8,321,423
1152,Needle_Passing_D002_capture1,G2,424,660
1153,Needle_Passing_D002_capture1,G3,661,746
1154,Needle_Passing_D002_capture1,G6,747,805
1155,Needle_Passing_D002_capture1,G4,806,890
1156,Needle_Passing_D002_capture1,G2,891,1090
1157,Needle_Passing_D002_capture1,G3,1091,1134
1158,Needle_Passing_D002_capture1,G6,1135,1219
1159,Needle_Passing_D002_capture1,G4,1220,1318
1160,Needle_Passing_D002_capture1,G2,1319,1810
1161,Needle_Passing_D002_capture1,G3,1811,1881
1162,Needle_Passing_D002_capture1,G6,1882,1991
1163,Needle_Passing_D002_capture1,G4,1992,2068
1164,Needle_Passing_D002_capture1,G2,2069,2400
1165,Needle_Passing_D002_capture1,G5,2401,2549
1166,Needle_Passing_D002_capture1,G8,2550,2609
1167,Needle_Passing_D002_capture1,G2,2610,2850
1168,Needle_Passing_D002_capture1,G3,2851,2957
1169,Needle_Passing_D002_capture1,G6,2958,3036
1170,Needle_Passing_D002_capture1,G11,3037,3187
1171,Needle_Passing_D002_capture2,G1,42,170
1172,Needle_Passing_D002_capture2,G5,171,320
1173,Needle_Passing_D002_capture2,G8,321,423
1174,Needle_Passing_D002_capture2,G2,424,660
1175,Needle_Passing_D002_capture2,G3,661,746
1176,Needle_Passing_D002_capture2,G6,747,805
1177,Needle_Passing_D002_capture2,G4,806,890
1178,Needle_Passing_D002_capture2,G2,891,1090
1179,Needle_Passing_D002_capture2,G3,1091,1134
1180,Needle_Passing_D002_capture2,G6,1135,1219
1181,Needle_Passing_D002_capture2,G4,1220,1318
1182,Needle_Passing_D002_capture2,G2,1319,1810
1183,Needle_Passing_D002_capture2,G3,1811,1881
1184,Needle_Passing_D002_capture2,G6,1882,1991
1185,Needle_Passing_D002_capture2,G4,1992,2068
1186,Needle_Passing_D002_capture2,G2,2069,2400
1187,Needle_Passing_D002_capture2,G5,2401,2549
1188,Needle_Passing_D002_capture2,G8,2550,2609
1189,Needle_Passing_D002_capture2,G2,2610,2850
1190,Needle_Passing_D002_capture2,G3,2851,2957
1191,Needle_Passing_D002_capture2,G6,2958,3036
1192,Needle_Passing_D002_capture2,G11,3037,3187
1193,Needle_Passing_D003_capture1,G1,50,116
1194,Needle_Passing_D003_capture1,G5,117,247
1195,Needle_Passing_D003_capture1,G8,248,367
1196,Needle_Passing_D003_capture1,G2,368,798
1197,Needle_Passing_D003_capture1,G6,799,825
1198,Needle_Passing_D003_capture1,G10,826,1000
1199,Needle_Passing_D003_capture1,G1,1001,1047
1200,Needle_Passing_D003_capture1,G5,1048,1198
1201,Needle_Passing_D003_capture1,G8,1199,1529
1202,Needle_Passing_D003_capture1,G2,1530,1839
1203,Needle_Passing_D003_capture1,G3,1840,1994
1204,Needle_Passing_D003_capture1,G6,1995,2125
1205,Needle_Passing_D003_capture1,G4,2126,2199
1206,Needle_Passing_D003_capture1,G2,2200,2335
1207,Needle_Passing_D003_capture1,G3,2336,2382
1208,Needle_Passing_D003_capture1,G6,2383,2471
1209,Needle_Passing_D003_capture1,G4,2472,2552
1210,Needle_Passing_D003_capture1,G2,2553,2709
1211,Needle_Passing_D003_capture1,G3,2710,2786
1212,Needle_Passing_D003_capture1,G6,2787,2871
1213,Needle_Passing_D003_capture1,G4,2872,2983
1214,Needle_Passing_D003_capture2,G1,50,116
1215,Needle_Passing_D003_capture2,G5,117,247
1216,Needle_Passing_D003_capture2,G8,248,367
1217,Needle_Passing_D003_capture2,G2,368,798
1218,Needle_Passing_D003_capture2,G6,799,825
1219,Needle_Passing_D003_capture2,G10,826,1000
1220,Needle_Passing_D003_capture2,G1,1001,1047
1221,Needle_Passing_D003_capture2,G5,1048,1198
1222,Needle_Passing_D003_capture2,G8,1199,1529
1223,Needle_Passing_D003_capture2,G2,1530,1839
1224,Needle_Passing_D003_capture2,G3,1840,1994
1225,Needle_Passing_D003_capture2,G6,1995,2125
1226,Needle_Passing_D003_capture2,G4,2126,2199
1227,Needle_Passing_D003_capture2,G2,2200,2335
1228,Needle_Passing_D003_capture2,G3,2336,2382
1229,Needle_Passing_D003_capture2,G6,2383,2471
1230,Needle_Passing_D003_capture2,G4,2472,2552
1231,Needle_Passing_D003_capture2,G2,2553,2709
1232,Needle_Passing_D003_capture2,G3,2710,2786
1233,Needle_Passing_D003_capture2,G6,2787,2871
1234,Needle_Passing_D003_capture2,G4,2872,2983
1235,Needle_Passing_D004_capture1,G1,32,165
1236,Needle_Passing_D004_capture1,G5,166,290
1237,Needle_Passing_D004_capture1,G8,291,377
1238,Needle_Passing_D004_capture1,G2,378,639
1239,Needle_Passing_D004_capture1,G3,640,704
1240,Needle_Passing_D004_capture1,G6,705,805
1241,Needle_Passing_D004_capture1,G4,806,872
1242,Needle_Passing_D004_capture1,G2,873,1080
1243,Needle_Passing_D004_capture1,G3,1081,1147
1244,Needle_Passing_D004_capture1,G6,1148,1198
1245,Needle_Passing_D004_capture1,G4,1199,1310
1246,Needle_Passing_D004_capture1,G2,1311,1606
1247,Needle_Passing_D004_capture1,G3,1607,1676
1248,Needle_Passing_D004_capture1,G6,1677,1821
1249,Needle_Passing_D004_capture1,G4,1822,1917
1250,Needle_Passing_D004_capture1,G2,1918,2125
1251,Needle_Passing_D004_capture1,G3,2126,2219
1252,Needle_Passing_D004_capture1,G6,2220,2308
1253,Needle_Passing_D004_capture1,G11,2309,2685
1254,Needle_Passing_D004_capture2,G1,32,165
1255,Needle_Passing_D004_capture2,G5,166,290
1256,Needle_Passing_D004_capture2,G8,291,377
1257,Needle_Passing_D004_capture2,G2,378,639
1258,Needle_Passing_D004_capture2,G3,640,704
1259,Needle_Passing_D004_capture2,G6,705,805
1260,Needle_Passing_D004_capture2,G4,806,872
1261,Needle_Passing_D004_capture2,G2,873,1080
1262,Needle_Passing_D004_capture2,G3,1081,1147
1263,Needle_Passing_D004_capture2,G6,1148,1198
1264,Needle_Passing_D004_capture2,G4,1199,1310
1265,Needle_Passing_D004_capture2,G2,1311,1606
1266,Needle_Passing_D004_capture2,G3,1607,1676
1267,Needle_Passing_D004_capture2,G6,1677,1821
1268,Needle_Passing_D004_capture2,G4,1822,1917
1269,Needle_Passing_D004_capture2,G2,1918,2125
1270,Needle_Passing_D004_capture2,G3,2126,2219
1271,Needle_Passing_D004_capture2,G6,2220,2308
1272,Needle_Passing_D004_capture2,G11,2309,2685
1273,Needle_Passing_D005_capture1,G1,1,84
1274,Needle_Passing_D005_capture1,G5,85,159
1275,Needle_Passing_D005_capture1,G1,160,208
1276,Needle_Passing_D005_capture1,G5,209,383
1277,Needle_Passing_D005_capture1,G8,384,561
1278,Needle_Passing_D005_capture1,G2,562,666
1279,Needle_Passing_D005_capture1,G3,667,723
1280,Needle_Passing_D005_capture1,G6,724,799
1281,Needle_Passing_D005_capture1,G4,800,875
1282,Needle_Passing_D005_capture1,G2,876,1101
1283,Needle_Passing_D005_capture1,G3,1102,1156
1284,Needle_Passing_D005_capture1,G6,1157,1185
1285,Needle_Passing_D005_capture1,G4,1186,1268
1286,Needle_Passing_D005_capture1,G2,1269,1464
1287,Needle_Passing_D005_capture1,G3,1465,1523
1288,Needle_Passing_D005_capture1,G6,1524,1568
1289,Needle_Passing_D005_capture1,G4,1569,1625
1290,Needle_Passing_D005_capture1,G2,1626,1733
1291,Needle_Passing_D005_capture1,G3,1734,1779
1292,Needle_Passing_D005_capture1,G6,1780,1854
1293,Needle_Passing_D005_capture1,G11,1855,1962
1294,Needle_Passing_D005_capture2,G1,1,84
1295,Needle_Passing_D005_capture2,G5,85,159
1296,Needle_Passing_D005_capture2,G1,160,208
1297,Needle_Passing_D005_capture2,G5,209,383
1298,Needle_Passing_D005_capture2,G8,384,561
1299,Needle_Passing_D005_capture2,G2,562,666
1300,Needle_Passing_D005_capture2,G3,667,723
1301,Needle_Passing_D005_capture2,G6,724,799
1302,Needle_Passing_D005_capture2,G4,800,875
1303,Needle_Passing_D005_capture2,G2,876,1101
1304,Needle_Passing_D005_capture2,G3,1102,1156
1305,Needle_Passing_D005_capture2,G6,1157,1185
1306,Needle_Passing_D005_capture2,G4,1186,1268
1307,Needle_Passing_D005_capture2,G2,1269,1464
1308,Needle_Passing_D005_capture2,G3,1465,1523
1309,Needle_Passing_D005_capture2,G6,1524,1568
1310,Needle_Passing_D005_capture2,G4,1569,1625
1311,Needle_Passing_D005_capture2,G2,1626,1733
1312,Needle_Passing_D005_capture2,G3,1734,1779
1313,Needle_Passing_D005_capture2,G6,1780,1854
1314,Needle_Passing_D005_capture2,G11,1855,1962
1315,Needle_Passing_E001_capture1,G1,15,169
1316,Needle_Passing_E001_capture1,G5,170,334
1317,Needle_Passing_E001_capture1,G8,335,419
1318,Needle_Passing_E001_capture1,G2,420,552
1319,Needle_Passing_E001_capture1,G8,553,709
1320,Needle_Passing_E001_capture1,G2,710,898
1321,Needle_Passing_E001_capture1,G3,899,943
1322,Needle_Passing_E001_capture1,G6,944,1159
1323,Needle_Passing_E001_capture1,G4,1160,1263
1324,Needle_Passing_E001_capture1,G2,1264,1539
1325,Needle_Passing_E001_capture1,G3,1540,1640
1326,Needle_Passing_E001_capture1,G6,1641,1760
1327,Needle_Passing_E001_capture1,G4,1761,1889
1328,Needle_Passing_E001_capture1,G2,1890,2247
1329,Needle_Passing_E001_capture1,G3,2248,2354
1330,Needle_Passing_E001_capture1,G6,2355,2477
1331,Needle_Passing_E001_capture1,G4,2478,2567
1332,Needle_Passing_E001_capture1,G2,2568,2776
1333,Needle_Passing_E001_capture1,G3,2777,2850
1334,Needle_Passing_E001_capture1,G6,2851,2946
1335,Needle_Passing_E001_capture1,G11,2947,3230
1336,Needle_Passing_E001_capture2,G1,15,169
1337,Needle_Passing_E001_capture2,G5,170,334
1338,Needle_Passing_E001_capture2,G8,335,419
1339,Needle_Passing_E001_capture2,G2,420,552
1340,Needle_Passing_E001_capture2,G8,553,709
1341,Needle_Passing_E001_capture2,G2,710,898
1342,Needle_Passing_E001_capture2,G3,899,943
1343,Needle_Passing_E001_capture2,G6,944,1159
1344,Needle_Passing_E001_capture2,G4,1160,1263
1345,Needle_Passing_E001_capture2,G2,1264,1539
1346,Needle_Passing_E001_capture2,G3,1540,1640
1347,Needle_Passing_E001_capture2,G6,1641,1760
1348,Needle_Passing_E001_capture2,G4,1761,1889
1349,Needle_Passing_E001_capture2,G2,1890,2247
1350,Needle_Passing_E001_capture2,G3,2248,2354
1351,Needle_Passing_E001_capture2,G6,2355,2477
1352,Needle_Passing_E001_capture2,G4,2478,2567
1353,Needle_Passing_E001_capture2,G2,2568,2776
1354,Needle_Passing_E001_capture2,G3,2777,2850
1355,Needle_Passing_E001_capture2,G6,2851,2946
1356,Needle_Passing_E001_capture2,G11,2947,3230
1357,Needle_Passing_E003_capture1,G1,103,147
1358,Needle_Passing_E003_capture1,G5,148,508
1359,Needle_Passing_E003_capture1,G2,509,766
1360,Needle_Passing_E003_capture1,G3,767,833
1361,Needle_Passing_E003_capture1,G6,834,958
1362,Needle_Passing_E003_capture1,G4,959,1028
1363,Needle_Passing_E003_capture1,G2,1029,1239
1364,Needle_Passing_E003_capture1,G3,1240,1333
1365,Needle_Passing_E003_capture1,G6,1334,1457
1366,Needle_Passing_E003_capture1,G4,1458,1608
1367,Needle_Passing_E003_capture1,G2,1609,2028
1368,Needle_Passing_E003_capture1,G3,2029,2282
1369,Needle_Passing_E003_capture1,G6,2283,2381
1370,Needle_Passing_E003_capture1,G4,2382,2606
1371,Needle_Passing_E003_capture1,G2,2607,2948
1372,Needle_Passing_E003_capture1,G3,2949,3063
1373,Needle_Passing_E003_capture1,G6,3064,3136
1374,Needle_Passing_E003_capture1,G11,3137,3414
1375,Needle_Passing_E003_capture2,G1,103,147
1376,Needle_Passing_E003_capture2,G5,148,508
1377,Needle_Passing_E003_capture2,G2,509,766
1378,Needle_Passing_E003_capture2,G3,767,833
1379,Needle_Passing_E003_capture2,G6,834,958
1380,Needle_Passing_E003_capture2,G4,959,1028
1381,Needle_Passing_E003_capture2,G2,1029,1239
1382,Needle_Passing_E003_capture2,G3,1240,1333
1383,Needle_Passing_E003_capture2,G6,1334,1457
1384,Needle_Passing_E003_capture2,G4,1458,1608
1385,Needle_Passing_E003_capture2,G2,1609,2028
1386,Needle_Passing_E003_capture2,G3,2029,2282
1387,Needle_Passing_E003_capture2,G6,2283,2381
1388,Needle_Passing_E003_capture2,G4,2382,2606
1389,Needle_Passing_E003_capture2,G2,2607,2948
1390,Needle_Passing_E003_capture2,G3,2949,3063
1391,Needle_Passing_E003_capture2,G6,3064,3136
1392,Needle_Passing_E003_capture2,G11,3137,3414
1393,Needle_Passing_E004_capture1,G1,73,213
1394,Needle_Passing_E004_capture1,G5,214,395
1395,Needle_Passing_E004_capture1,G8,396,784
1396,Needle_Passing_E004_capture1,G2,785,997
1397,Needle_Passing_E004_capture1,G3,998,1105
1398,Needle_Passing_E004_capture1,G6,1106,1229
1399,Needle_Passing_E004_capture1,G4,1230,1319
1400,Needle_Passing_E004_capture1,G2,1320,1469
1401,Needle_Passing_E004_capture1,G3,1470,1550
1402,Needle_Passing_E004_capture1,G6,1551,1733
1403,Needle_Passing_E004_capture1,G4,1734,1827
1404,Needle_Passing_E004_capture1,G2,1828,2004
1405,Needle_Passing_E004_capture1,G3,2005,2086
1406,Needle_Passing_E004_capture1,G6,2087,2251
1407,Needle_Passing_E004_capture1,G4,2252,2365
1408,Needle_Passing_E004_capture1,G2,2366,2919
1409,Needle_Passing_E004_capture1,G3,2920,3031
1410,Needle_Passing_E004_capture1,G6,3032,3140
1411,Needle_Passing_E004_capture1,G11,3141,3318
1412,Needle_Passing_E004_capture2,G1,73,213
1413,Needle_Passing_E004_capture2,G5,214,395
1414,Needle_Passing_E004_capture2,G8,396,784
1415,Needle_Passing_E004_capture2,G2,785,997
1416,Needle_Passing_E004_capture2,G3,998,1105
1417,Needle_Passing_E004_capture2,G6,1106,1229
1418,Needle_Passing_E004_capture2,G4,1230,1319
1419,Needle_Passing_E004_capture2,G2,1320,1469
1420,Needle_Passing_E004_capture2,G3,1470,1550
1421,Needle_Passing_E004_capture2,G6,1551,1733
1422,Needle_Passing_E004_capture2,G4,1734,1827
1423,Needle_Passing_E004_capture2,G2,1828,2004
1424,Needle_Passing_E004_capture2,G3,2005,2086
1425,Needle_Passing_E004_capture2,G6,2087,2251
1426,Needle_Passing_E004_capture2,G4,2252,2365
1427,Needle_Passing_E004_capture2,G2,2366,2919
1428,Needle_Passing_E004_capture2,G3,2920,3031
1429,Needle_Passing_E004_capture2,G6,3032,3140
1430,Needle_Passing_E004_capture2,G11,3141,3318
1431,Needle_Passing_E005_capture1,G1,94,166
1432,Needle_Passing_E005_capture1,G5,167,368
1433,Needle_Passing_E005_capture1,G8,369,552
1434,Needle_Passing_E005_capture1,G2,553,763
1435,Needle_Passing_E005_capture1,G3,764,844
1436,Needle_Passing_E005_capture1,G6,845,985
1437,Needle_Passing_E005_capture1,G4,986,1124
1438,Needle_Passing_E005_capture1,G2,1125,1397
1439,Needle_Passing_E005_capture1,G3,1398,1469
1440,Needle_Passing_E005_capture1,G6,1470,1616
1441,Needle_Passing_E005_capture1,G4,1617,1738
1442,Needle_Passing_E005_capture1,G2,1739,1911
1443,Needle_Passing_E005_capture1,G3,1912,2426
1444,Needle_Passing_E005_capture1,G6,2427,2503
1445,Needle_Passing_E005_capture1,G4,2504,2643
1446,Needle_Passing_E005_capture1,G2,2644,2978
1447,Needle_Passing_E005_capture1,G3,2979,3051
1448,Needle_Passing_E005_capture1,G6,3052,3129
1449,Needle_Passing_E005_capture1,G11,3130,3326
1450,Needle_Passing_E005_capture2,G1,94,166
1451,Needle_Passing_E005_capture2,G5,167,368
1452,Needle_Passing_E005_capture2,G8,369,552
1453,Needle_Passing_E005_capture2,G2,553,763
1454,Needle_Passing_E005_capture2,G3,764,844
1455,Needle_Passing_E005_capture2,G6,845,985
1456,Needle_Passing_E005_capture2,G4,986,1124
1457,Needle_Passing_E005_capture2,G2,1125,1397
1458,Needle_Passing_E005_capture2,G3,1398,1469
1459,Needle_Passing_E005_capture2,G6,1470,1616
1460,Needle_Passing_E005_capture2,G4,1617,1738
1461,Needle_Passing_E005_capture2,G2,1739,1911
1462,Needle_Passing_E005_capture2,G3,1912,2426
1463,Needle_Passing_E005_capture2,G6,2427,2503
1464,Needle_Passing_E005_capture2,G4,2504,2643
1465,Needle_Passing_E005_capture2,G2,2644,2978
1466,Needle_Passing_E005_capture2,G3,2979,3051
1467,Needle_Passing_E005_capture2,G6,3052,3129
1468,Needle_Passing_E005_capture2,G11,3130,3326
1469,Needle_Passing_F001_capture1,G5,1,67
1470,Needle_Passing_F001_capture1,G8,68,147
1471,Needle_Passing_F001_capture1,G2,148,374
1472,Needle_Passing_F001_capture1,G3,375,479
1473,Needle_Passing_F001_capture1,G4,480,578
1474,Needle_Passing_F001_capture1,G2,579,776
1475,Needle_Passing_F001_capture1,G3,777,884
1476,Needle_Passing_F001_capture1,G6,885,962
1477,Needle_Passing_F001_capture1,G4,963,1031
1478,Needle_Passing_F001_capture1,G2,1032,1198
1479,Needle_Passing_F001_capture1,G3,1199,1331
1480,Needle_Passing_F001_capture1,G6,1332,1384
1481,Needle_Passing_F001_capture1,G4,1385,1461
1482,Needle_Passing_F001_capture1,G2,1462,1569
1483,Needle_Passing_F001_capture1,G3,1570,1657
1484,Needle_Passing_F001_capture1,G6,1658,1722
1485,Needle_Passing_F001_capture1,G11,1723,1871
1486,Needle_Passing_F001_capture2,G5,1,67
1487,Needle_Passing_F001_capture2,G8,68,147
1488,Needle_Passing_F001_capture2,G2,148,374
1489,Needle_Passing_F001_capture2,G3,375,479
1490,Needle_Passing_F001_capture2,G4,480,578
1491,Needle_Passing_F001_capture2,G2,579,776
1492,Needle_Passing_F001_capture2,G3,777,884
1493,Needle_Passing_F001_capture2,G6,885,962
1494,Needle_Passing_F001_capture2,G4,963,1031
1495,Needle_Passing_F001_capture2,G2,1032,1198
1496,Needle_Passing_F001_capture2,G3,1199,1331
1497,Needle_Passing_F001_capture2,G6,1332,1384
1498,Needle_Passing_F001_capture2,G4,1385,1461
1499,Needle_Passing_F001_capture2,G2,1462,1569
1500,Needle_Passing_F001_capture2,G3,1570,1657
1501,Needle_Passing_F001_capture2,G6,1658,1722
1502,Needle_Passing_F001_capture2,G11,1723,1871
1503,Needle_Passing_F003_capture1,G1,1,18
1504,Needle_Passing_F003_capture1,G5,19,204
1505,Needle_Passing_F003_capture1,G8,205,297
1506,Needle_Passing_F003_capture1,G2,298,801
1507,Needle_Passing_F003_capture1,G3,802,921
1508,Needle_Passing_F003_capture1,G6,922,986
1509,Needle_Passing_F003_capture1,G4,987,1066
1510,Needle_Passing_F003_capture1,G2,1067,1201
1511,Needle_Passing_F003_capture1,G3,1202,1271
1512,Needle_Passing_F003_capture1,G6,1272,1348
1513,Needle_Passing_F003_capture1,G4,1349,1432
1514,Needle_Passing_F003_capture1,G2,1433,1666
1515,Needle_Passing_F003_capture1,G3,1667,1730
1516,Needle_Passing_F003_capture1,G6,1731,1768
1517,Needle_Passing_F003_capture1,G4,1769,1831
1518,Needle_Passing_F003_capture1,G2,1832,2099
1519,Needle_Passing_F003_capture1,G3,2100,2169
1520,Needle_Passing_F003_capture1,G6,2170,2214
1521,Needle_Passing_F003_capture1,G11,2215,2267
1522,Needle_Passing_F003_capture2,G1,1,18
1523,Needle_Passing_F003_capture2,G5,19,204
1524,Needle_Passing_F003_capture2,G8,205,297
1525,Needle_Passing_F003_capture2,G2,298,801
1526,Needle_Passing_F003_capture2,G3,802,921
1527,Needle_Passing_F003_capture2,G6,922,986
1528,Needle_Passing_F003_capture2,G4,987,1066
1529,Needle_Passing_F003_capture2,G2,1067,1201
1530,Needle_Passing_F003_capture2,G3,1202,1271
1531,Needle_Passing_F003_capture2,G6,1272,1348
1532,Needle_Passing_F003_capture2,G4,1349,1432
1533,Needle_Passing_F003_capture2,G2,1433,1666
1534,Needle_Passing_F003_capture2,G3,1667,1730
1535,Needle_Passing_F003_capture2,G6,1731,1768
1536,Needle_Passing_F003_capture2,G4,1769,1831
1537,Needle_Passing_F003_capture2,G2,1832,2099
1538,Needle_Passing_F003_capture2,G3,2100,2169
1539,Needle_Passing_F003_capture2,G6,2170,2214
1540,Needle_Passing_F003_capture2,G11,2215,2267
1541,Needle_Passing_F004_capture1,G1,1,99
1542,Needle_Passing_F004_capture1,G5,100,299
1543,Needle_Passing_F004_capture1,G2,300,455
1544,Needle_Passing_F004_capture1,G3,456,525
1545,Needle_Passing_F004_capture1,G6,526,581
1546,Needle_Passing_F004_capture1,G4,582,786
1547,Needle_Passing_F004_capture1,G2,787,951
1548,Needle_Passing_F004_capture1,G3,952,1039
1549,Needle_Passing_F004_capture1,G6,1040,1133
1550,Needle_Passing_F004_capture1,G4,1134,1193
1551,Needle_Passing_F004_capture1,G2,1194,1318
1552,Needle_Passing_F004_capture1,G3,1319,1394
1553,Needle_Passing_F004_capture1,G6,1395,1444
1554,Needle_Passing_F004_capture1,G4,1445,1504
1555,Needle_Passing_F004_capture1,G2,1505,1594
1556,Needle_Passing_F004_capture1,G3,1595,1657
1557,Needle_Passing_F004_capture1,G6,1658,1693
1558,Needle_Passing_F004_capture1,G11,1694,1787
1559,Needle_Passing_F004_capture2,G1,1,99
1560,Needle_Passing_F004_capture2,G5,100,299
1561,Needle_Passing_F004_capture2,G2,300,455
1562,Needle_Passing_F004_capture2,G3,456,525
1563,Needle_Passing_F004_capture2,G6,526,581
1564,Needle_Passing_F004_capture2,G4,582,786
1565,Needle_Passing_F004_capture2,G2,787,951
1566,Needle_Passing_F004_capture2,G3,952,1039
1567,Needle_Passing_F004_capture2,G6,1040,1133
1568,Needle_Passing_F004_capture2,G4,1134,1193
1569,Needle_Passing_F004_capture2,G2,1194,1318
1570,Needle_Passing_F004_capture2,G3,1319,1394
1571,Needle_Passing_F004_capture2,G6,1395,1444
1572,Needle_Passing_F004_capture2,G4,1445,1504
1573,Needle_Passing_F004_capture2,G2,1505,1594
1574,Needle_Passing_F004_capture2,G3,1595,1657
1575,Needle_Passing_F004_capture2,G6,1658,1693
1576,Needle_Passing_F004_capture2,G11,1694,1787
1577,Needle_Passing_H002_capture1,G1,11,142
1578,Needle_Passing_H002_capture1,G5,143,249
1579,Needle_Passing_H002_capture1,G8,250,635
1580,Needle_Passing_H002_capture1,G2,636,849
1581,Needle_Passing_H002_capture1,G3,850,950
1582,Needle_Passing_H002_capture1,G3,951,1307
1583,Needle_Passing_H002_capture1,G6,1308,1451
1584,Needle_Passing_H002_capture1,G4,1452,1548
1585,Needle_Passing_H002_capture1,G2,1549,1958
1586,Needle_Passing_H002_capture1,G3,1959,2058
1587,Needle_Passing_H002_capture1,G6,2059,2414
1588,Needle_Passing_H002_capture1,G2,2415,2694
1589,Needle_Passing_H002_capture1,G3,2695,2771
1590,Needle_Passing_H002_capture1,G6,2772,2896
1591,Needle_Passing_H002_capture1,G4,2897,2945
1592,Needle_Passing_H002_capture1,G2,2946,3253
1593,Needle_Passing_H002_capture1,G3,3254,3367
1594,Needle_Passing_H002_capture1,G6,3368,3546
1595,Needle_Passing_H002_capture1,G11,3547,3687
1596,Needle_Passing_H002_capture2,G1,11,142
1597,Needle_Passing_H002_capture2,G5,143,249
1598,Needle_Passing_H002_capture2,G8,250,635
1599,Needle_Passing_H002_capture2,G2,636,849
1600,Needle_Passing_H002_capture2,G3,850,950
1601,Needle_Passing_H002_capture2,G3,951,1307
1602,Needle_Passing_H002_capture2,G6,1308,1451
1603,Needle_Passing_H002_capture2,G4,1452,1548
1604,Needle_Passing_H002_capture2,G2,1549,1958
1605,Needle_Passing_H002_capture2,G3,1959,2058
1606,Needle_Passing_H002_capture2,G6,2059,2414
1607,Needle_Passing_H002_capture2,G2,2415,2694
1608,Needle_Passing_H002_capture2,G3,2695,2771
1609,Needle_Passing_H002_capture2,G6,2772,2896
1610,Needle_Passing_H002_capture2,G4,2897,2945
1611,Needle_Passing_H002_capture2,G2,2946,3253
1612,Needle_Passing_H002_capture2,G3,3254,3367
1613,Needle_Passing_H002_capture2,G6,3368,3546
1614,Needle_Passing_H002_capture2,G11,3547,3687
1615,Needle_Passing_H004_capture1,G1,1,60
1616,Needle_Passing_H004_capture1,G5,61,140
1617,Needle_Passing_H004_capture1,G2,141,329
1618,Needle_Passing_H004_capture1,G3,330,407
1619,Needle_Passing_H004_capture1,G6,408,531
1620,Needle_Passing_H004_capture1,G5,532,682
1621,Needle_Passing_H004_capture1,G6,683,724
1622,Needle_Passing_H004_capture1,G4,725,820
1623,Needle_Passing_H004_capture1,G2,821,3480
1624,Needle_Passing_H004_capture2,G1,1,60
1625,Needle_Passing_H004_capture2,G5,61,140
1626,Needle_Passing_H004_capture2,G2,141,329
1627,Needle_Passing_H004_capture2,G3,330,407
1628,Needle_Passing_H004_capture2,G6,408,531
1629,Needle_Passing_H004_capture2,G5,532,682
1630,Needle_Passing_H004_capture2,G6,683,724
1631,Needle_Passing_H004_capture2,G4,725,820
1632,Needle_Passing_H004_capture2,G2,821,3480
1633,Needle_Passing_H005_capture1,G1,239,336
1634,Needle_Passing_H005_capture1,G5,337,518
1635,Needle_Passing_H005_capture1,G8,519,613
1636,Needle_Passing_H005_capture1,G2,614,893
1637,Needle_Passing_H005_capture1,G3,894,987
1638,Needle_Passing_H005_capture1,G6,988,1286
1639,Needle_Passing_H005_capture1,G4,1287,1378
1640,Needle_Passing_H005_capture1,G2,1379,1579
1641,Needle_Passing_H005_capture1,G3,1580,1685
1642,Needle_Passing_H005_capture1,G6,1686,1799
1643,Needle_Passing_H005_capture1,G4,1800,1881
1644,Needle_Passing_H005_capture1,G2,1882,2271
1645,Needle_Passing_H005_capture1,G3,2272,2354
1646,Needle_Passing_H005_capture1,G6,2355,2447
1647,Needle_Passing_H005_capture1,G4,2448,2513
1648,Needle_Passing_H005_capture1,G2,2514,2864
1649,Needle_Passing_H005_capture1,G3,2865,2980
1650,Needle_Passing_H005_capture1,G6,2981,3088
1651,Needle_Passing_H005_capture1,G11,3089,3249
1652,Needle_Passing_H005_capture2,G1,239,336
1653,Needle_Passing_H005_capture2,G5,337,518
1654,Needle_Passing_H005_capture2,G8,519,613
1655,Needle_Passing_H005_capture2,G2,614,893
1656,Needle_Passing_H005_capture2,G3,894,987
1657,Needle_Passing_H005_capture2,G6,988,1286
1658,Needle_Passing_H005_capture2,G4,1287,1378
1659,Needle_Passing_H005_capture2,G2,1379,1579
1660,Needle_Passing_H005_capture2,G3,1580,1685
1661,Needle_Passing_H005_capture2,G6,1686,1799
1662,Needle_Passing_H005_capture2,G4,1800,1881
1663,Needle_Passing_H005_capture2,G2,1882,2271
1664,Needle_Passing_H005_capture2,G3,2272,2354
1665,Needle_Passing_H005_capture2,G6,2355,2447
1666,Needle_Passing_H005_capture2,G4,2448,2513
1667,Needle_Passing_H005_capture2,G2,2514,2864
1668,Needle_Passing_H005_capture2,G3,2865,2980
1669,Needle_Passing_H005_capture2,G6,2981,3088
1670,Needle_Passing_H005_capture2,G11,3089,3249
1671,Needle_Passing_I002_capture1,G1,82,190
1672,Needle_Passing_I002_capture1,G5,191,509
1673,Needle_Passing_I002_capture1,G2,510,739
1674,Needle_Passing_I002_capture1,G3,740,844
1675,Needle_Passing_I002_capture1,G6,845,994
1676,Needle_Passing_I002_capture1,G4,995,1081
1677,Needle_Passing_I002_capture1,G2,1082,1400
1678,Needle_Passing_I002_capture1,G3,1401,1523
1679,Needle_Passing_I002_capture1,G6,1524,1864
1680,Needle_Passing_I002_capture1,G4,1865,1962
1681,Needle_Passing_I002_capture1,G2,1963,2331
1682,Needle_Passing_I002_capture1,G3,2332,2414
1683,Needle_Passing_I002_capture1,G6,2415,2640
1684,Needle_Passing_I002_capture1,G4,2641,2739
1685,Needle_Passing_I002_capture1,G2,2740,3124
1686,Needle_Passing_I002_capture1,G3,3125,3190
1687,Needle_Passing_I002_capture1,G6,3191,3327
1688,Needle_Passing_I002_capture1,G11,3328,3443
1689,Needle_Passing_I002_capture2,G1,82,190
1690,Needle_Passing_I002_capture2,G5,191,509
1691,Needle_Passing_I002_capture2,G2,510,739
1692,Needle_Passing_I002_capture2,G3,740,844
1693,Needle_Passing_I002_capture2,G6,845,994
1694,Needle_Passing_I002_capture2,G4,995,1081
1695,Needle_Passing_I002_capture2,G2,1082,1400
1696,Needle_Passing_I002_capture2,G3,1401,1523
1697,Needle_Passing_I002_capture2,G6,1524,1864
1698,Needle_Passing_I002_capture2,G4,1865,1962
1699,Needle_Passing_I002_capture2,G2,1963,2331
1700,Needle_Passing_I002_capture2,G3,2332,2414
1701,Needle_Passing_I002_capture2,G6,2415,2640
1702,Needle_Passing_I002_capture2,G4,2641,2739
1703,Needle_Passing_I002_capture2,G2,2740,3124
1704,Needle_Passing_I002_capture2,G3,3125,3190
1705,Needle_Passing_I002_capture2,G6,3191,3327
1706,Needle_Passing_I002_capture2,G11,3328,3443
1707,Needle_Passing_I003_capture1,G1,120,240
1708,Needle_Passing_I003_capture1,G5,241,415
1709,Needle_Passing_I003_capture1,G8,416,953
1710,Needle_Passing_I003_capture1,G2,954,1599
1711,Needle_Passing_I003_capture1,G3,1600,1796
1712,Needle_Passing_I003_capture1,G6,1797,2192
1713,Needle_Passing_I003_capture1,G4,2193,2314
1714,Needle_Passing_I003_capture1,G2,2315,2671
1715,Needle_Passing_I003_capture1,G3,2672,2777
1716,Needle_Passing_I003_capture1,G6,2778,3204
1717,Needle_Passing_I003_capture1,G4,3205,3390
1718,Needle_Passing_I003_capture1,G2,3391,3855
1719,Needle_Passing_I003_capture1,G3,3856,3912
1720,Needle_Passing_I003_capture1,G6,3913,4069
1721,Needle_Passing_I003_capture1,G4,4070,4194
1722,Needle_Passing_I003_capture1,G2,4195,4449
1723,Needle_Passing_I003_capture1,G3,4450,4500
1724,Needle_Passing_I003_capture1,G6,4501,4660
1725,Needle_Passing_I003_capture1,G11,4661,4761
1726,Needle_Passing_I003_capture2,G1,120,240
1727,Needle_Passing_I003_capture2,G5,241,415
1728,Needle_Passing_I003_capture2,G8,416,953
1729,Needle_Passing_I003_capture2,G2,954,1599
1730,Needle_Passing_I003_capture2,G3,1600,1796
1731,Needle_Passing_I003_capture2,G6,1797,2192
1732,Needle_Passing_I003_capture2,G4,2193,2314
1733,Needle_Passing_I003_capture2,G2,2315,2671
1734,Needle_Passing_I003_capture2,G3,2672,2777
1735,Needle_Passing_I003_capture2,G6,2778,3204
1736,Needle_Passing_I003_capture2,G4,3205,3390
1737,Needle_Passing_I003_capture2,G2,3391,3855
1738,Needle_Passing_I003_capture2,G3,3856,3912
1739,Needle_Passing_I003_capture2,G6,3913,4069
1740,Needle_Passing_I003_capture2,G4,4070,4194
1741,Needle_Passing_I003_capture2,G2,4195,4449
1742,Needle_Passing_I003_capture2,G3,4450,4500
1743,Needle_Passing_I003_capture2,G6,4501,4660
1744,Needle_Passing_I003_capture2,G11,4661,4761
1745,Needle_Passing_I004_capture1,G1,12,238
1746,Needle_Passing_I004_capture1,G5,239,437
1747,Needle_Passing_I004_capture1,G8,438,673
1748,Needle_Passing_I004_capture1,G2,674,925
1749,Needle_Passing_I004_capture1,G3,926,1061
1750,Needle_Passing_I004_capture1,G6,1062,1335
1751,Needle_Passing_I004_capture1,G4,1336,1576
1752,Needle_Passing_I004_capture1,G2,1577,1838
1753,Needle_Passing_I004_capture1,G3,1839,2025
1754,Needle_Passing_I004_capture1,G6,2026,2306
1755,Needle_Passing_I004_capture1,G4,2307,2424
1756,Needle_Passing_I004_capture1,G2,2425,2712
1757,Needle_Passing_I004_capture1,G3,2713,2870
1758,Needle_Passing_I004_capture1,G6,2871,3173
1759,Needle_Passing_I004_capture1,G4,3174,3244
1760,Needle_Passing_I004_capture1,G2,3245,3662
1761,Needle_Passing_I004_capture1,G3,3663,3734
1762,Needle_Passing_I004_capture1,G6,3735,3874
1763,Needle_Passing_I004_capture1,G11,3875,3978
1764,Needle_Passing_I004_capture2,G1,12,238
1765,Needle_Passing_I004_capture2,G5,239,437
1766,Needle_Passing_I004_capture2,G8,438,673
1767,Needle_Passing_I004_capture2,G2,674,925
1768,Needle_Passing_I004_capture2,G3,926,1061
1769,Needle_Passing_I004_capture2,G6,1062,1335
1770,Needle_Passing_I004_capture2,G4,1336,1576
1771,Needle_Passing_I004_capture2,G2,1577,1838
1772,Needle_Passing_I004_capture2,G3,1839,2025
1773,Needle_Passing_I004_capture2,G6,2026,2306
1774,Needle_Passing_I004_capture2,G4,2307,2424
1775,Needle_Passing_I004_capture2,G2,2425,2712
1776,Needle_Passing_I004_capture2,G3,2713,2870
1777,Needle_Passing_I004_capture2,G6,2871,3173
1778,Needle_Passing_I004_capture2,G4,3174,3244
1779,Needle_Passing_I004_capture2,G2,3245,3662
1780,Needle_Passing_I004_capture2,G3,3663,3734
1781,Needle_Passing_I004_capture2,G6,3735,3874
1782,Needle_Passing_I004_capture2,G11,3875,3978
1783,Needle_Passing_I005_capture1,G1,1,51
1784,Needle_Passing_I005_capture1,G5,52,251
1785,Needle_Passing_I005_capture1,G8,252,448
1786,Needle_Passing_I005_capture1,G2,449,658
1787,Needle_Passing_I005_capture1,G3,659,755
1788,Needle_Passing_I005_capture1,G6,756,988
1789,Needle_Passing_I005_capture1,G4,989,1111
1790,Needle_Passing_I005_capture1,G2,1112,1517
1791,Needle_Passing_I005_capture1,G3,1518,1579
1792,Needle_Passing_I005_capture1,G6,1580,1719
1793,Needle_Passing_I005_capture1,G4,1720,1765
1794,Needle_Passing_I005_capture1,G2,1766,2136
1795,Needle_Passing_I005_capture1,G3,2137,2215
1796,Needle_Passing_I005_capture1,G6,2216,2486
1797,Needle_Passing_I005_capture1,G4,2487,2650
1798,Needle_Passing_I005_capture1,G2,2651,2944
1799,Needle_Passing_I005_capture1,G3,2945,3017
1800,Needle_Passing_I005_capture1,G6,3018,3278
1801,Needle_Passing_I005_capture1,G11,3279,3413
1802,Needle_Passing_I005_capture2,G1,1,51
1803,Needle_Passing_I005_capture2,G5,52,251
1804,Needle_Passing_I005_capture2,G8,252,448
1805,Needle_Passing_I005_capture2,G2,449,658
1806,Needle_Passing_I005_capture2,G3,659,755
1807,Needle_Passing_I005_capture2,G6,756,988
1808,Needle_Passing_I005_capture2,G4,989,1111
1809,Needle_Passing_I005_capture2,G2,1112,1517
1810,Needle_Passing_I005_capture2,G3,1518,1579
1811,Needle_Passing_I005_capture2,G6,1580,1719
1812,Needle_Passing_I005_capture2,G4,1720,1765
1813,Needle_Passing_I005_capture2,G2,1766,2136
1814,Needle_Passing_I005_capture2,G3,2137,2215
1815,Needle_Passing_I005_capture2,G6,2216,2486
1816,Needle_Passing_I005_capture2,G4,2487,2650
1817,Needle_Passing_I005_capture2,G2,2651,2944
1818,Needle_Passing_I005_capture2,G3,2945,3017
1819,Needle_Passing_I005_capture2,G6,3018,3278
1820,Needle_Passing_I005_capture2,G11,3279,3413
1821,Suturing_B001_capture1,G1,80,219
1822,Suturing_B001_capture1,G5,220,370
1823,Suturing_B001_capture1,G8,371,590
1824,Suturing_B001_capture1,G2,591,660
1825,Suturing_B001_capture1,G3,661,954
1826,Suturing_B001_capture1,G8,955,1097
1827,Suturing_B001_capture1,G2,1098,1124
1828,Suturing_B001_capture1,G3,1125,1401
1829,Suturing_B001_capture1,G2,1402,1439
1830,Suturing_B001_capture1,G8,1440,1698
1831,Suturing_B001_capture1,G2,1699,1783
1832,Suturing_B001_capture1,G3,1784,2285
1833,Suturing_B001_capture1,G6,2286,2495
1834,Suturing_B001_capture1,G4,2496,2679
1835,Suturing_B001_capture1,G2,2680,2750
1836,Suturing_B001_capture1,G3,2751,2976
1837,Suturing_B001_capture1,G6,2977,3155
1838,Suturing_B001_capture1,G4,3156,3308
1839,Suturing_B001_capture1,G2,3309,3659
1840,Suturing_B001_capture1,G3,3660,4011
1841,Suturing_B001_capture1,G8,4012,4321
1842,Suturing_B001_capture1,G2,4322,4374
1843,Suturing_B001_capture1,G3,4375,4704
1844,Suturing_B001_capture1,G6,4705,4846
1845,Suturing_B001_capture1,G4,4847,4983
1846,Suturing_B001_capture1,G2,4984,5059
1847,Suturing_B001_capture1,G3,5060,5354
1848,Suturing_B001_capture1,G6,5355,5447
1849,Suturing_B001_capture1,G11,5448,5635
1850,Suturing_B001_capture2,G1,80,219
1851,Suturing_B001_capture2,G5,220,370
1852,Suturing_B001_capture2,G8,371,590
1853,Suturing_B001_capture2,G2,591,660
1854,Suturing_B001_capture2,G3,661,954
1855,Suturing_B001_capture2,G8,955,1097
1856,Suturing_B001_capture2,G2,1098,1124
1857,Suturing_B001_capture2,G3,1125,1401
1858,Suturing_B001_capture2,G2,1402,1439
1859,Suturing_B001_capture2,G8,1440,1698
1860,Suturing_B001_capture2,G2,1699,1783
1861,Suturing_B001_capture2,G3,1784,2285
1862,Suturing_B001_capture2,G6,2286,2495
1863,Suturing_B001_capture2,G4,2496,2679
1864,Suturing_B001_capture2,G2,2680,2750
1865,Suturing_B001_capture2,G3,2751,2976
1866,Suturing_B001_capture2,G6,2977,3155
1867,Suturing_B001_capture2,G4,3156,3308
1868,Suturing_B001_capture2,G2,3309,3659
1869,Suturing_B001_capture2,G3,3660,4011
1870,Suturing_B001_capture2,G8,4012,4321
1871,Suturing_B001_capture2,G2,4322,4374
1872,Suturing_B001_capture2,G3,4375,4704
1873,Suturing_B001_capture2,G6,4705,4846
1874,Suturing_B001_capture2,G4,4847,4983
1875,Suturing_B001_capture2,G2,4984,5059
1876,Suturing_B001_capture2,G3,5060,5354
1877,Suturing_B001_capture2,G6,5355,5447
1878,Suturing_B001_capture2,G11,5448,5635
1879,Suturing_B002_capture1,G1,5,78
1880,Suturing_B002_capture1,G5,79,203
1881,Suturing_B002_capture1,G8,204,550
1882,Suturing_B002_capture1,G2,551,613
1883,Suturing_B002_capture1,G3,614,862
1884,Suturing_B002_capture1,G6,863,1115
1885,Suturing_B002_capture1,G4,1116,1272
1886,Suturing_B002_capture1,G2,1273,1402
1887,Suturing_B002_capture1,G3,1403,1729
1888,Suturing_B002_capture1,G6,1730,1890
1889,Suturing_B002_capture1,G4,1891,2011
1890,Suturing_B002_capture1,G2,2012,2094
1891,Suturing_B002_capture1,G3,2095,2481
1892,Suturing_B002_capture1,G6,2482,2772
1893,Suturing_B002_capture1,G4,2773,2877
1894,Suturing_B002_capture1,G2,2878,2936
1895,Suturing_B002_capture1,G3,2937,3127
1896,Suturing_B002_capture1,G6,3128,3289
1897,Suturing_B002_capture1,G11,3290,3424
1898,Suturing_B002_capture2,G1,5,78
1899,Suturing_B002_capture2,G5,79,203
1900,Suturing_B002_capture2,G8,204,550
1901,Suturing_B002_capture2,G2,551,613
1902,Suturing_B002_capture2,G3,614,862
1903,Suturing_B002_capture2,G6,863,1115
1904,Suturing_B002_capture2,G4,1116,1272
1905,Suturing_B002_capture2,G2,1273,1402
1906,Suturing_B002_capture2,G3,1403,1729
1907,Suturing_B002_capture2,G6,1730,1890
1908,Suturing_B002_capture2,G4,1891,2011
1909,Suturing_B002_capture2,G2,2012,2094
1910,Suturing_B002_capture2,G3,2095,2481
1911,Suturing_B002_capture2,G6,2482,2772
1912,Suturing_B002_capture2,G4,2773,2877
1913,Suturing_B002_capture2,G2,2878,2936
1914,Suturing_B002_capture2,G3,2937,3127
1915,Suturing_B002_capture2,G6,3128,3289
1916,Suturing_B002_capture2,G11,3290,3424
1917,Suturing_B003_capture1,G1,8,103
1918,Suturing_B003_capture1,G5,104,180
1919,Suturing_B003_capture1,G2,181,221
1920,Suturing_B003_capture1,G3,222,522
1921,Suturing_B003_capture1,G6,523,701
1922,Suturing_B003_capture1,G4,702,919
1923,Suturing_B003_capture1,G2,920,982
1924,Suturing_B003_capture1,G3,983,1205
1925,Suturing_B003_capture1,G6,1206,1394
1926,Suturing_B003_capture1,G4,1395,1526
1927,Suturing_B003_capture1,G2,1527,1595
1928,Suturing_B003_capture1,G3,1596,1929
1929,Suturing_B003_capture1,G6,1930,2195
1930,Suturing_B003_capture1,G4,2196,2370
1931,Suturing_B003_capture1,G2,2371,2436
1932,Suturing_B003_capture1,G3,2437,2683
1933,Suturing_B003_capture1,G6,2684,3116
1934,Suturing_B003_capture1,G11,3117,3274
1935,Suturing_B003_capture2,G1,8,103
1936,Suturing_B003_capture2,G5,104,180
1937,Suturing_B003_capture2,G2,181,221
1938,Suturing_B003_capture2,G3,222,522
1939,Suturing_B003_capture2,G6,523,701
1940,Suturing_B003_capture2,G4,702,919
1941,Suturing_B003_capture2,G2,920,982
1942,Suturing_B003_capture2,G3,983,1205
1943,Suturing_B003_capture2,G6,1206,1394
1944,Suturing_B003_capture2,G4,1395,1526
1945,Suturing_B003_capture2,G2,1527,1595
1946,Suturing_B003_capture2,G3,1596,1929
1947,Suturing_B003_capture2,G6,1930,2195
1948,Suturing_B003_capture2,G4,2196,2370
1949,Suturing_B003_capture2,G2,2371,2436
1950,Suturing_B003_capture2,G3,2437,2683
1951,Suturing_B003_capture2,G6,2684,3116
1952,Suturing_B003_capture2,G11,3117,3274
1953,Suturing_B004_capture1,G1,1,46
1954,Suturing_B004_capture1,G5,47,103
1955,Suturing_B004_capture1,G2,104,128
1956,Suturing_B004_capture1,G3,129,696
1957,Suturing_B004_capture1,G6,697,876
1958,Suturing_B004_capture1,G4,877,1015
1959,Suturing_B004_capture1,G2,1016,1417
1960,Suturing_B004_capture1,G6,1418,1603
1961,Suturing_B004_capture1,G4,1604,1722
1962,Suturing_B004_capture1,G2,1723,1799
1963,Suturing_B004_capture1,G3,1800,2186
1964,Suturing_B004_capture1,G6,2187,2326
1965,Suturing_B004_capture1,G4,2327,2429
1966,Suturing_B004_capture1,G8,2430,2564
1967,Suturing_B004_capture1,G2,2565,2860
1968,Suturing_B004_capture1,G6,2861,3069
1969,Suturing_B004_capture1,G11,3070,3257
1970,Suturing_B004_capture2,G1,1,46
1971,Suturing_B004_capture2,G5,47,103
1972,Suturing_B004_capture2,G2,104,128
1973,Suturing_B004_capture2,G3,129,696
1974,Suturing_B004_capture2,G6,697,876
1975,Suturing_B004_capture2,G4,877,1015
1976,Suturing_B004_capture2,G2,1016,1417
1977,Suturing_B004_capture2,G6,1418,1603
1978,Suturing_B004_capture2,G4,1604,1722
1979,Suturing_B004_capture2,G2,1723,1799
1980,Suturing_B004_capture2,G3,1800,2186
1981,Suturing_B004_capture2,G6,2187,2326
1982,Suturing_B004_capture2,G4,2327,2429
1983,Suturing_B004_capture2,G8,2430,2564
1984,Suturing_B004_capture2,G2,2565,2860
1985,Suturing_B004_capture2,G6,2861,3069
1986,Suturing_B004_capture2,G11,3070,3257
1987,Suturing_B005_capture1,G1,1,11
1988,Suturing_B005_capture1,G5,12,101
1989,Suturing_B005_capture1,G8,102,446
1990,Suturing_B005_capture1,G2,447,516
1991,Suturing_B005_capture1,G3,517,967
1992,Suturing_B005_capture1,G6,968,1115
1993,Suturing_B005_capture1,G4,1116,1186
1994,Suturing_B005_capture1,G2,1187,1261
1995,Suturing_B005_capture1,G3,1262,1489
1996,Suturing_B005_capture1,G6,1490,1667
1997,Suturing_B005_capture1,G4,1668,1779
1998,Suturing_B005_capture1,G2,1780,1845
1999,Suturing_B005_capture1,G3,1846,2089
2000,Suturing_B005_capture1,G6,2090,2234
2001,Suturing_B005_capture1,G4,2235,2329
2002,Suturing_B005_capture1,G2,2330,2372
2003,Suturing_B005_capture1,G3,2373,2588
2004,Suturing_B005_capture1,G6,2589,2693
2005,Suturing_B005_capture1,G11,2694,2848
2006,Suturing_B005_capture2,G1,1,11
2007,Suturing_B005_capture2,G5,12,101
2008,Suturing_B005_capture2,G8,102,446
2009,Suturing_B005_capture2,G2,447,516
2010,Suturing_B005_capture2,G3,517,967
2011,Suturing_B005_capture2,G6,968,1115
2012,Suturing_B005_capture2,G4,1116,1186
2013,Suturing_B005_capture2,G2,1187,1261
2014,Suturing_B005_capture2,G3,1262,1489
2015,Suturing_B005_capture2,G6,1490,1667
2016,Suturing_B005_capture2,G4,1668,1779
2017,Suturing_B005_capture2,G2,1780,1845
2018,Suturing_B005_capture2,G3,1846,2089
2019,Suturing_B005_capture2,G6,2090,2234
2020,Suturing_B005_capture2,G4,2235,2329
2021,Suturing_B005_capture2,G2,2330,2372
2022,Suturing_B005_capture2,G3,2373,2588
2023,Suturing_B005_capture2,G6,2589,2693
2024,Suturing_B005_capture2,G11,2694,2848
2025,Suturing_C001_capture1,G1,26,67
2026,Suturing_C001_capture1,G5,68,191
2027,Suturing_C001_capture1,G8,192,305
2028,Suturing_C001_capture1,G2,306,413
2029,Suturing_C001_capture1,G3,414,781
2030,Suturing_C001_capture1,G6,782,854
2031,Suturing_C001_capture1,G4,855,1039
2032,Suturing_C001_capture1,G8,1040,1191
2033,Suturing_C001_capture1,G2,1192,1354
2034,Suturing_C001_capture1,G3,1355,1581
2035,Suturing_C001_capture1,G6,1582,1793
2036,Suturing_C001_capture1,G4,1794,1915
2037,Suturing_C001_capture1,G2,1916,2016
2038,Suturing_C001_capture1,G3,2017,2253
2039,Suturing_C001_capture1,G6,2254,2410
2040,Suturing_C001_capture1,G4,2411,2529
2041,Suturing_C001_capture1,G2,2530,2623
2042,Suturing_C001_capture1,G3,2624,2782
2043,Suturing_C001_capture1,G6,2783,2987
2044,Suturing_C001_capture1,G11,2988,3180
2045,Suturing_C001_capture2,G1,26,67
2046,Suturing_C001_capture2,G5,68,191
2047,Suturing_C001_capture2,G8,192,305
2048,Suturing_C001_capture2,G2,306,413
2049,Suturing_C001_capture2,G3,414,781
2050,Suturing_C001_capture2,G6,782,854
2051,Suturing_C001_capture2,G4,855,1039
2052,Suturing_C001_capture2,G8,1040,1191
2053,Suturing_C001_capture2,G2,1192,1354
2054,Suturing_C001_capture2,G3,1355,1581
2055,Suturing_C001_capture2,G6,1582,1793
2056,Suturing_C001_capture2,G4,1794,1915
2057,Suturing_C001_capture2,G2,1916,2016
2058,Suturing_C001_capture2,G3,2017,2253
2059,Suturing_C001_capture2,G6,2254,2410
2060,Suturing_C001_capture2,G4,2411,2529
2061,Suturing_C001_capture2,G2,2530,2623
2062,Suturing_C001_capture2,G3,2624,2782
2063,Suturing_C001_capture2,G6,2783,2987
2064,Suturing_C001_capture2,G11,2988,3180
2065,Suturing_C002_capture1,G5,1,101
2066,Suturing_C002_capture1,G8,102,328
2067,Suturing_C002_capture1,G2,329,461
2068,Suturing_C002_capture1,G3,462,785
2069,Suturing_C002_capture1,G6,786,901
2070,Suturing_C002_capture1,G4,902,1029
2071,Suturing_C002_capture1,G8,1030,1207
2072,Suturing_C002_capture1,G2,1208,1321
2073,Suturing_C002_capture1,G3,1322,1505
2074,Suturing_C002_capture1,G6,1506,1685
2075,Suturing_C002_capture1,G2,1686,1859
2076,Suturing_C002_capture1,G3,1860,2086
2077,Suturing_C002_capture1,G6,2087,2163
2078,Suturing_C002_capture1,G4,2164,2334
2079,Suturing_C002_capture1,G2,2335,2412
2080,Suturing_C002_capture1,G3,2413,2833
2081,Suturing_C002_capture1,G6,2834,3005
2082,Suturing_C002_capture1,G11,3006,3267
2083,Suturing_C002_capture2,G5,1,101
2084,Suturing_C002_capture2,G8,102,328
2085,Suturing_C002_capture2,G2,329,461
2086,Suturing_C002_capture2,G3,462,785
2087,Suturing_C002_capture2,G6,786,901
2088,Suturing_C002_capture2,G4,902,1029
2089,Suturing_C002_capture2,G8,1030,1207
2090,Suturing_C002_capture2,G2,1208,1321
2091,Suturing_C002_capture2,G3,1322,1505
2092,Suturing_C002_capture2,G6,1506,1685
2093,Suturing_C002_capture2,G2,1686,1859
2094,Suturing_C002_capture2,G3,1860,2086
2095,Suturing_C002_capture2,G6,2087,2163
2096,Suturing_C002_capture2,G4,2164,2334
2097,Suturing_C002_capture2,G2,2335,2412
2098,Suturing_C002_capture2,G3,2413,2833
2099,Suturing_C002_capture2,G6,2834,3005
2100,Suturing_C002_capture2,G11,3006,3267
2101,Suturing_C003_capture1,G1,13,49
2102,Suturing_C003_capture1,G5,50,150
2103,Suturing_C003_capture1,G8,151,365
2104,Suturing_C003_capture1,G2,366,474
2105,Suturing_C003_capture1,G3,475,713
2106,Suturing_C003_capture1,G6,714,829
2107,Suturing_C003_capture1,G4,830,956
2108,Suturing_C003_capture1,G2,957,1160
2109,Suturing_C003_capture1,G3,1161,1324
2110,Suturing_C003_capture1,G6,1325,1488
2111,Suturing_C003_capture1,G4,1489,1607
2112,Suturing_C003_capture1,G2,1608,1707
2113,Suturing_C003_capture1,G3,1708,1928
2114,Suturing_C003_capture1,G6,1929,2057
2115,Suturing_C003_capture1,G4,2058,2212
2116,Suturing_C003_capture1,G2,2213,2259
2117,Suturing_C003_capture1,G3,2260,2504
2118,Suturing_C003_capture1,G6,2505,2818
2119,Suturing_C003_capture1,G11,2819,3060
2120,Suturing_C003_capture2,G1,13,49
2121,Suturing_C003_capture2,G5,50,150
2122,Suturing_C003_capture2,G8,151,365
2123,Suturing_C003_capture2,G2,366,474
2124,Suturing_C003_capture2,G3,475,713
2125,Suturing_C003_capture2,G6,714,829
2126,Suturing_C003_capture2,G4,830,956
2127,Suturing_C003_capture2,G2,957,1160
2128,Suturing_C003_capture2,G3,1161,1324
2129,Suturing_C003_capture2,G6,1325,1488
2130,Suturing_C003_capture2,G4,1489,1607
2131,Suturing_C003_capture2,G2,1608,1707
2132,Suturing_C003_capture2,G3,1708,1928
2133,Suturing_C003_capture2,G6,1929,2057
2134,Suturing_C003_capture2,G4,2058,2212
2135,Suturing_C003_capture2,G2,2213,2259
2136,Suturing_C003_capture2,G3,2260,2504
2137,Suturing_C003_capture2,G6,2505,2818
2138,Suturing_C003_capture2,G11,2819,3060
2139,Suturing_C004_capture1,G1,2,30
2140,Suturing_C004_capture1,G5,31,141
2141,Suturing_C004_capture1,G8,142,257
2142,Suturing_C004_capture1,G2,258,313
2143,Suturing_C004_capture1,G3,314,458
2144,Suturing_C004_capture1,G6,459,583
2145,Suturing_C004_capture1,G4,584,710
2146,Suturing_C004_capture1,G2,711,843
2147,Suturing_C004_capture1,G3,844,1073
2148,Suturing_C004_capture1,G6,1074,1199
2149,Suturing_C004_capture1,G4,1200,1322
2150,Suturing_C004_capture1,G2,1323,1411
2151,Suturing_C004_capture1,G3,1412,1602
2152,Suturing_C004_capture1,G6,1603,1702
2153,Suturing_C004_capture1,G4,1703,1775
2154,Suturing_C004_capture1,G2,1776,1876
2155,Suturing_C004_capture1,G3,1877,2050
2156,Suturing_C004_capture1,G6,2051,2250
2157,Suturing_C004_capture1,G11,2251,2450
2158,Suturing_C004_capture2,G1,2,30
2159,Suturing_C004_capture2,G5,31,141
2160,Suturing_C004_capture2,G8,142,257
2161,Suturing_C004_capture2,G2,258,313
2162,Suturing_C004_capture2,G3,314,458
2163,Suturing_C004_capture2,G6,459,583
2164,Suturing_C004_capture2,G4,584,710
2165,Suturing_C004_capture2,G2,711,843
2166,Suturing_C004_capture2,G3,844,1073
2167,Suturing_C004_capture2,G6,1074,1199
2168,Suturing_C004_capture2,G4,1200,1322
2169,Suturing_C004_capture2,G2,1323,1411
2170,Suturing_C004_capture2,G3,1412,1602
2171,Suturing_C004_capture2,G6,1603,1702
2172,Suturing_C004_capture2,G4,1703,1775
2173,Suturing_C004_capture2,G2,1776,1876
2174,Suturing_C004_capture2,G3,1877,2050
2175,Suturing_C004_capture2,G6,2051,2250
2176,Suturing_C004_capture2,G11,2251,2450
2177,Suturing_C005_capture1,G1,24,56
2178,Suturing_C005_capture1,G5,57,139
2179,Suturing_C005_capture1,G8,140,214
2180,Suturing_C005_capture1,G2,215,299
2181,Suturing_C005_capture1,G3,300,391
2182,Suturing_C005_capture1,G6,392,492
2183,Suturing_C005_capture1,G4,493,570
2184,Suturing_C005_capture1,G2,571,676
2185,Suturing_C005_capture1,G3,677,858
2186,Suturing_C005_capture1,G6,859,1056
2187,Suturing_C005_capture1,G4,1057,1160
2188,Suturing_C005_capture1,G8,1161,1282
2189,Suturing_C005_capture1,G2,1283,1360
2190,Suturing_C005_capture1,G3,1361,1491
2191,Suturing_C005_capture1,G6,1492,1588
2192,Suturing_C005_capture1,G4,1589,1681
2193,Suturing_C005_capture1,G2,1682,1750
2194,Suturing_C005_capture1,G3,1751,2188
2195,Suturing_C005_capture1,G6,2189,2271
2196,Suturing_C005_capture1,G11,2272,2550
2197,Suturing_C005_capture2,G1,24,56
2198,Suturing_C005_capture2,G5,57,139
2199,Suturing_C005_capture2,G8,140,214
2200,Suturing_C005_capture2,G2,215,299
2201,Suturing_C005_capture2,G3,300,391
2202,Suturing_C005_capture2,G6,392,492
2203,Suturing_C005_capture2,G4,493,570
2204,Suturing_C005_capture2,G2,571,676
2205,Suturing_C005_capture2,G3,677,858
2206,Suturing_C005_capture2,G6,859,1056
2207,Suturing_C005_capture2,G4,1057,1160
2208,Suturing_C005_capture2,G8,1161,1282
2209,Suturing_C005_capture2,G2,1283,1360
2210,Suturing_C005_capture2,G3,1361,1491
2211,Suturing_C005_capture2,G6,1492,1588
2212,Suturing_C005_capture2,G4,1589,1681
2213,Suturing_C005_capture2,G2,1682,1750
2214,Suturing_C005_capture2,G3,1751,2188
2215,Suturing_C005_capture2,G6,2189,2271
2216,Suturing_C005_capture2,G11,2272,2550
2217,Suturing_D001_capture1,G1,118,145
2218,Suturing_D001_capture1,G5,146,196
2219,Suturing_D001_capture1,G8,197,350
2220,Suturing_D001_capture1,G2,351,425
2221,Suturing_D001_capture1,G3,426,541
2222,Suturing_D001_capture1,G6,542,635
2223,Suturing_D001_capture1,G9,636,853
2224,Suturing_D001_capture1,G4,854,1052
2225,Suturing_D001_capture1,G2,1053,1149
2226,Suturing_D001_capture1,G3,1150,1561
2227,Suturing_D001_capture1,G6,1562,1616
2228,Suturing_D001_capture1,G9,1617,1700
2229,Suturing_D001_capture1,G4,1701,1772
2230,Suturing_D001_capture1,G2,1773,1882
2231,Suturing_D001_capture1,G3,1883,2066
2232,Suturing_D001_capture1,G6,2067,2114
2233,Suturing_D001_capture1,G9,2115,2164
2234,Suturing_D001_capture1,G4,2165,2243
2235,Suturing_D001_capture1,G2,2244,2313
2236,Suturing_D001_capture1,G3,2314,2583
2237,Suturing_D001_capture1,G6,2584,2691
2238,Suturing_D001_capture1,G11,2692,2770
2239,Suturing_D001_capture2,G1,118,145
2240,Suturing_D001_capture2,G5,146,196
2241,Suturing_D001_capture2,G8,197,350
2242,Suturing_D001_capture2,G2,351,425
2243,Suturing_D001_capture2,G3,426,541
2244,Suturing_D001_capture2,G6,542,635
2245,Suturing_D001_capture2,G9,636,853
2246,Suturing_D001_capture2,G4,854,1052
2247,Suturing_D001_capture2,G2,1053,1149
2248,Suturing_D001_capture2,G3,1150,1561
2249,Suturing_D001_capture2,G6,1562,1616
2250,Suturing_D001_capture2,G9,1617,1700
2251,Suturing_D001_capture2,G4,1701,1772
2252,Suturing_D001_capture2,G2,1773,1882
2253,Suturing_D001_capture2,G3,1883,2066
2254,Suturing_D001_capture2,G6,2067,2114
2255,Suturing_D001_capture2,G9,2115,2164
2256,Suturing_D001_capture2,G4,2165,2243
2257,Suturing_D001_capture2,G2,2244,2313
2258,Suturing_D001_capture2,G3,2314,2583
2259,Suturing_D001_capture2,G6,2584,2691
2260,Suturing_D001_capture2,G11,2692,2770
2261,Suturing_D002_capture1,G1,31,77
2262,Suturing_D002_capture1,G5,78,129
2263,Suturing_D002_capture1,G2,130,182
2264,Suturing_D002_capture1,G3,183,342
2265,Suturing_D002_capture1,G6,343,427
2266,Suturing_D002_capture1,G9,428,522
2267,Suturing_D002_capture1,G4,523,630
2268,Suturing_D002_capture1,G2,631,721
2269,Suturing_D002_capture1,G3,722,897
2270,Suturing_D002_capture1,G6,898,940
2271,Suturing_D002_capture1,G9,941,1001
2272,Suturing_D002_capture1,G4,1002,1085
2273,Suturing_D002_capture1,G2,1086,1172
2274,Suturing_D002_capture1,G3,1173,1317
2275,Suturing_D002_capture1,G6,1318,1382
2276,Suturing_D002_capture1,G9,1383,1489
2277,Suturing_D002_capture1,G4,1490,1563
2278,Suturing_D002_capture1,G2,1564,1613
2279,Suturing_D002_capture1,G3,1614,1842
2280,Suturing_D002_capture1,G6,1843,1893
2281,Suturing_D002_capture1,G9,1894,1912
2282,Suturing_D002_capture1,G11,1913,2032
2283,Suturing_D002_capture2,G1,31,77
2284,Suturing_D002_capture2,G5,78,129
2285,Suturing_D002_capture2,G2,130,182
2286,Suturing_D002_capture2,G3,183,342
2287,Suturing_D002_capture2,G6,343,427
2288,Suturing_D002_capture2,G9,428,522
2289,Suturing_D002_capture2,G4,523,630
2290,Suturing_D002_capture2,G2,631,721
2291,Suturing_D002_capture2,G3,722,897
2292,Suturing_D002_capture2,G6,898,940
2293,Suturing_D002_capture2,G9,941,1001
2294,Suturing_D002_capture2,G4,1002,1085
2295,Suturing_D002_capture2,G2,1086,1172
2296,Suturing_D002_capture2,G3,1173,1317
2297,Suturing_D002_capture2,G6,1318,1382
2298,Suturing_D002_capture2,G9,1383,1489
2299,Suturing_D002_capture2,G4,1490,1563
2300,Suturing_D002_capture2,G2,1564,1613
2301,Suturing_D002_capture2,G3,1614,1842
2302,Suturing_D002_capture2,G6,1843,1893
2303,Suturing_D002_capture2,G9,1894,1912
2304,Suturing_D002_capture2,G11,1913,2032
2305,Suturing_D003_capture1,G1,14,91
2306,Suturing_D003_capture1,G5,92,151
2307,Suturing_D003_capture1,G8,152,217
2308,Suturing_D003_capture1,G2,218,254
2309,Suturing_D003_capture1,G3,255,417
2310,Suturing_D003_capture1,G6,418,484
2311,Suturing_D003_capture1,G9,485,589
2312,Suturing_D003_capture1,G4,590,742
2313,Suturing_D003_capture1,G2,743,797
2314,Suturing_D003_capture1,G3,798,966
2315,Suturing_D003_capture1,G6,967,1012
2316,Suturing_D003_capture1,G9,1013,1240
2317,Suturing_D003_capture1,G2,1241,1265
2318,Suturing_D003_capture1,G4,1266,1339
2319,Suturing_D003_capture1,G2,1340,1420
2320,Suturing_D003_capture1,G3,1421,1586
2321,Suturing_D003_capture1,G6,1587,1635
2322,Suturing_D003_capture1,G9,1636,1689
2323,Suturing_D003_capture1,G4,1690,1759
2324,Suturing_D003_capture1,G2,1760,1805
2325,Suturing_D003_capture1,G3,1806,2135
2326,Suturing_D003_capture1,G6,2136,2184
2327,Suturing_D003_capture1,G9,2185,2226
2328,Suturing_D003_capture1,G11,2227,2317
2329,Suturing_D003_capture2,G1,14,91
2330,Suturing_D003_capture2,G5,92,151
2331,Suturing_D003_capture2,G8,152,217
2332,Suturing_D003_capture2,G2,218,254
2333,Suturing_D003_capture2,G3,255,417
2334,Suturing_D003_capture2,G6,418,484
2335,Suturing_D003_capture2,G9,485,589
2336,Suturing_D003_capture2,G4,590,742
2337,Suturing_D003_capture2,G2,743,797
2338,Suturing_D003_capture2,G3,798,966
2339,Suturing_D003_capture2,G6,967,1012
2340,Suturing_D003_capture2,G9,1013,1240
2341,Suturing_D003_capture2,G2,1241,1265
2342,Suturing_D003_capture2,G4,1266,1339
2343,Suturing_D003_capture2,G2,1340,1420
2344,Suturing_D003_capture2,G3,1421,1586
2345,Suturing_D003_capture2,G6,1587,1635
2346,Suturing_D003_capture2,G9,1636,1689
2347,Suturing_D003_capture2,G4,1690,1759
2348,Suturing_D003_capture2,G2,1760,1805
2349,Suturing_D003_capture2,G3,1806,2135
2350,Suturing_D003_capture2,G6,2136,2184
2351,Suturing_D003_capture2,G9,2185,2226
2352,Suturing_D003_capture2,G11,2227,2317
2353,Suturing_D004_capture1,G1,41,98
2354,Suturing_D004_capture1,G4,99,190
2355,Suturing_D004_capture1,G8,191,275
2356,Suturing_D004_capture1,G2,276,326
2357,Suturing_D004_capture1,G3,327,477
2358,Suturing_D004_capture1,G6,478,541
2359,Suturing_D004_capture1,G9,542,655
2360,Suturing_D004_capture1,G4,656,736
2361,Suturing_D004_capture1,G2,737,780
2362,Suturing_D004_capture1,G3,781,910
2363,Suturing_D004_capture1,G6,911,1020
2364,Suturing_D004_capture1,G9,1021,1153
2365,Suturing_D004_capture1,G6,1154,1353
2366,Suturing_D004_capture1,G2,1354,1408
2367,Suturing_D004_capture1,G3,1409,1592
2368,Suturing_D004_capture1,G6,1593,1729
2369,Suturing_D004_capture1,G9,1730,2039
2370,Suturing_D004_capture1,G4,2040,2154
2371,Suturing_D004_capture1,G2,2155,2254
2372,Suturing_D004_capture1,G3,2255,2451
2373,Suturing_D004_capture1,G6,2452,2509
2374,Suturing_D004_capture1,G9,2510,2555
2375,Suturing_D004_capture1,G11,2556,2682
2376,Suturing_D004_capture2,G1,41,98
2377,Suturing_D004_capture2,G4,99,190
2378,Suturing_D004_capture2,G8,191,275
2379,Suturing_D004_capture2,G2,276,326
2380,Suturing_D004_capture2,G3,327,477
2381,Suturing_D004_capture2,G6,478,541
2382,Suturing_D004_capture2,G9,542,655
2383,Suturing_D004_capture2,G4,656,736
2384,Suturing_D004_capture2,G2,737,780
2385,Suturing_D004_capture2,G3,781,910
2386,Suturing_D004_capture2,G6,911,1020
2387,Suturing_D004_capture2,G9,1021,1153
2388,Suturing_D004_capture2,G6,1154,1353
2389,Suturing_D004_capture2,G2,1354,1408
2390,Suturing_D004_capture2,G3,1409,1592
2391,Suturing_D004_capture2,G6,1593,1729
2392,Suturing_D004_capture2,G9,1730,2039
2393,Suturing_D004_capture2,G4,2040,2154
2394,Suturing_D004_capture2,G2,2155,2254
2395,Suturing_D004_capture2,G3,2255,2451
2396,Suturing_D004_capture2,G6,2452,2509
2397,Suturing_D004_capture2,G9,2510,2555
2398,Suturing_D004_capture2,G11,2556,2682
2399,Suturing_D005_capture1,G1,21,57
2400,Suturing_D005_capture1,G5,58,134
2401,Suturing_D005_capture1,G8,135,221
2402,Suturing_D005_capture1,G2,222,294
2403,Suturing_D005_capture1,G3,295,402
2404,Suturing_D005_capture1,G6,403,466
2405,Suturing_D005_capture1,G9,467,528
2406,Suturing_D005_capture1,G4,529,621
2407,Suturing_D005_capture1,G2,622,689
2408,Suturing_D005_capture1,G3,690,820
2409,Suturing_D005_capture1,G6,821,875
2410,Suturing_D005_capture1,G9,876,930
2411,Suturing_D005_capture1,G4,931,1011
2412,Suturing_D005_capture1,G2,1012,1115
2413,Suturing_D005_capture1,G3,1116,1249
2414,Suturing_D005_capture1,G6,1250,1336
2415,Suturing_D005_capture1,G9,1337,1373
2416,Suturing_D005_capture1,G4,1374,1433
2417,Suturing_D005_capture1,G2,1434,1496
2418,Suturing_D005_capture1,G3,1497,1625
2419,Suturing_D005_capture1,G6,1626,1678
2420,Suturing_D005_capture1,G9,1679,1714
2421,Suturing_D005_capture1,G11,1715,1779
2422,Suturing_D005_capture2,G1,21,57
2423,Suturing_D005_capture2,G5,58,134
2424,Suturing_D005_capture2,G8,135,221
2425,Suturing_D005_capture2,G2,222,294
2426,Suturing_D005_capture2,G3,295,402
2427,Suturing_D005_capture2,G6,403,466
2428,Suturing_D005_capture2,G9,467,528
2429,Suturing_D005_capture2,G4,529,621
2430,Suturing_D005_capture2,G2,622,689
2431,Suturing_D005_capture2,G3,690,820
2432,Suturing_D005_capture2,G6,821,875
2433,Suturing_D005_capture2,G9,876,930
2434,Suturing_D005_capture2,G4,931,1011
2435,Suturing_D005_capture2,G2,1012,1115
2436,Suturing_D005_capture2,G3,1116,1249
2437,Suturing_D005_capture2,G6,1250,1336
2438,Suturing_D005_capture2,G9,1337,1373
2439,Suturing_D005_capture2,G4,1374,1433
2440,Suturing_D005_capture2,G2,1434,1496
2441,Suturing_D005_capture2,G3,1497,1625
2442,Suturing_D005_capture2,G6,1626,1678
2443,Suturing_D005_capture2,G9,1679,1714
2444,Suturing_D005_capture2,G11,1715,1779
2445,Suturing_E001_capture1,G1,10,119
2446,Suturing_E001_capture1,G5,120,245
2447,Suturing_E001_capture1,G2,246,341
2448,Suturing_E001_capture1,G3,342,752
2449,Suturing_E001_capture1,G6,753,902
2450,Suturing_E001_capture1,G4,903,1076
2451,Suturing_E001_capture1,G2,1077,1146
2452,Suturing_E001_capture1,G3,1147,1462
2453,Suturing_E001_capture1,G6,1463,1637
2454,Suturing_E001_capture1,G4,1638,1763
2455,Suturing_E001_capture1,G2,1764,1843
2456,Suturing_E001_capture1,G3,1844,2036
2457,Suturing_E001_capture1,G6,2037,2347
2458,Suturing_E001_capture1,G4,2348,2573
2459,Suturing_E001_capture1,G2,2574,2642
2460,Suturing_E001_capture1,G3,2643,2920
2461,Suturing_E001_capture1,G6,2921,3076
2462,Suturing_E001_capture1,G11,3077,3593
2463,Suturing_E001_capture2,G1,10,119
2464,Suturing_E001_capture2,G5,120,245
2465,Suturing_E001_capture2,G2,246,341
2466,Suturing_E001_capture2,G3,342,752
2467,Suturing_E001_capture2,G6,753,902
2468,Suturing_E001_capture2,G4,903,1076
2469,Suturing_E001_capture2,G2,1077,1146
2470,Suturing_E001_capture2,G3,1147,1462
2471,Suturing_E001_capture2,G6,1463,1637
2472,Suturing_E001_capture2,G4,1638,1763
2473,Suturing_E001_capture2,G2,1764,1843
2474,Suturing_E001_capture2,G3,1844,2036
2475,Suturing_E001_capture2,G6,2037,2347
2476,Suturing_E001_capture2,G4,2348,2573
2477,Suturing_E001_capture2,G2,2574,2642
2478,Suturing_E001_capture2,G3,2643,2920
2479,Suturing_E001_capture2,G6,2921,3076
2480,Suturing_E001_capture2,G11,3077,3593
2481,Suturing_E002_capture1,G1,23,77
2482,Suturing_E002_capture1,G5,78,158
2483,Suturing_E002_capture1,G2,159,236
2484,Suturing_E002_capture1,G3,237,631
2485,Suturing_E002_capture1,G6,632,807
2486,Suturing_E002_capture1,G4,808,984
2487,Suturing_E002_capture1,G2,985,1051
2488,Suturing_E002_capture1,G3,1052,1257
2489,Suturing_E002_capture1,G6,1258,1407
2490,Suturing_E002_capture1,G4,1408,1513
2491,Suturing_E002_capture1,G2,1514,1569
2492,Suturing_E002_capture1,G3,1570,1770
2493,Suturing_E002_capture1,G6,1771,1911
2494,Suturing_E002_capture1,G4,1912,2034
2495,Suturing_E002_capture1,G2,2035,2093
2496,Suturing_E002_capture1,G3,2094,2362
2497,Suturing_E002_capture1,G6,2363,2471
2498,Suturing_E002_capture1,G11,2472,2948
2499,Suturing_E002_capture2,G1,23,77
2500,Suturing_E002_capture2,G5,78,158
2501,Suturing_E002_capture2,G2,159,236
2502,Suturing_E002_capture2,G3,237,631
2503,Suturing_E002_capture2,G6,632,807
2504,Suturing_E002_capture2,G4,808,984
2505,Suturing_E002_capture2,G2,985,1051
2506,Suturing_E002_capture2,G3,1052,1257
2507,Suturing_E002_capture2,G6,1258,1407
2508,Suturing_E002_capture2,G4,1408,1513
2509,Suturing_E002_capture2,G2,1514,1569
2510,Suturing_E002_capture2,G3,1570,1770
2511,Suturing_E002_capture2,G6,1771,1911
2512,Suturing_E002_capture2,G4,1912,2034
2513,Suturing_E002_capture2,G2,2035,2093
2514,Suturing_E002_capture2,G3,2094,2362
2515,Suturing_E002_capture2,G6,2363,2471
2516,Suturing_E002_capture2,G11,2472,2948
2517,Suturing_E003_capture1,G1,60,142
2518,Suturing_E003_capture1,G5,143,195
2519,Suturing_E003_capture1,G2,196,253
2520,Suturing_E003_capture1,G3,254,449
2521,Suturing_E003_capture1,G6,450,579
2522,Suturing_E003_capture1,G4,580,689
2523,Suturing_E003_capture1,G2,690,744
2524,Suturing_E003_capture1,G3,745,968
2525,Suturing_E003_capture1,G6,969,1094
2526,Suturing_E003_capture1,G8,1095,1267
2527,Suturing_E003_capture1,G2,1268,1332
2528,Suturing_E003_capture1,G3,1333,1507
2529,Suturing_E003_capture1,G6,1508,1662
2530,Suturing_E003_capture1,G4,1663,1777
2531,Suturing_E003_capture1,G2,1778,1850
2532,Suturing_E003_capture1,G3,1851,2055
2533,Suturing_E003_capture1,G6,2056,2130
2534,Suturing_E003_capture1,G11,2131,2575
2535,Suturing_E003_capture2,G1,60,142
2536,Suturing_E003_capture2,G5,143,195
2537,Suturing_E003_capture2,G2,196,253
2538,Suturing_E003_capture2,G3,254,449
2539,Suturing_E003_capture2,G6,450,579
2540,Suturing_E003_capture2,G4,580,689
2541,Suturing_E003_capture2,G2,690,744
2542,Suturing_E003_capture2,G3,745,968
2543,Suturing_E003_capture2,G6,969,1094
2544,Suturing_E003_capture2,G8,1095,1267
2545,Suturing_E003_capture2,G2,1268,1332
2546,Suturing_E003_capture2,G3,1333,1507
2547,Suturing_E003_capture2,G6,1508,1662
2548,Suturing_E003_capture2,G4,1663,1777
2549,Suturing_E003_capture2,G2,1778,1850
2550,Suturing_E003_capture2,G3,1851,2055
2551,Suturing_E003_capture2,G6,2056,2130
2552,Suturing_E003_capture2,G11,2131,2575
2553,Suturing_E004_capture1,G1,57,130
2554,Suturing_E004_capture1,G5,131,170
2555,Suturing_E004_capture1,G2,171,237
2556,Suturing_E004_capture1,G3,238,537
2557,Suturing_E004_capture1,G6,538,695
2558,Suturing_E004_capture1,G4,696,804
2559,Suturing_E004_capture1,G2,805,867
2560,Suturing_E004_capture1,G3,868,1121
2561,Suturing_E004_capture1,G6,1122,1261
2562,Suturing_E004_capture1,G4,1262,1435
2563,Suturing_E004_capture1,G2,1436,1484
2564,Suturing_E004_capture1,G3,1485,1668
2565,Suturing_E004_capture1,G6,1669,1809
2566,Suturing_E004_capture1,G9,1810,1902
2567,Suturing_E004_capture1,G6,1903,1976
2568,Suturing_E004_capture1,G4,1977,2141
2569,Suturing_E004_capture1,G2,2142,2188
2570,Suturing_E004_capture1,G3,2189,2415
2571,Suturing_E004_capture1,G6,2416,2527
2572,Suturing_E004_capture1,G11,2528,2926
2573,Suturing_E004_capture2,G1,57,130
2574,Suturing_E004_capture2,G5,131,170
2575,Suturing_E004_capture2,G2,171,237
2576,Suturing_E004_capture2,G3,238,537
2577,Suturing_E004_capture2,G6,538,695
2578,Suturing_E004_capture2,G4,696,804
2579,Suturing_E004_capture2,G2,805,867
2580,Suturing_E004_capture2,G3,868,1121
2581,Suturing_E004_capture2,G6,1122,1261
2582,Suturing_E004_capture2,G4,1262,1435
2583,Suturing_E004_capture2,G2,1436,1484
2584,Suturing_E004_capture2,G3,1485,1668
2585,Suturing_E004_capture2,G6,1669,1809
2586,Suturing_E004_capture2,G9,1810,1902
2587,Suturing_E004_capture2,G6,1903,1976
2588,Suturing_E004_capture2,G4,1977,2141
2589,Suturing_E004_capture2,G2,2142,2188
2590,Suturing_E004_capture2,G3,2189,2415
2591,Suturing_E004_capture2,G6,2416,2527
2592,Suturing_E004_capture2,G11,2528,2926
2593,Suturing_E005_capture1,G1,1,49
2594,Suturing_E005_capture1,G5,50,91
2595,Suturing_E005_capture1,G2,92,141
2596,Suturing_E005_capture1,G3,142,363
2597,Suturing_E005_capture1,G6,364,507
2598,Suturing_E005_capture1,G4,508,644
2599,Suturing_E005_capture1,G2,645,739
2600,Suturing_E005_capture1,G3,740,897
2601,Suturing_E005_capture1,G6,898,1054
2602,Suturing_E005_capture1,G4,1055,1170
2603,Suturing_E005_capture1,G2,1171,1216
2604,Suturing_E005_capture1,G3,1217,1417
2605,Suturing_E005_capture1,G6,1418,1552
2606,Suturing_E005_capture1,G4,1553,1640
2607,Suturing_E005_capture1,G2,1641,1697
2608,Suturing_E005_capture1,G3,1698,1877
2609,Suturing_E005_capture1,G6,1878,2006
2610,Suturing_E005_capture1,G11,2007,2483
2611,Suturing_E005_capture2,G1,1,49
2612,Suturing_E005_capture2,G5,50,91
2613,Suturing_E005_capture2,G2,92,141
2614,Suturing_E005_capture2,G3,142,363
2615,Suturing_E005_capture2,G6,364,507
2616,Suturing_E005_capture2,G4,508,644
2617,Suturing_E005_capture2,G2,645,739
2618,Suturing_E005_capture2,G3,740,897
2619,Suturing_E005_capture2,G6,898,1054
2620,Suturing_E005_capture2,G4,1055,1170
2621,Suturing_E005_capture2,G2,1171,1216
2622,Suturing_E005_capture2,G3,1217,1417
2623,Suturing_E005_capture2,G6,1418,1552
2624,Suturing_E005_capture2,G4,1553,1640
2625,Suturing_E005_capture2,G2,1641,1697
2626,Suturing_E005_capture2,G3,1698,1877
2627,Suturing_E005_capture2,G6,1878,2006
2628,Suturing_E005_capture2,G11,2007,2483
2629,Suturing_F001_capture1,G1,35,85
2630,Suturing_F001_capture1,G5,86,164
2631,Suturing_F001_capture1,G8,165,215
2632,Suturing_F001_capture1,G2,216,294
2633,Suturing_F001_capture1,G3,295,532
2634,Suturing_F001_capture1,G6,533,753
2635,Suturing_F001_capture1,G4,754,854
2636,Suturing_F001_capture1,G2,855,934
2637,Suturing_F001_capture1,G3,935,1145
2638,Suturing_F001_capture1,G6,1146,1254
2639,Suturing_F001_capture1,G4,1255,1369
2640,Suturing_F001_capture1,G2,1370,1475
2641,Suturing_F001_capture1,G3,1476,1701
2642,Suturing_F001_capture1,G6,1702,1801
2643,Suturing_F001_capture1,G4,1802,1995
2644,Suturing_F001_capture1,G2,1996,2199
2645,Suturing_F001_capture1,G3,2200,2498
2646,Suturing_F001_capture1,G11,2499,2838
2647,Suturing_F001_capture2,G1,35,85
2648,Suturing_F001_capture2,G5,86,164
2649,Suturing_F001_capture2,G8,165,215
2650,Suturing_F001_capture2,G2,216,294
2651,Suturing_F001_capture2,G3,295,532
2652,Suturing_F001_capture2,G6,533,753
2653,Suturing_F001_capture2,G4,754,854
2654,Suturing_F001_capture2,G2,855,934
2655,Suturing_F001_capture2,G3,935,1145
2656,Suturing_F001_capture2,G6,1146,1254
2657,Suturing_F001_capture2,G4,1255,1369
2658,Suturing_F001_capture2,G2,1370,1475
2659,Suturing_F001_capture2,G3,1476,1701
2660,Suturing_F001_capture2,G6,1702,1801
2661,Suturing_F001_capture2,G4,1802,1995
2662,Suturing_F001_capture2,G2,1996,2199
2663,Suturing_F001_capture2,G3,2200,2498
2664,Suturing_F001_capture2,G11,2499,2838
2665,Suturing_F002_capture1,G8,1,88
2666,Suturing_F002_capture1,G2,89,147
2667,Suturing_F002_capture1,G3,148,427
2668,Suturing_F002_capture1,G6,428,608
2669,Suturing_F002_capture1,G4,609,686
2670,Suturing_F002_capture1,G2,687,767
2671,Suturing_F002_capture1,G3,768,1040
2672,Suturing_F002_capture1,G6,1041,1128
2673,Suturing_F002_capture1,G4,1129,1250
2674,Suturing_F002_capture1,G2,1251,1336
2675,Suturing_F002_capture1,G3,1337,1522
2676,Suturing_F002_capture1,G6,1523,1598
2677,Suturing_F002_capture1,G4,1599,1681
2678,Suturing_F002_capture1,G2,1682,1776
2679,Suturing_F002_capture1,G3,1777,2047
2680,Suturing_F002_capture1,G6,2048,2103
2681,Suturing_F002_capture1,G11,2104,2375
2682,Suturing_F002_capture2,G8,1,88
2683,Suturing_F002_capture2,G2,89,147
2684,Suturing_F002_capture2,G3,148,427
2685,Suturing_F002_capture2,G6,428,608
2686,Suturing_F002_capture2,G4,609,686
2687,Suturing_F002_capture2,G2,687,767
2688,Suturing_F002_capture2,G3,768,1040
2689,Suturing_F002_capture2,G6,1041,1128
2690,Suturing_F002_capture2,G4,1129,1250
2691,Suturing_F002_capture2,G2,1251,1336
2692,Suturing_F002_capture2,G3,1337,1522
2693,Suturing_F002_capture2,G6,1523,1598
2694,Suturing_F002_capture2,G4,1599,1681
2695,Suturing_F002_capture2,G2,1682,1776
2696,Suturing_F002_capture2,G3,1777,2047
2697,Suturing_F002_capture2,G6,2048,2103
2698,Suturing_F002_capture2,G11,2104,2375
2699,Suturing_F003_capture1,G5,1,88
2700,Suturing_F003_capture1,G8,89,169
2701,Suturing_F003_capture1,G2,170,221
2702,Suturing_F003_capture1,G3,222,402
2703,Suturing_F003_capture1,G6,403,489
2704,Suturing_F003_capture1,G4,490,589
2705,Suturing_F003_capture1,G2,590,645
2706,Suturing_F003_capture1,G3,646,877
2707,Suturing_F003_capture1,G6,878,952
2708,Suturing_F003_capture1,G4,953,1114
2709,Suturing_F003_capture1,G2,1115,1205
2710,Suturing_F003_capture1,G3,1206,1397
2711,Suturing_F003_capture1,G6,1398,1484
2712,Suturing_F003_capture1,G4,1485,1565
2713,Suturing_F003_capture1,G2,1566,1679
2714,Suturing_F003_capture1,G3,1680,1840
2715,Suturing_F003_capture1,G6,1841,1912
2716,Suturing_F003_capture1,G11,1913,2235
2717,Suturing_F003_capture2,G5,1,88
2718,Suturing_F003_capture2,G8,89,169
2719,Suturing_F003_capture2,G2,170,221
2720,Suturing_F003_capture2,G3,222,402
2721,Suturing_F003_capture2,G6,403,489
2722,Suturing_F003_capture2,G4,490,589
2723,Suturing_F003_capture2,G2,590,645
2724,Suturing_F003_capture2,G3,646,877
2725,Suturing_F003_capture2,G6,878,952
2726,Suturing_F003_capture2,G4,953,1114
2727,Suturing_F003_capture2,G2,1115,1205
2728,Suturing_F003_capture2,G3,1206,1397
2729,Suturing_F003_capture2,G6,1398,1484
2730,Suturing_F003_capture2,G4,1485,1565
2731,Suturing_F003_capture2,G2,1566,1679
2732,Suturing_F003_capture2,G3,1680,1840
2733,Suturing_F003_capture2,G6,1841,1912
2734,Suturing_F003_capture2,G11,1913,2235
2735,Suturing_F004_capture1,G5,1,53
2736,Suturing_F004_capture1,G8,54,134
2737,Suturing_F004_capture1,G2,135,217
2738,Suturing_F004_capture1,G3,218,416
2739,Suturing_F004_capture1,G6,417,492
2740,Suturing_F004_capture1,G4,493,589
2741,Suturing_F004_capture1,G2,590,668
2742,Suturing_F004_capture1,G3,669,856
2743,Suturing_F004_capture1,G6,857,928
2744,Suturing_F004_capture1,G4,929,1176
2745,Suturing_F004_capture1,G2,1177,1258
2746,Suturing_F004_capture1,G3,1259,1588
2747,Suturing_F004_capture1,G6,1589,1673
2748,Suturing_F004_capture1,G4,1674,1762
2749,Suturing_F004_capture1,G2,1763,1873
2750,Suturing_F004_capture1,G3,1874,2061
2751,Suturing_F004_capture1,G6,2062,2145
2752,Suturing_F004_capture1,G11,2146,2373
2753,Suturing_F004_capture2,G5,1,53
2754,Suturing_F004_capture2,G8,54,134
2755,Suturing_F004_capture2,G2,135,217
2756,Suturing_F004_capture2,G3,218,416
2757,Suturing_F004_capture2,G6,417,492
2758,Suturing_F004_capture2,G4,493,589
2759,Suturing_F004_capture2,G2,590,668
2760,Suturing_F004_capture2,G3,669,856
2761,Suturing_F004_capture2,G6,857,928
2762,Suturing_F004_capture2,G4,929,1176
2763,Suturing_F004_capture2,G2,1177,1258
2764,Suturing_F004_capture2,G3,1259,1588
2765,Suturing_F004_capture2,G6,1589,1673
2766,Suturing_F004_capture2,G4,1674,1762
2767,Suturing_F004_capture2,G2,1763,1873
2768,Suturing_F004_capture2,G3,1874,2061
2769,Suturing_F004_capture2,G6,2062,2145
2770,Suturing_F004_capture2,G11,2146,2373
2771,Suturing_F005_capture1,G1,11,67
2772,Suturing_F005_capture1,G5,68,133
2773,Suturing_F005_capture1,G8,134,203
2774,Suturing_F005_capture1,G2,204,249
2775,Suturing_F005_capture1,G3,250,436
2776,Suturing_F005_capture1,G6,437,519
2777,Suturing_F005_capture1,G4,520,601
2778,Suturing_F005_capture1,G2,602,659
2779,Suturing_F005_capture1,G3,660,813
2780,Suturing_F005_capture1,G6,814,865
2781,Suturing_F005_capture1,G4,866,962
2782,Suturing_F005_capture1,G2,963,1050
2783,Suturing_F005_capture1,G3,1051,1221
2784,Suturing_F005_capture1,G6,1222,1289
2785,Suturing_F005_capture1,G4,1290,1376
2786,Suturing_F005_capture1,G2,1377,1470
2787,Suturing_F005_capture1,G3,1471,1675
2788,Suturing_F005_capture1,G6,1676,1734
2789,Suturing_F005_capture1,G11,1735,2039
2790,Suturing_F005_capture2,G1,11,67
2791,Suturing_F005_capture2,G5,68,133
2792,Suturing_F005_capture2,G8,134,203
2793,Suturing_F005_capture2,G2,204,249
2794,Suturing_F005_capture2,G3,250,436
2795,Suturing_F005_capture2,G6,437,519
2796,Suturing_F005_capture2,G4,520,601
2797,Suturing_F005_capture2,G2,602,659
2798,Suturing_F005_capture2,G3,660,813
2799,Suturing_F005_capture2,G6,814,865
2800,Suturing_F005_capture2,G4,866,962
2801,Suturing_F005_capture2,G2,963,1050
2802,Suturing_F005_capture2,G3,1051,1221
2803,Suturing_F005_capture2,G6,1222,1289
2804,Suturing_F005_capture2,G4,1290,1376
2805,Suturing_F005_capture2,G2,1377,1470
2806,Suturing_F005_capture2,G3,1471,1675
2807,Suturing_F005_capture2,G6,1676,1734
2808,Suturing_F005_capture2,G11,1735,2039
2809,Suturing_G001_capture1,G5,1,149
2810,Suturing_G001_capture1,G8,150,366
2811,Suturing_G001_capture1,G2,367,498
2812,Suturing_G001_capture1,G3,499,772
2813,Suturing_G001_capture1,G6,773,938
2814,Suturing_G001_capture1,G4,939,1131
2815,Suturing_G001_capture1,G5,1132,1225
2816,Suturing_G001_capture1,G6,1226,1353
2817,Suturing_G001_capture1,G2,1354,1477
2818,Suturing_G001_capture1,G3,1478,2418
2819,Suturing_G001_capture1,G8,2419,2620
2820,Suturing_G001_capture1,G2,2621,2670
2821,Suturing_G001_capture1,G3,2671,2854
2822,Suturing_G001_capture1,G8,2855,2990
2823,Suturing_G001_capture1,G3,2991,3111
2824,Suturing_G001_capture1,G8,3112,3509
2825,Suturing_G001_capture1,G2,3510,3564
2826,Suturing_G001_capture1,G3,3565,3646
2827,Suturing_G001_capture1,G8,3647,4096
2828,Suturing_G001_capture1,G3,4097,4276
2829,Suturing_G001_capture1,G6,4277,4425
2830,Suturing_G001_capture1,G4,4426,4556
2831,Suturing_G001_capture1,G9,4557,4716
2832,Suturing_G001_capture1,G2,4717,4835
2833,Suturing_G001_capture1,G3,4836,5003
2834,Suturing_G001_capture1,G8,5004,5632
2835,Suturing_G001_capture1,G3,5633,5846
2836,Suturing_G001_capture1,G6,5847,6253
2837,Suturing_G001_capture1,G4,6254,6406
2838,Suturing_G001_capture1,G2,6407,6520
2839,Suturing_G001_capture1,G3,6521,7627
2840,Suturing_G001_capture1,G6,7628,7655
2841,Suturing_G001_capture1,G8,7656,8181
2842,Suturing_G001_capture1,G2,8182,8280
2843,Suturing_G001_capture1,G3,8281,8675
2844,Suturing_G001_capture1,G6,8676,8833
2845,Suturing_G001_capture1,G11,8834,9012
2846,Suturing_G001_capture2,G5,1,149
2847,Suturing_G001_capture2,G8,150,366
2848,Suturing_G001_capture2,G2,367,498
2849,Suturing_G001_capture2,G3,499,772
2850,Suturing_G001_capture2,G6,773,938
2851,Suturing_G001_capture2,G4,939,1131
2852,Suturing_G001_capture2,G5,1132,1225
2853,Suturing_G001_capture2,G6,1226,1353
2854,Suturing_G001_capture2,G2,1354,1477
2855,Suturing_G001_capture2,G3,1478,2418
2856,Suturing_G001_capture2,G8,2419,2620
2857,Suturing_G001_capture2,G2,2621,2670
2858,Suturing_G001_capture2,G3,2671,2854
2859,Suturing_G001_capture2,G8,2855,2990
2860,Suturing_G001_capture2,G3,2991,3111
2861,Suturing_G001_capture2,G8,3112,3509
2862,Suturing_G001_capture2,G2,3510,3564
2863,Suturing_G001_capture2,G3,3565,3646
2864,Suturing_G001_capture2,G8,3647,4096
2865,Suturing_G001_capture2,G3,4097,4276
2866,Suturing_G001_capture2,G6,4277,4425
2867,Suturing_G001_capture2,G4,4426,4556
2868,Suturing_G001_capture2,G9,4557,4716
2869,Suturing_G001_capture2,G2,4717,4835
2870,Suturing_G001_capture2,G3,4836,5003
2871,Suturing_G001_capture2,G8,5004,5632
2872,Suturing_G001_capture2,G3,5633,5846
2873,Suturing_G001_capture2,G6,5847,6253
2874,Suturing_G001_capture2,G4,6254,6406
2875,Suturing_G001_capture2,G2,6407,6520
2876,Suturing_G001_capture2,G3,6521,7627
2877,Suturing_G001_capture2,G6,7628,7655
2878,Suturing_G001_capture2,G8,7656,8181
2879,Suturing_G001_capture2,G2,8182,8280
2880,Suturing_G001_capture2,G3,8281,8675
2881,Suturing_G001_capture2,G6,8676,8833
2882,Suturing_G001_capture2,G11,8834,9012
2883,Suturing_G002_capture1,G5,1,94
2884,Suturing_G002_capture1,G8,95,188
2885,Suturing_G002_capture1,G2,189,239
2886,Suturing_G002_capture1,G3,240,479
2887,Suturing_G002_capture1,G6,480,697
2888,Suturing_G002_capture1,G4,698,816
2889,Suturing_G002_capture1,G2,817,905
2890,Suturing_G002_capture1,G3,906,1287
2891,Suturing_G002_capture1,G6,1288,1464
2892,Suturing_G002_capture1,G4,1465,1582
2893,Suturing_G002_capture1,G2,1583,1627
2894,Suturing_G002_capture1,G3,1628,1889
2895,Suturing_G002_capture1,G6,1890,2029
2896,Suturing_G002_capture1,G4,2030,2185
2897,Suturing_G002_capture1,G2,2186,2232
2898,Suturing_G002_capture1,G3,2233,2462
2899,Suturing_G002_capture1,G8,2463,2670
2900,Suturing_G002_capture1,G3,2671,3010
2901,Suturing_G002_capture1,G6,3011,3159
2902,Suturing_G002_capture1,G11,3160,3379
2903,Suturing_G002_capture2,G5,1,94
2904,Suturing_G002_capture2,G8,95,188
2905,Suturing_G002_capture2,G2,189,239
2906,Suturing_G002_capture2,G3,240,479
2907,Suturing_G002_capture2,G6,480,697
2908,Suturing_G002_capture2,G4,698,816
2909,Suturing_G002_capture2,G2,817,905
2910,Suturing_G002_capture2,G3,906,1287
2911,Suturing_G002_capture2,G6,1288,1464
2912,Suturing_G002_capture2,G4,1465,1582
2913,Suturing_G002_capture2,G2,1583,1627
2914,Suturing_G002_capture2,G3,1628,1889
2915,Suturing_G002_capture2,G6,1890,2029
2916,Suturing_G002_capture2,G4,2030,2185
2917,Suturing_G002_capture2,G2,2186,2232
2918,Suturing_G002_capture2,G3,2233,2462
2919,Suturing_G002_capture2,G8,2463,2670
2920,Suturing_G002_capture2,G3,2671,3010
2921,Suturing_G002_capture2,G6,3011,3159
2922,Suturing_G002_capture2,G11,3160,3379
2923,Suturing_G003_capture1,G8,1,406
2924,Suturing_G003_capture1,G2,407,483
2925,Suturing_G003_capture1,G3,484,689
2926,Suturing_G003_capture1,G6,690,937
2927,Suturing_G003_capture1,G4,938,1072
2928,Suturing_G003_capture1,G2,1073,1109
2929,Suturing_G003_capture1,G3,1110,1229
2930,Suturing_G003_capture1,G6,1230,1508
2931,Suturing_G003_capture1,G4,1509,1640
2932,Suturing_G003_capture1,G2,1641,1725
2933,Suturing_G003_capture1,G3,1726,1992
2934,Suturing_G003_capture1,G8,1993,2174
2935,Suturing_G003_capture1,G2,2175,2229
2936,Suturing_G003_capture1,G3,2230,2705
2937,Suturing_G003_capture1,G6,2706,2830
2938,Suturing_G003_capture1,G4,2831,3053
2939,Suturing_G003_capture1,G10,3054,3790
2940,Suturing_G003_capture1,G2,3791,3837
2941,Suturing_G003_capture1,G8,3838,4421
2942,Suturing_G003_capture1,G2,4422,4534
2943,Suturing_G003_capture1,G3,4535,4820
2944,Suturing_G003_capture1,G6,4821,4974
2945,Suturing_G003_capture1,G11,4975,5160
2946,Suturing_G003_capture2,G8,1,406
2947,Suturing_G003_capture2,G2,407,483
2948,Suturing_G003_capture2,G3,484,689
2949,Suturing_G003_capture2,G6,690,937
2950,Suturing_G003_capture2,G4,938,1072
2951,Suturing_G003_capture2,G2,1073,1109
2952,Suturing_G003_capture2,G3,1110,1229
2953,Suturing_G003_capture2,G6,1230,1508
2954,Suturing_G003_capture2,G4,1509,1640
2955,Suturing_G003_capture2,G2,1641,1725
2956,Suturing_G003_capture2,G3,1726,1992
2957,Suturing_G003_capture2,G8,1993,2174
2958,Suturing_G003_capture2,G2,2175,2229
2959,Suturing_G003_capture2,G3,2230,2705
2960,Suturing_G003_capture2,G6,2706,2830
2961,Suturing_G003_capture2,G4,2831,3053
2962,Suturing_G003_capture2,G10,3054,3790
2963,Suturing_G003_capture2,G2,3791,3837
2964,Suturing_G003_capture2,G8,3838,4421
2965,Suturing_G003_capture2,G2,4422,4534
2966,Suturing_G003_capture2,G3,4535,4820
2967,Suturing_G003_capture2,G6,4821,4974
2968,Suturing_G003_capture2,G11,4975,5160
2969,Suturing_G004_capture1,G5,1,21
2970,Suturing_G004_capture1,G8,22,416
2971,Suturing_G004_capture1,G2,417,477
2972,Suturing_G004_capture1,G3,478,665
2973,Suturing_G004_capture1,G6,666,829
2974,Suturing_G004_capture1,G4,830,967
2975,Suturing_G004_capture1,G2,968,1021
2976,Suturing_G004_capture1,G3,1022,1176
2977,Suturing_G004_capture1,G6,1177,1323
2978,Suturing_G004_capture1,G4,1324,1407
2979,Suturing_G004_capture1,G2,1408,1488
2980,Suturing_G004_capture1,G3,1489,1752
2981,Suturing_G004_capture1,G6,1753,1855
2982,Suturing_G004_capture1,G4,1856,2007
2983,Suturing_G004_capture1,G2,2008,2091
2984,Suturing_G004_capture1,G3,2092,2283
2985,Suturing_G004_capture1,G6,2284,2452
2986,Suturing_G004_capture1,G11,2453,2620
2987,Suturing_G004_capture2,G5,1,21
2988,Suturing_G004_capture2,G8,22,416
2989,Suturing_G004_capture2,G2,417,477
2990,Suturing_G004_capture2,G3,478,665
2991,Suturing_G004_capture2,G6,666,829
2992,Suturing_G004_capture2,G4,830,967
2993,Suturing_G004_capture2,G2,968,1021
2994,Suturing_G004_capture2,G3,1022,1176
2995,Suturing_G004_capture2,G6,1177,1323
2996,Suturing_G004_capture2,G4,1324,1407
2997,Suturing_G004_capture2,G2,1408,1488
2998,Suturing_G004_capture2,G3,1489,1752
2999,Suturing_G004_capture2,G6,1753,1855
3000,Suturing_G004_capture2,G4,1856,2007
3001,Suturing_G004_capture2,G2,2008,2091
3002,Suturing_G004_capture2,G3,2092,2283
3003,Suturing_G004_capture2,G6,2284,2452
3004,Suturing_G004_capture2,G11,2453,2620
3005,Suturing_G005_capture1,G5,1,99
3006,Suturing_G005_capture1,G8,100,202
3007,Suturing_G005_capture1,G2,203,248
3008,Suturing_G005_capture1,G3,249,445
3009,Suturing_G005_capture1,G6,446,610
3010,Suturing_G005_capture1,G4,611,726
3011,Suturing_G005_capture1,G2,727,805
3012,Suturing_G005_capture1,G3,806,933
3013,Suturing_G005_capture1,G6,934,1061
3014,Suturing_G005_capture1,G4,1062,1180
3015,Suturing_G005_capture1,G2,1181,1235
3016,Suturing_G005_capture1,G3,1236,1562
3017,Suturing_G005_capture1,G6,1563,1749
3018,Suturing_G005_capture1,G4,1750,1873
3019,Suturing_G005_capture1,G2,1874,1925
3020,Suturing_G005_capture1,G3,1926,2148
3021,Suturing_G005_capture1,G6,2149,2274
3022,Suturing_G005_capture1,G11,2275,2454
3023,Suturing_G005_capture2,G5,1,99
3024,Suturing_G005_capture2,G8,100,202
3025,Suturing_G005_capture2,G2,203,248
3026,Suturing_G005_capture2,G3,249,445
3027,Suturing_G005_capture2,G6,446,610
3028,Suturing_G005_capture2,G4,611,726
3029,Suturing_G005_capture2,G2,727,805
3030,Suturing_G005_capture2,G3,806,933
3031,Suturing_G005_capture2,G6,934,1061
3032,Suturing_G005_capture2,G4,1062,1180
3033,Suturing_G005_capture2,G2,1181,1235
3034,Suturing_G005_capture2,G3,1236,1562
3035,Suturing_G005_capture2,G6,1563,1749
3036,Suturing_G005_capture2,G4,1750,1873
3037,Suturing_G005_capture2,G2,1874,1925
3038,Suturing_G005_capture2,G3,1926,2148
3039,Suturing_G005_capture2,G6,2149,2274
3040,Suturing_G005_capture2,G11,2275,2454
3041,Suturing_H001_capture1,G1,90,165
3042,Suturing_H001_capture1,G5,166,317
3043,Suturing_H001_capture1,G8,318,552
3044,Suturing_H001_capture1,G2,553,710
3045,Suturing_H001_capture1,G3,711,1462
3046,Suturing_H001_capture1,G6,1463,1635
3047,Suturing_H001_capture1,G4,1636,1817
3048,Suturing_H001_capture1,G2,1818,2007
3049,Suturing_H001_capture1,G3,2008,2275
3050,Suturing_H001_capture1,G6,2276,2537
3051,Suturing_H001_capture1,G4,2538,2643
3052,Suturing_H001_capture1,G10,2644,2741
3053,Suturing_H001_capture1,G6,2742,2792
3054,Suturing_H001_capture1,G10,2793,2951
3055,Suturing_H001_capture1,G6,2952,2995
3056,Suturing_H001_capture1,G4,2996,3084
3057,Suturing_H001_capture1,G6,3085,3151
3058,Suturing_H001_capture1,G4,3152,3399
3059,Suturing_H001_capture1,G2,3400,3622
3060,Suturing_H001_capture1,G3,3623,3963
3061,Suturing_H001_capture1,G6,3964,4164
3062,Suturing_H001_capture1,G4,4165,4368
3063,Suturing_H001_capture1,G2,4369,4568
3064,Suturing_H001_capture1,G3,4569,4975
3065,Suturing_H001_capture1,G6,4976,5194
3066,Suturing_H001_capture1,G11,5195,5363
3067,Suturing_H001_capture2,G1,90,165
3068,Suturing_H001_capture2,G5,166,317
3069,Suturing_H001_capture2,G8,318,552
3070,Suturing_H001_capture2,G2,553,710
3071,Suturing_H001_capture2,G3,711,1462
3072,Suturing_H001_capture2,G6,1463,1635
3073,Suturing_H001_capture2,G4,1636,1817
3074,Suturing_H001_capture2,G2,1818,2007
3075,Suturing_H001_capture2,G3,2008,2275
3076,Suturing_H001_capture2,G6,2276,2537
3077,Suturing_H001_capture2,G4,2538,2643
3078,Suturing_H001_capture2,G10,2644,2741
3079,Suturing_H001_capture2,G6,2742,2792
3080,Suturing_H001_capture2,G10,2793,2951
3081,Suturing_H001_capture2,G6,2952,2995
3082,Suturing_H001_capture2,G4,2996,3084
3083,Suturing_H001_capture2,G6,3085,3151
3084,Suturing_H001_capture2,G4,3152,3399
3085,Suturing_H001_capture2,G2,3400,3622
3086,Suturing_H001_capture2,G3,3623,3963
3087,Suturing_H001_capture2,G6,3964,4164
3088,Suturing_H001_capture2,G4,4165,4368
3089,Suturing_H001_capture2,G2,4369,4568
3090,Suturing_H001_capture2,G3,4569,4975
3091,Suturing_H001_capture2,G6,4976,5194
3092,Suturing_H001_capture2,G11,5195,5363
3093,Suturing_H003_capture1,G1,1,90
3094,Suturing_H003_capture1,G5,91,245
3095,Suturing_H003_capture1,G8,246,434
3096,Suturing_H003_capture1,G2,435,552
3097,Suturing_H003_capture1,G3,553,908
3098,Suturing_H003_capture1,G6,909,1113
3099,Suturing_H003_capture1,G9,1114,1162
3100,Suturing_H003_capture1,G4,1163,1347
3101,Suturing_H003_capture1,G2,1348,1492
3102,Suturing_H003_capture1,G3,1493,1708
3103,Suturing_H003_capture1,G6,1709,1873
3104,Suturing_H003_capture1,G4,1874,1991
3105,Suturing_H003_capture1,G2,1992,2090
3106,Suturing_H003_capture1,G3,2091,2432
3107,Suturing_H003_capture1,G6,2433,2549
3108,Suturing_H003_capture1,G4,2550,2682
3109,Suturing_H003_capture1,G2,2683,2807
3110,Suturing_H003_capture1,G3,2808,3008
3111,Suturing_H003_capture1,G6,3009,3149
3112,Suturing_H003_capture1,G11,3150,3320
3113,Suturing_H003_capture2,G1,1,90
3114,Suturing_H003_capture2,G5,91,245
3115,Suturing_H003_capture2,G8,246,434
3116,Suturing_H003_capture2,G2,435,552
3117,Suturing_H003_capture2,G3,553,908
3118,Suturing_H003_capture2,G6,909,1113
3119,Suturing_H003_capture2,G9,1114,1162
3120,Suturing_H003_capture2,G4,1163,1347
3121,Suturing_H003_capture2,G2,1348,1492
3122,Suturing_H003_capture2,G3,1493,1708
3123,Suturing_H003_capture2,G6,1709,1873
3124,Suturing_H003_capture2,G4,1874,1991
3125,Suturing_H003_capture2,G2,1992,2090
3126,Suturing_H003_capture2,G3,2091,2432
3127,Suturing_H003_capture2,G6,2433,2549
3128,Suturing_H003_capture2,G4,2550,2682
3129,Suturing_H003_capture2,G2,2683,2807
3130,Suturing_H003_capture2,G3,2808,3008
3131,Suturing_H003_capture2,G6,3009,3149
3132,Suturing_H003_capture2,G11,3150,3320
3133,Suturing_H004_capture1,G1,1,75
3134,Suturing_H004_capture1,G5,76,193
3135,Suturing_H004_capture1,G8,194,381
3136,Suturing_H004_capture1,G2,382,475
3137,Suturing_H004_capture1,G3,476,660
3138,Suturing_H004_capture1,G6,661,816
3139,Suturing_H004_capture1,G4,817,990
3140,Suturing_H004_capture1,G9,991,1022
3141,Suturing_H004_capture1,G4,1023,1173
3142,Suturing_H004_capture1,G2,1174,1295
3143,Suturing_H004_capture1,G3,1296,1533
3144,Suturing_H004_capture1,G6,1534,2014
3145,Suturing_H004_capture1,G9,2015,2059
3146,Suturing_H004_capture1,G4,2060,2271
3147,Suturing_H004_capture1,G2,2272,2401
3148,Suturing_H004_capture1,G3,2402,2631
3149,Suturing_H004_capture1,G6,2632,2860
3150,Suturing_H004_capture1,G4,2861,3046
3151,Suturing_H004_capture1,G2,3047,3149
3152,Suturing_H004_capture1,G3,3150,3566
3153,Suturing_H004_capture1,G6,3567,3780
3154,Suturing_H004_capture1,G11,3781,4020
3155,Suturing_H004_capture2,G1,1,75
3156,Suturing_H004_capture2,G5,76,193
3157,Suturing_H004_capture2,G8,194,381
3158,Suturing_H004_capture2,G2,382,475
3159,Suturing_H004_capture2,G3,476,660
3160,Suturing_H004_capture2,G6,661,816
3161,Suturing_H004_capture2,G4,817,990
3162,Suturing_H004_capture2,G9,991,1022
3163,Suturing_H004_capture2,G4,1023,1173
3164,Suturing_H004_capture2,G2,1174,1295
3165,Suturing_H004_capture2,G3,1296,1533
3166,Suturing_H004_capture2,G6,1534,2014
3167,Suturing_H004_capture2,G9,2015,2059
3168,Suturing_H004_capture2,G4,2060,2271
3169,Suturing_H004_capture2,G2,2272,2401
3170,Suturing_H004_capture2,G3,2402,2631
3171,Suturing_H004_capture2,G6,2632,2860
3172,Suturing_H004_capture2,G4,2861,3046
3173,Suturing_H004_capture2,G2,3047,3149
3174,Suturing_H004_capture2,G3,3150,3566
3175,Suturing_H004_capture2,G6,3567,3780
3176,Suturing_H004_capture2,G11,3781,4020
3177,Suturing_H005_capture1,G5,1,131
3178,Suturing_H005_capture1,G8,132,320
3179,Suturing_H005_capture1,G2,321,413
3180,Suturing_H005_capture1,G3,414,619
3181,Suturing_H005_capture1,G6,620,767
3182,Suturing_H005_capture1,G4,768,961
3183,Suturing_H005_capture1,G2,962,1128
3184,Suturing_H005_capture1,G3,1129,1429
3185,Suturing_H005_capture1,G6,1430,1667
3186,Suturing_H005_capture1,G4,1668,1828
3187,Suturing_H005_capture1,G2,1829,1933
3188,Suturing_H005_capture1,G3,1934,2288
3189,Suturing_H005_capture1,G6,2289,2453
3190,Suturing_H005_capture1,G4,2454,2624
3191,Suturing_H005_capture1,G2,2625,2738
3192,Suturing_H005_capture1,G3,2739,2998
3193,Suturing_H005_capture1,G6,2999,3127
3194,Suturing_H005_capture1,G11,3128,3279
3195,Suturing_H005_capture2,G5,1,131
3196,Suturing_H005_capture2,G8,132,320
3197,Suturing_H005_capture2,G2,321,413
3198,Suturing_H005_capture2,G3,414,619
3199,Suturing_H005_capture2,G6,620,767
3200,Suturing_H005_capture2,G4,768,961
3201,Suturing_H005_capture2,G2,962,1128
3202,Suturing_H005_capture2,G3,1129,1429
3203,Suturing_H005_capture2,G6,1430,1667
3204,Suturing_H005_capture2,G4,1668,1828
3205,Suturing_H005_capture2,G2,1829,1933
3206,Suturing_H005_capture2,G3,1934,2288
3207,Suturing_H005_capture2,G6,2289,2453
3208,Suturing_H005_capture2,G4,2454,2624
3209,Suturing_H005_capture2,G2,2625,2738
3210,Suturing_H005_capture2,G3,2739,2998
3211,Suturing_H005_capture2,G6,2999,3127
3212,Suturing_H005_capture2,G11,3128,3279
3213,Suturing_I001_capture1,G1,1,30
3214,Suturing_I001_capture1,G5,31,164
3215,Suturing_I001_capture1,G8,165,358
3216,Suturing_I001_capture1,G2,359,508
3217,Suturing_I001_capture1,G3,509,876
3218,Suturing_I001_capture1,G6,877,1046
3219,Suturing_I001_capture1,G4,1047,1194
3220,Suturing_I001_capture1,G2,1195,1351
3221,Suturing_I001_capture1,G3,1352,1621
3222,Suturing_I001_capture1,G6,1622,1808
3223,Suturing_I001_capture1,G4,1809,2017
3224,Suturing_I001_capture1,G2,2018,2129
3225,Suturing_I001_capture1,G3,2130,2507
3226,Suturing_I001_capture1,G6,2508,2642
3227,Suturing_I001_capture1,G4,2643,2905
3228,Suturing_I001_capture1,G10,2906,3370
3229,Suturing_I001_capture1,G2,3371,3508
3230,Suturing_I001_capture1,G3,3509,3813
3231,Suturing_I001_capture1,G6,3814,4026
3232,Suturing_I001_capture1,G11,4027,4310
3233,Suturing_I001_capture2,G1,1,30
3234,Suturing_I001_capture2,G5,31,164
3235,Suturing_I001_capture2,G8,165,358
3236,Suturing_I001_capture2,G2,359,508
3237,Suturing_I001_capture2,G3,509,876
3238,Suturing_I001_capture2,G6,877,1046
3239,Suturing_I001_capture2,G4,1047,1194
3240,Suturing_I001_capture2,G2,1195,1351
3241,Suturing_I001_capture2,G3,1352,1621
3242,Suturing_I001_capture2,G6,1622,1808
3243,Suturing_I001_capture2,G4,1809,2017
3244,Suturing_I001_capture2,G2,2018,2129
3245,Suturing_I001_capture2,G3,2130,2507
3246,Suturing_I001_capture2,G6,2508,2642
3247,Suturing_I001_capture2,G4,2643,2905
3248,Suturing_I001_capture2,G10,2906,3370
3249,Suturing_I001_capture2,G2,3371,3508
3250,Suturing_I001_capture2,G3,3509,3813
3251,Suturing_I001_capture2,G6,3814,4026
3252,Suturing_I001_capture2,G11,4027,4310
3253,Suturing_I002_capture1,G1,1,56
3254,Suturing_I002_capture1,G5,57,145
3255,Suturing_I002_capture1,G8,146,500
3256,Suturing_I002_capture1,G2,501,639
3257,Suturing_I002_capture1,G3,640,1105
3258,Suturing_I002_capture1,G6,1106,1370
3259,Suturing_I002_capture1,G4,1371,1600
3260,Suturing_I002_capture1,G2,1601,1942
3261,Suturing_I002_capture1,G3,1943,2313
3262,Suturing_I002_capture1,G6,2314,2630
3263,Suturing_I002_capture1,G4,2631,2752
3264,Suturing_I002_capture1,G2,2753,2971
3265,Suturing_I002_capture1,G3,2972,3307
3266,Suturing_I002_capture1,G6,3308,3451
3267,Suturing_I002_capture1,G4,3452,3623
3268,Suturing_I002_capture1,G2,3624,3814
3269,Suturing_I002_capture1,G3,3815,4209
3270,Suturing_I002_capture1,G6,4210,4324
3271,Suturing_I002_capture1,G11,4325,4412
3272,Suturing_I002_capture2,G1,1,56
3273,Suturing_I002_capture2,G5,57,145
3274,Suturing_I002_capture2,G8,146,500
3275,Suturing_I002_capture2,G2,501,639
3276,Suturing_I002_capture2,G3,640,1105
3277,Suturing_I002_capture2,G6,1106,1370
3278,Suturing_I002_capture2,G4,1371,1600
3279,Suturing_I002_capture2,G2,1601,1942
3280,Suturing_I002_capture2,G3,1943,2313
3281,Suturing_I002_capture2,G6,2314,2630
3282,Suturing_I002_capture2,G4,2631,2752
3283,Suturing_I002_capture2,G2,2753,2971
3284,Suturing_I002_capture2,G3,2972,3307
3285,Suturing_I002_capture2,G6,3308,3451
3286,Suturing_I002_capture2,G4,3452,3623
3287,Suturing_I002_capture2,G2,3624,3814
3288,Suturing_I002_capture2,G3,3815,4209
3289,Suturing_I002_capture2,G6,4210,4324
3290,Suturing_I002_capture2,G11,4325,4412
3291,Suturing_I003_capture1,G1,139,255
3292,Suturing_I003_capture1,G5,256,357
3293,Suturing_I003_capture1,G8,358,654
3294,Suturing_I003_capture1,G2,655,1250
3295,Suturing_I003_capture1,G6,1251,1387
3296,Suturing_I003_capture1,G4,1388,1620
3297,Suturing_I003_capture1,G2,1621,2015
3298,Suturing_I003_capture1,G3,2016,2241
3299,Suturing_I003_capture1,G6,2242,2443
3300,Suturing_I003_capture1,G4,2444,2604
3301,Suturing_I003_capture1,G2,2605,2866
3302,Suturing_I003_capture1,G3,2867,3346
3303,Suturing_I003_capture1,G6,3347,3563
3304,Suturing_I003_capture1,G4,3564,3675
3305,Suturing_I003_capture1,G2,3676,3793
3306,Suturing_I003_capture1,G3,3794,4025
3307,Suturing_I003_capture1,G6,4026,4169
3308,Suturing_I003_capture1,G11,4170,4284
3309,Suturing_I003_capture2,G1,139,255
3310,Suturing_I003_capture2,G5,256,357
3311,Suturing_I003_capture2,G8,358,654
3312,Suturing_I003_capture2,G2,655,1250
3313,Suturing_I003_capture2,G6,1251,1387
3314,Suturing_I003_capture2,G4,1388,1620
3315,Suturing_I003_capture2,G2,1621,2015
3316,Suturing_I003_capture2,G3,2016,2241
3317,Suturing_I003_capture2,G6,2242,2443
3318,Suturing_I003_capture2,G4,2444,2604
3319,Suturing_I003_capture2,G2,2605,2866
3320,Suturing_I003_capture2,G3,2867,3346
3321,Suturing_I003_capture2,G6,3347,3563
3322,Suturing_I003_capture2,G4,3564,3675
3323,Suturing_I003_capture2,G2,3676,3793
3324,Suturing_I003_capture2,G3,3794,4025
3325,Suturing_I003_capture2,G6,4026,4169
3326,Suturing_I003_capture2,G11,4170,4284
3327,Suturing_I004_capture1,G1,1,61
3328,Suturing_I004_capture1,G5,62,178
3329,Suturing_I004_capture1,G8,179,394
3330,Suturing_I004_capture1,G2,395,541
3331,Suturing_I004_capture1,G3,542,800
3332,Suturing_I004_capture1,G6,801,1057
3333,Suturing_I004_capture1,G4,1058,1126
3334,Suturing_I004_capture1,G6,1127,1163
3335,Suturing_I004_capture1,G4,1164,1312
3336,Suturing_I004_capture1,G2,1313,1520
3337,Suturing_I004_capture1,G3,1521,1865
3338,Suturing_I004_capture1,G6,1866,2027
3339,Suturing_I004_capture1,G4,2028,2234
3340,Suturing_I004_capture1,G2,2235,2492
3341,Suturing_I004_capture1,G3,2493,2893
3342,Suturing_I004_capture1,G6,2894,3050
3343,Suturing_I004_capture1,G4,3051,3219
3344,Suturing_I004_capture1,G2,3220,3338
3345,Suturing_I004_capture1,G3,3339,3552
3346,Suturing_I004_capture1,G6,3553,3621
3347,Suturing_I004_capture1,G11,3622,3730
3348,Suturing_I004_capture2,G1,1,61
3349,Suturing_I004_capture2,G5,62,178
3350,Suturing_I004_capture2,G8,179,394
3351,Suturing_I004_capture2,G2,395,541
3352,Suturing_I004_capture2,G3,542,800
3353,Suturing_I004_capture2,G6,801,1057
3354,Suturing_I004_capture2,G4,1058,1126
3355,Suturing_I004_capture2,G6,1127,1163
3356,Suturing_I004_capture2,G4,1164,1312
3357,Suturing_I004_capture2,G2,1313,1520
3358,Suturing_I004_capture2,G3,1521,1865
3359,Suturing_I004_capture2,G6,1866,2027
3360,Suturing_I004_capture2,G4,2028,2234
3361,Suturing_I004_capture2,G2,2235,2492
3362,Suturing_I004_capture2,G3,2493,2893
3363,Suturing_I004_capture2,G6,2894,3050
3364,Suturing_I004_capture2,G4,3051,3219
3365,Suturing_I004_capture2,G2,3220,3338
3366,Suturing_I004_capture2,G3,3339,3552
3367,Suturing_I004_capture2,G6,3553,3621
3368,Suturing_I004_capture2,G11,3622,3730
3369,Suturing_I005_capture1,G1,73,151
3370,Suturing_I005_capture1,G5,152,241
3371,Suturing_I005_capture1,G8,242,518
3372,Suturing_I005_capture1,G2,519,658
3373,Suturing_I005_capture1,G3,659,1198
3374,Suturing_I005_capture1,G6,1199,1364
3375,Suturing_I005_capture1,G4,1365,1486
3376,Suturing_I005_capture1,G2,1487,1695
3377,Suturing_I005_capture1,G3,1696,1979
3378,Suturing_I005_capture1,G6,1980,2188
3379,Suturing_I005_capture1,G4,2189,2312
3380,Suturing_I005_capture1,G2,2313,2523
3381,Suturing_I005_capture1,G3,2524,2835
3382,Suturing_I005_capture1,G6,2836,2977
3383,Suturing_I005_capture1,G4,2978,3077
3384,Suturing_I005_capture1,G2,3078,3234
3385,Suturing_I005_capture1,G3,3235,3564
3386,Suturing_I005_capture1,G6,3565,3658
3387,Suturing_I005_capture1,G11,3659,3773
3388,Suturing_I005_capture2,G1,73,151
3389,Suturing_I005_capture2,G5,152,241
3390,Suturing_I005_capture2,G8,242,518
3391,Suturing_I005_capture2,G2,519,658
3392,Suturing_I005_capture2,G3,659,1198
3393,Suturing_I005_capture2,G6,1199,1364
3394,Suturing_I005_capture2,G4,1365,1486
3395,Suturing_I005_capture2,G2,1487,1695
3396,Suturing_I005_capture2,G3,1696,1979
3397,Suturing_I005_capture2,G6,1980,2188
3398,Suturing_I005_capture2,G4,2189,2312
3399,Suturing_I005_capture2,G2,2313,2523
3400,Suturing_I005_capture2,G3,2524,2835
3401,Suturing_I005_capture2,G6,2836,2977
3402,Suturing_I005_capture2,G4,2978,3077
3403,Suturing_I005_capture2,G2,3078,3234
3404,Suturing_I005_capture2,G3,3235,3564
3405,Suturing_I005_capture2,G6,3565,3658
3406,Suturing_I005_capture2,G11,3659,3773
