,path,category,label
0,images\inference-video-1\frame_00000001.jpg,inference-video-1,inference-video-1
1,images\inference-video-1\frame_00000002.jpg,inference-video-1,inference-video-1
2,images\inference-video-1\frame_00000003.jpg,inference-video-1,inference-video-1
3,images\inference-video-1\frame_00000004.jpg,inference-video-1,inference-video-1
4,images\inference-video-1\frame_00000005.jpg,inference-video-1,inference-video-1
5,images\inference-video-1\frame_00000006.jpg,inference-video-1,inference-video-1
6,images\inference-video-1\frame_00000007.jpg,inference-video-1,inference-video-1
7,images\inference-video-1\frame_00000008.jpg,inference-video-1,inference-video-1
8,images\inference-video-1\frame_00000009.jpg,inference-video-1,inference-video-1
9,images\inference-video-1\frame_00000010.jpg,inference-video-1,inference-video-1
10,images\inference-video-1\frame_00000011.jpg,inference-video-1,inference-video-1
11,images\inference-video-1\frame_00000012.jpg,inference-video-1,inference-video-1
12,images\inference-video-1\frame_00000013.jpg,inference-video-1,inference-video-1
13,images\inference-video-1\frame_00000014.jpg,inference-video-1,inference-video-1
14,images\inference-video-1\frame_00000015.jpg,inference-video-1,inference-video-1
15,images\inference-video-1\frame_00000016.jpg,inference-video-1,inference-video-1
16,images\inference-video-1\frame_00000017.jpg,inference-video-1,inference-video-1
17,images\inference-video-1\frame_00000018.jpg,inference-video-1,inference-video-1
18,images\inference-video-1\frame_00000019.jpg,inference-video-1,inference-video-1
19,images\inference-video-1\frame_00000020.jpg,inference-video-1,inference-video-1
20,images\inference-video-1\frame_00000021.jpg,inference-video-1,inference-video-1
21,images\inference-video-1\frame_00000022.jpg,inference-video-1,inference-video-1
22,images\inference-video-1\frame_00000023.jpg,inference-video-1,inference-video-1
23,images\inference-video-1\frame_00000024.jpg,inference-video-1,inference-video-1
24,images\inference-video-1\frame_00000025.jpg,inference-video-1,inference-video-1
25,images\inference-video-1\frame_00000026.jpg,inference-video-1,inference-video-1
26,images\inference-video-1\frame_00000027.jpg,inference-video-1,inference-video-1
27,images\inference-video-1\frame_00000028.jpg,inference-video-1,inference-video-1
28,images\inference-video-1\frame_00000029.jpg,inference-video-1,inference-video-1
29,images\inference-video-1\frame_00000030.jpg,inference-video-1,inference-video-1
30,images\inference-video-1\frame_00000031.jpg,inference-video-1,inference-video-1
31,images\inference-video-1\frame_00000032.jpg,inference-video-1,inference-video-1
32,images\inference-video-1\frame_00000033.jpg,inference-video-1,inference-video-1
33,images\inference-video-1\frame_00000034.jpg,inference-video-1,inference-video-1
34,images\inference-video-1\frame_00000035.jpg,inference-video-1,inference-video-1
35,images\inference-video-1\frame_00000036.jpg,inference-video-1,inference-video-1
36,images\inference-video-1\frame_00000037.jpg,inference-video-1,inference-video-1
37,images\inference-video-1\frame_00000038.jpg,inference-video-1,inference-video-1
38,images\inference-video-1\frame_00000039.jpg,inference-video-1,inference-video-1
39,images\inference-video-1\frame_00000040.jpg,inference-video-1,inference-video-1
40,images\inference-video-1\frame_00000041.jpg,inference-video-1,inference-video-1
41,images\inference-video-1\frame_00000042.jpg,inference-video-1,inference-video-1
42,images\inference-video-1\frame_00000043.jpg,inference-video-1,inference-video-1
43,images\inference-video-1\frame_00000044.jpg,inference-video-1,inference-video-1
44,images\inference-video-1\frame_00000045.jpg,inference-video-1,inference-video-1
45,images\inference-video-1\frame_00000046.jpg,inference-video-1,inference-video-1
46,images\inference-video-1\frame_00000047.jpg,inference-video-1,inference-video-1
47,images\inference-video-1\frame_00000048.jpg,inference-video-1,inference-video-1
48,images\inference-video-1\frame_00000049.jpg,inference-video-1,inference-video-1
49,images\inference-video-1\frame_00000050.jpg,inference-video-1,inference-video-1
50,images\inference-video-1\frame_00000051.jpg,inference-video-1,inference-video-1
51,images\inference-video-1\frame_00000052.jpg,inference-video-1,inference-video-1
52,images\inference-video-1\frame_00000053.jpg,inference-video-1,inference-video-1
53,images\inference-video-1\frame_00000054.jpg,inference-video-1,inference-video-1
54,images\inference-video-1\frame_00000055.jpg,inference-video-1,inference-video-1
55,images\inference-video-1\frame_00000056.jpg,inference-video-1,inference-video-1
56,images\inference-video-1\frame_00000057.jpg,inference-video-1,inference-video-1
57,images\inference-video-1\frame_00000058.jpg,inference-video-1,inference-video-1
58,images\inference-video-1\frame_00000059.jpg,inference-video-1,inference-video-1
59,images\inference-video-1\frame_00000060.jpg,inference-video-1,inference-video-1
60,images\inference-video-1\frame_00000061.jpg,inference-video-1,inference-video-1
61,images\inference-video-1\frame_00000062.jpg,inference-video-1,inference-video-1
62,images\inference-video-1\frame_00000063.jpg,inference-video-1,inference-video-1
63,images\inference-video-1\frame_00000064.jpg,inference-video-1,inference-video-1
64,images\inference-video-1\frame_00000065.jpg,inference-video-1,inference-video-1
65,images\inference-video-1\frame_00000066.jpg,inference-video-1,inference-video-1
66,images\inference-video-1\frame_00000067.jpg,inference-video-1,inference-video-1
67,images\inference-video-1\frame_00000068.jpg,inference-video-1,inference-video-1
68,images\inference-video-1\frame_00000069.jpg,inference-video-1,inference-video-1
69,images\inference-video-1\frame_00000070.jpg,inference-video-1,inference-video-1
70,images\inference-video-1\frame_00000071.jpg,inference-video-1,inference-video-1
71,images\inference-video-1\frame_00000072.jpg,inference-video-1,inference-video-1
72,images\inference-video-1\frame_00000073.jpg,inference-video-1,inference-video-1
73,images\inference-video-1\frame_00000074.jpg,inference-video-1,inference-video-1
74,images\inference-video-1\frame_00000075.jpg,inference-video-1,inference-video-1
75,images\inference-video-1\frame_00000076.jpg,inference-video-1,inference-video-1
76,images\inference-video-1\frame_00000077.jpg,inference-video-1,inference-video-1
77,images\inference-video-1\frame_00000078.jpg,inference-video-1,inference-video-1
78,images\inference-video-1\frame_00000079.jpg,inference-video-1,inference-video-1
79,images\inference-video-1\frame_00000080.jpg,inference-video-1,inference-video-1
80,images\inference-video-1\frame_00000081.jpg,inference-video-1,inference-video-1
81,images\inference-video-1\frame_00000082.jpg,inference-video-1,inference-video-1
82,images\inference-video-1\frame_00000083.jpg,inference-video-1,inference-video-1
83,images\inference-video-1\frame_00000084.jpg,inference-video-1,inference-video-1
84,images\inference-video-1\frame_00000085.jpg,inference-video-1,inference-video-1
85,images\inference-video-1\frame_00000086.jpg,inference-video-1,inference-video-1
86,images\inference-video-1\frame_00000087.jpg,inference-video-1,inference-video-1
87,images\inference-video-1\frame_00000088.jpg,inference-video-1,inference-video-1
88,images\inference-video-1\frame_00000089.jpg,inference-video-1,inference-video-1
89,images\inference-video-1\frame_00000090.jpg,inference-video-1,inference-video-1
90,images\inference-video-1\frame_00000091.jpg,inference-video-1,inference-video-1
91,images\inference-video-1\frame_00000092.jpg,inference-video-1,inference-video-1
92,images\inference-video-1\frame_00000093.jpg,inference-video-1,inference-video-1
93,images\inference-video-1\frame_00000094.jpg,inference-video-1,inference-video-1
94,images\inference-video-1\frame_00000095.jpg,inference-video-1,inference-video-1
95,images\inference-video-1\frame_00000096.jpg,inference-video-1,inference-video-1
96,images\inference-video-1\frame_00000097.jpg,inference-video-1,inference-video-1
97,images\inference-video-1\frame_00000098.jpg,inference-video-1,inference-video-1
98,images\inference-video-1\frame_00000099.jpg,inference-video-1,inference-video-1
99,images\inference-video-1\frame_00000100.jpg,inference-video-1,inference-video-1
100,images\inference-video-1\frame_00000101.jpg,inference-video-1,inference-video-1
101,images\inference-video-1\frame_00000102.jpg,inference-video-1,inference-video-1
102,images\inference-video-1\frame_00000103.jpg,inference-video-1,inference-video-1
103,images\inference-video-1\frame_00000104.jpg,inference-video-1,inference-video-1
104,images\inference-video-1\frame_00000105.jpg,inference-video-1,inference-video-1
105,images\inference-video-1\frame_00000106.jpg,inference-video-1,inference-video-1
106,images\inference-video-1\frame_00000107.jpg,inference-video-1,inference-video-1
107,images\inference-video-1\frame_00000108.jpg,inference-video-1,inference-video-1
108,images\inference-video-1\frame_00000109.jpg,inference-video-1,inference-video-1
109,images\inference-video-1\frame_00000110.jpg,inference-video-1,inference-video-1
110,images\inference-video-1\frame_00000111.jpg,inference-video-1,inference-video-1
111,images\inference-video-1\frame_00000112.jpg,inference-video-1,inference-video-1
112,images\inference-video-1\frame_00000113.jpg,inference-video-1,inference-video-1
113,images\inference-video-1\frame_00000114.jpg,inference-video-1,inference-video-1
114,images\inference-video-1\frame_00000115.jpg,inference-video-1,inference-video-1
115,images\inference-video-1\frame_00000116.jpg,inference-video-1,inference-video-1
116,images\inference-video-1\frame_00000117.jpg,inference-video-1,inference-video-1
117,images\inference-video-1\frame_00000118.jpg,inference-video-1,inference-video-1
118,images\inference-video-1\frame_00000119.jpg,inference-video-1,inference-video-1
119,images\inference-video-1\frame_00000120.jpg,inference-video-1,inference-video-1
120,images\inference-video-1\frame_00000121.jpg,inference-video-1,inference-video-1
121,images\inference-video-1\frame_00000122.jpg,inference-video-1,inference-video-1
122,images\inference-video-1\frame_00000123.jpg,inference-video-1,inference-video-1
123,images\inference-video-1\frame_00000124.jpg,inference-video-1,inference-video-1
124,images\inference-video-1\frame_00000125.jpg,inference-video-1,inference-video-1
125,images\inference-video-1\frame_00000126.jpg,inference-video-1,inference-video-1
126,images\inference-video-1\frame_00000127.jpg,inference-video-1,inference-video-1
127,images\inference-video-1\frame_00000128.jpg,inference-video-1,inference-video-1
128,images\inference-video-1\frame_00000129.jpg,inference-video-1,inference-video-1
129,images\inference-video-1\frame_00000130.jpg,inference-video-1,inference-video-1
130,images\inference-video-1\frame_00000131.jpg,inference-video-1,inference-video-1
131,images\inference-video-1\frame_00000132.jpg,inference-video-1,inference-video-1
132,images\inference-video-1\frame_00000133.jpg,inference-video-1,inference-video-1
133,images\inference-video-1\frame_00000134.jpg,inference-video-1,inference-video-1
134,images\inference-video-1\frame_00000135.jpg,inference-video-1,inference-video-1
135,images\inference-video-1\frame_00000136.jpg,inference-video-1,inference-video-1
136,images\inference-video-1\frame_00000137.jpg,inference-video-1,inference-video-1
137,images\inference-video-1\frame_00000138.jpg,inference-video-1,inference-video-1
138,images\inference-video-1\frame_00000139.jpg,inference-video-1,inference-video-1
139,images\inference-video-1\frame_00000140.jpg,inference-video-1,inference-video-1
140,images\inference-video-1\frame_00000141.jpg,inference-video-1,inference-video-1
141,images\inference-video-1\frame_00000142.jpg,inference-video-1,inference-video-1
142,images\inference-video-1\frame_00000143.jpg,inference-video-1,inference-video-1
143,images\inference-video-1\frame_00000144.jpg,inference-video-1,inference-video-1
144,images\inference-video-1\frame_00000145.jpg,inference-video-1,inference-video-1
145,images\inference-video-1\frame_00000146.jpg,inference-video-1,inference-video-1
146,images\inference-video-1\frame_00000147.jpg,inference-video-1,inference-video-1
147,images\inference-video-1\frame_00000148.jpg,inference-video-1,inference-video-1
148,images\inference-video-1\frame_00000149.jpg,inference-video-1,inference-video-1
149,images\inference-video-1\frame_00000150.jpg,inference-video-1,inference-video-1
150,images\inference-video-1\frame_00000151.jpg,inference-video-1,inference-video-1
151,images\inference-video-1\frame_00000152.jpg,inference-video-1,inference-video-1
152,images\inference-video-1\frame_00000153.jpg,inference-video-1,inference-video-1
153,images\inference-video-1\frame_00000154.jpg,inference-video-1,inference-video-1
154,images\inference-video-1\frame_00000155.jpg,inference-video-1,inference-video-1
155,images\inference-video-1\frame_00000156.jpg,inference-video-1,inference-video-1
156,images\inference-video-1\frame_00000157.jpg,inference-video-1,inference-video-1
157,images\inference-video-1\frame_00000158.jpg,inference-video-1,inference-video-1
158,images\inference-video-1\frame_00000159.jpg,inference-video-1,inference-video-1
159,images\inference-video-1\frame_00000160.jpg,inference-video-1,inference-video-1
160,images\inference-video-1\frame_00000161.jpg,inference-video-1,inference-video-1
161,images\inference-video-1\frame_00000162.jpg,inference-video-1,inference-video-1
162,images\inference-video-1\frame_00000163.jpg,inference-video-1,inference-video-1
163,images\inference-video-1\frame_00000164.jpg,inference-video-1,inference-video-1
164,images\inference-video-1\frame_00000165.jpg,inference-video-1,inference-video-1
165,images\inference-video-1\frame_00000166.jpg,inference-video-1,inference-video-1
166,images\inference-video-1\frame_00000167.jpg,inference-video-1,inference-video-1
167,images\inference-video-1\frame_00000168.jpg,inference-video-1,inference-video-1
168,images\inference-video-1\frame_00000169.jpg,inference-video-1,inference-video-1
169,images\inference-video-1\frame_00000170.jpg,inference-video-1,inference-video-1
170,images\inference-video-1\frame_00000171.jpg,inference-video-1,inference-video-1
171,images\inference-video-1\frame_00000172.jpg,inference-video-1,inference-video-1
172,images\inference-video-1\frame_00000173.jpg,inference-video-1,inference-video-1
173,images\inference-video-1\frame_00000174.jpg,inference-video-1,inference-video-1
174,images\inference-video-1\frame_00000175.jpg,inference-video-1,inference-video-1
175,images\inference-video-1\frame_00000176.jpg,inference-video-1,inference-video-1
176,images\inference-video-1\frame_00000177.jpg,inference-video-1,inference-video-1
177,images\inference-video-1\frame_00000178.jpg,inference-video-1,inference-video-1
178,images\inference-video-1\frame_00000179.jpg,inference-video-1,inference-video-1
179,images\inference-video-1\frame_00000180.jpg,inference-video-1,inference-video-1
180,images\inference-video-1\frame_00000181.jpg,inference-video-1,inference-video-1
181,images\inference-video-1\frame_00000182.jpg,inference-video-1,inference-video-1
182,images\inference-video-1\frame_00000183.jpg,inference-video-1,inference-video-1
183,images\inference-video-1\frame_00000184.jpg,inference-video-1,inference-video-1
184,images\inference-video-1\frame_00000185.jpg,inference-video-1,inference-video-1
185,images\inference-video-1\frame_00000186.jpg,inference-video-1,inference-video-1
186,images\inference-video-1\frame_00000187.jpg,inference-video-1,inference-video-1
187,images\inference-video-1\frame_00000188.jpg,inference-video-1,inference-video-1
188,images\inference-video-1\frame_00000189.jpg,inference-video-1,inference-video-1
189,images\inference-video-1\frame_00000190.jpg,inference-video-1,inference-video-1
190,images\inference-video-1\frame_00000191.jpg,inference-video-1,inference-video-1
191,images\inference-video-1\frame_00000192.jpg,inference-video-1,inference-video-1
192,images\inference-video-1\frame_00000193.jpg,inference-video-1,inference-video-1
193,images\inference-video-1\frame_00000194.jpg,inference-video-1,inference-video-1
194,images\inference-video-1\frame_00000195.jpg,inference-video-1,inference-video-1
195,images\inference-video-1\frame_00000196.jpg,inference-video-1,inference-video-1
196,images\inference-video-1\frame_00000197.jpg,inference-video-1,inference-video-1
197,images\inference-video-1\frame_00000198.jpg,inference-video-1,inference-video-1
198,images\inference-video-1\frame_00000199.jpg,inference-video-1,inference-video-1
199,images\inference-video-1\frame_00000200.jpg,inference-video-1,inference-video-1
200,images\inference-video-1\frame_00000201.jpg,inference-video-1,inference-video-1
201,images\inference-video-1\frame_00000202.jpg,inference-video-1,inference-video-1
202,images\inference-video-1\frame_00000203.jpg,inference-video-1,inference-video-1
203,images\inference-video-1\frame_00000204.jpg,inference-video-1,inference-video-1
204,images\inference-video-1\frame_00000205.jpg,inference-video-1,inference-video-1
205,images\inference-video-1\frame_00000206.jpg,inference-video-1,inference-video-1
206,images\inference-video-1\frame_00000207.jpg,inference-video-1,inference-video-1
207,images\inference-video-1\frame_00000208.jpg,inference-video-1,inference-video-1
208,images\inference-video-1\frame_00000209.jpg,inference-video-1,inference-video-1
209,images\inference-video-1\frame_00000210.jpg,inference-video-1,inference-video-1
210,images\inference-video-1\frame_00000211.jpg,inference-video-1,inference-video-1
211,images\inference-video-1\frame_00000212.jpg,inference-video-1,inference-video-1
212,images\inference-video-1\frame_00000213.jpg,inference-video-1,inference-video-1
213,images\inference-video-1\frame_00000214.jpg,inference-video-1,inference-video-1
214,images\inference-video-1\frame_00000215.jpg,inference-video-1,inference-video-1
215,images\inference-video-1\frame_00000216.jpg,inference-video-1,inference-video-1
216,images\inference-video-1\frame_00000217.jpg,inference-video-1,inference-video-1
217,images\inference-video-1\frame_00000218.jpg,inference-video-1,inference-video-1
218,images\inference-video-1\frame_00000219.jpg,inference-video-1,inference-video-1
219,images\inference-video-1\frame_00000220.jpg,inference-video-1,inference-video-1
220,images\inference-video-1\frame_00000221.jpg,inference-video-1,inference-video-1
221,images\inference-video-1\frame_00000222.jpg,inference-video-1,inference-video-1
222,images\inference-video-1\frame_00000223.jpg,inference-video-1,inference-video-1
223,images\inference-video-1\frame_00000224.jpg,inference-video-1,inference-video-1
224,images\inference-video-1\frame_00000225.jpg,inference-video-1,inference-video-1
225,images\inference-video-1\frame_00000226.jpg,inference-video-1,inference-video-1
226,images\inference-video-1\frame_00000227.jpg,inference-video-1,inference-video-1
227,images\inference-video-1\frame_00000228.jpg,inference-video-1,inference-video-1
228,images\inference-video-1\frame_00000229.jpg,inference-video-1,inference-video-1
229,images\inference-video-1\frame_00000230.jpg,inference-video-1,inference-video-1
230,images\inference-video-1\frame_00000231.jpg,inference-video-1,inference-video-1
231,images\inference-video-1\frame_00000232.jpg,inference-video-1,inference-video-1
232,images\inference-video-1\frame_00000233.jpg,inference-video-1,inference-video-1
233,images\inference-video-1\frame_00000234.jpg,inference-video-1,inference-video-1
234,images\inference-video-1\frame_00000235.jpg,inference-video-1,inference-video-1
235,images\inference-video-1\frame_00000236.jpg,inference-video-1,inference-video-1
236,images\inference-video-1\frame_00000237.jpg,inference-video-1,inference-video-1
237,images\inference-video-1\frame_00000238.jpg,inference-video-1,inference-video-1
238,images\inference-video-1\frame_00000239.jpg,inference-video-1,inference-video-1
239,images\inference-video-1\frame_00000240.jpg,inference-video-1,inference-video-1
240,images\inference-video-1\frame_00000241.jpg,inference-video-1,inference-video-1
241,images\inference-video-1\frame_00000242.jpg,inference-video-1,inference-video-1
242,images\inference-video-1\frame_00000243.jpg,inference-video-1,inference-video-1
243,images\inference-video-1\frame_00000244.jpg,inference-video-1,inference-video-1
244,images\inference-video-1\frame_00000245.jpg,inference-video-1,inference-video-1
245,images\inference-video-1\frame_00000246.jpg,inference-video-1,inference-video-1
246,images\inference-video-1\frame_00000247.jpg,inference-video-1,inference-video-1
247,images\inference-video-1\frame_00000248.jpg,inference-video-1,inference-video-1
248,images\inference-video-1\frame_00000249.jpg,inference-video-1,inference-video-1
249,images\inference-video-1\frame_00000250.jpg,inference-video-1,inference-video-1
250,images\inference-video-1\frame_00000251.jpg,inference-video-1,inference-video-1
251,images\inference-video-1\frame_00000252.jpg,inference-video-1,inference-video-1
252,images\inference-video-1\frame_00000253.jpg,inference-video-1,inference-video-1
253,images\inference-video-1\frame_00000254.jpg,inference-video-1,inference-video-1
254,images\inference-video-1\frame_00000255.jpg,inference-video-1,inference-video-1
255,images\inference-video-1\frame_00000256.jpg,inference-video-1,inference-video-1
256,images\inference-video-1\frame_00000257.jpg,inference-video-1,inference-video-1
257,images\inference-video-1\frame_00000258.jpg,inference-video-1,inference-video-1
258,images\inference-video-1\frame_00000259.jpg,inference-video-1,inference-video-1
259,images\inference-video-1\frame_00000260.jpg,inference-video-1,inference-video-1
260,images\inference-video-1\frame_00000261.jpg,inference-video-1,inference-video-1
261,images\inference-video-1\frame_00000262.jpg,inference-video-1,inference-video-1
262,images\inference-video-1\frame_00000263.jpg,inference-video-1,inference-video-1
263,images\inference-video-1\frame_00000264.jpg,inference-video-1,inference-video-1
264,images\inference-video-1\frame_00000265.jpg,inference-video-1,inference-video-1
265,images\inference-video-1\frame_00000266.jpg,inference-video-1,inference-video-1
266,images\inference-video-1\frame_00000267.jpg,inference-video-1,inference-video-1
267,images\inference-video-1\frame_00000268.jpg,inference-video-1,inference-video-1
268,images\inference-video-1\frame_00000269.jpg,inference-video-1,inference-video-1
269,images\inference-video-1\frame_00000270.jpg,inference-video-1,inference-video-1
270,images\inference-video-1\frame_00000271.jpg,inference-video-1,inference-video-1
271,images\inference-video-1\frame_00000272.jpg,inference-video-1,inference-video-1
272,images\inference-video-1\frame_00000273.jpg,inference-video-1,inference-video-1
273,images\inference-video-1\frame_00000274.jpg,inference-video-1,inference-video-1
274,images\inference-video-1\frame_00000275.jpg,inference-video-1,inference-video-1
275,images\inference-video-1\frame_00000276.jpg,inference-video-1,inference-video-1
276,images\inference-video-1\frame_00000277.jpg,inference-video-1,inference-video-1
277,images\inference-video-1\frame_00000278.jpg,inference-video-1,inference-video-1
278,images\inference-video-1\frame_00000279.jpg,inference-video-1,inference-video-1
279,images\inference-video-1\frame_00000280.jpg,inference-video-1,inference-video-1
280,images\inference-video-1\frame_00000281.jpg,inference-video-1,inference-video-1
281,images\inference-video-1\frame_00000282.jpg,inference-video-1,inference-video-1
282,images\inference-video-1\frame_00000283.jpg,inference-video-1,inference-video-1
283,images\inference-video-1\frame_00000284.jpg,inference-video-1,inference-video-1
284,images\inference-video-1\frame_00000285.jpg,inference-video-1,inference-video-1
285,images\inference-video-1\frame_00000286.jpg,inference-video-1,inference-video-1
286,images\inference-video-1\frame_00000287.jpg,inference-video-1,inference-video-1
287,images\inference-video-1\frame_00000288.jpg,inference-video-1,inference-video-1
288,images\inference-video-1\frame_00000289.jpg,inference-video-1,inference-video-1
289,images\inference-video-1\frame_00000290.jpg,inference-video-1,inference-video-1
290,images\inference-video-1\frame_00000291.jpg,inference-video-1,inference-video-1
291,images\inference-video-1\frame_00000292.jpg,inference-video-1,inference-video-1
292,images\inference-video-1\frame_00000293.jpg,inference-video-1,inference-video-1
293,images\inference-video-1\frame_00000294.jpg,inference-video-1,inference-video-1
294,images\inference-video-1\frame_00000295.jpg,inference-video-1,inference-video-1
295,images\inference-video-1\frame_00000296.jpg,inference-video-1,inference-video-1
296,images\inference-video-1\frame_00000297.jpg,inference-video-1,inference-video-1
297,images\inference-video-1\frame_00000298.jpg,inference-video-1,inference-video-1
298,images\inference-video-1\frame_00000299.jpg,inference-video-1,inference-video-1
299,images\inference-video-1\frame_00000300.jpg,inference-video-1,inference-video-1
300,images\inference-video-1\frame_00000301.jpg,inference-video-1,inference-video-1
301,images\inference-video-1\frame_00000302.jpg,inference-video-1,inference-video-1
302,images\inference-video-1\frame_00000303.jpg,inference-video-1,inference-video-1
303,images\inference-video-1\frame_00000304.jpg,inference-video-1,inference-video-1
304,images\inference-video-1\frame_00000305.jpg,inference-video-1,inference-video-1
305,images\inference-video-1\frame_00000306.jpg,inference-video-1,inference-video-1
306,images\inference-video-1\frame_00000307.jpg,inference-video-1,inference-video-1
307,images\inference-video-1\frame_00000308.jpg,inference-video-1,inference-video-1
308,images\inference-video-1\frame_00000309.jpg,inference-video-1,inference-video-1
309,images\inference-video-1\frame_00000310.jpg,inference-video-1,inference-video-1
310,images\inference-video-1\frame_00000311.jpg,inference-video-1,inference-video-1
311,images\inference-video-1\frame_00000312.jpg,inference-video-1,inference-video-1
312,images\inference-video-1\frame_00000313.jpg,inference-video-1,inference-video-1
313,images\inference-video-1\frame_00000314.jpg,inference-video-1,inference-video-1
314,images\inference-video-1\frame_00000315.jpg,inference-video-1,inference-video-1
315,images\inference-video-1\frame_00000316.jpg,inference-video-1,inference-video-1
316,images\inference-video-1\frame_00000317.jpg,inference-video-1,inference-video-1
317,images\inference-video-1\frame_00000318.jpg,inference-video-1,inference-video-1
318,images\inference-video-1\frame_00000319.jpg,inference-video-1,inference-video-1
319,images\inference-video-1\frame_00000320.jpg,inference-video-1,inference-video-1
320,images\inference-video-1\frame_00000321.jpg,inference-video-1,inference-video-1
321,images\inference-video-1\frame_00000322.jpg,inference-video-1,inference-video-1
322,images\inference-video-1\frame_00000323.jpg,inference-video-1,inference-video-1
323,images\inference-video-1\frame_00000324.jpg,inference-video-1,inference-video-1
324,images\inference-video-1\frame_00000325.jpg,inference-video-1,inference-video-1
325,images\inference-video-1\frame_00000326.jpg,inference-video-1,inference-video-1
326,images\inference-video-1\frame_00000327.jpg,inference-video-1,inference-video-1
327,images\inference-video-1\frame_00000328.jpg,inference-video-1,inference-video-1
328,images\inference-video-1\frame_00000329.jpg,inference-video-1,inference-video-1
329,images\inference-video-1\frame_00000330.jpg,inference-video-1,inference-video-1
330,images\inference-video-1\frame_00000331.jpg,inference-video-1,inference-video-1
331,images\inference-video-1\frame_00000332.jpg,inference-video-1,inference-video-1
332,images\inference-video-1\frame_00000333.jpg,inference-video-1,inference-video-1
333,images\inference-video-1\frame_00000334.jpg,inference-video-1,inference-video-1
334,images\inference-video-1\frame_00000335.jpg,inference-video-1,inference-video-1
335,images\inference-video-1\frame_00000336.jpg,inference-video-1,inference-video-1
336,images\inference-video-1\frame_00000337.jpg,inference-video-1,inference-video-1
337,images\inference-video-1\frame_00000338.jpg,inference-video-1,inference-video-1
338,images\inference-video-1\frame_00000339.jpg,inference-video-1,inference-video-1
339,images\inference-video-1\frame_00000340.jpg,inference-video-1,inference-video-1
340,images\inference-video-1\frame_00000341.jpg,inference-video-1,inference-video-1
341,images\inference-video-1\frame_00000342.jpg,inference-video-1,inference-video-1
342,images\inference-video-1\frame_00000343.jpg,inference-video-1,inference-video-1
343,images\inference-video-1\frame_00000344.jpg,inference-video-1,inference-video-1
344,images\inference-video-1\frame_00000345.jpg,inference-video-1,inference-video-1
345,images\inference-video-1\frame_00000346.jpg,inference-video-1,inference-video-1
346,images\inference-video-1\frame_00000347.jpg,inference-video-1,inference-video-1
347,images\inference-video-1\frame_00000348.jpg,inference-video-1,inference-video-1
348,images\inference-video-1\frame_00000349.jpg,inference-video-1,inference-video-1
349,images\inference-video-1\frame_00000350.jpg,inference-video-1,inference-video-1
350,images\inference-video-1\frame_00000351.jpg,inference-video-1,inference-video-1
351,images\inference-video-1\frame_00000352.jpg,inference-video-1,inference-video-1
352,images\inference-video-1\frame_00000353.jpg,inference-video-1,inference-video-1
353,images\inference-video-1\frame_00000354.jpg,inference-video-1,inference-video-1
354,images\inference-video-1\frame_00000355.jpg,inference-video-1,inference-video-1
355,images\inference-video-1\frame_00000356.jpg,inference-video-1,inference-video-1
356,images\inference-video-1\frame_00000357.jpg,inference-video-1,inference-video-1
357,images\inference-video-1\frame_00000358.jpg,inference-video-1,inference-video-1
358,images\inference-video-1\frame_00000359.jpg,inference-video-1,inference-video-1
359,images\inference-video-1\frame_00000360.jpg,inference-video-1,inference-video-1
360,images\inference-video-1\frame_00000361.jpg,inference-video-1,inference-video-1
361,images\inference-video-1\frame_00000362.jpg,inference-video-1,inference-video-1
362,images\inference-video-1\frame_00000363.jpg,inference-video-1,inference-video-1
363,images\inference-video-1\frame_00000364.jpg,inference-video-1,inference-video-1
364,images\inference-video-1\frame_00000365.jpg,inference-video-1,inference-video-1
365,images\inference-video-1\frame_00000366.jpg,inference-video-1,inference-video-1
366,images\inference-video-1\frame_00000367.jpg,inference-video-1,inference-video-1
367,images\inference-video-1\frame_00000368.jpg,inference-video-1,inference-video-1
368,images\inference-video-1\frame_00000369.jpg,inference-video-1,inference-video-1
369,images\inference-video-1\frame_00000370.jpg,inference-video-1,inference-video-1
370,images\inference-video-1\frame_00000371.jpg,inference-video-1,inference-video-1
371,images\inference-video-1\frame_00000372.jpg,inference-video-1,inference-video-1
372,images\inference-video-1\frame_00000373.jpg,inference-video-1,inference-video-1
373,images\inference-video-1\frame_00000374.jpg,inference-video-1,inference-video-1
374,images\inference-video-1\frame_00000375.jpg,inference-video-1,inference-video-1
375,images\inference-video-1\frame_00000376.jpg,inference-video-1,inference-video-1
376,images\inference-video-1\frame_00000377.jpg,inference-video-1,inference-video-1
377,images\inference-video-1\frame_00000378.jpg,inference-video-1,inference-video-1
378,images\inference-video-1\frame_00000379.jpg,inference-video-1,inference-video-1
379,images\inference-video-1\frame_00000380.jpg,inference-video-1,inference-video-1
380,images\inference-video-1\frame_00000381.jpg,inference-video-1,inference-video-1
381,images\inference-video-1\frame_00000382.jpg,inference-video-1,inference-video-1
382,images\inference-video-1\frame_00000383.jpg,inference-video-1,inference-video-1
383,images\inference-video-1\frame_00000384.jpg,inference-video-1,inference-video-1
384,images\inference-video-1\frame_00000385.jpg,inference-video-1,inference-video-1
385,images\inference-video-1\frame_00000386.jpg,inference-video-1,inference-video-1
386,images\inference-video-1\frame_00000387.jpg,inference-video-1,inference-video-1
387,images\inference-video-1\frame_00000388.jpg,inference-video-1,inference-video-1
388,images\inference-video-1\frame_00000389.jpg,inference-video-1,inference-video-1
389,images\inference-video-1\frame_00000390.jpg,inference-video-1,inference-video-1
390,images\inference-video-1\frame_00000391.jpg,inference-video-1,inference-video-1
391,images\inference-video-1\frame_00000392.jpg,inference-video-1,inference-video-1
392,images\inference-video-1\frame_00000393.jpg,inference-video-1,inference-video-1
393,images\inference-video-1\frame_00000394.jpg,inference-video-1,inference-video-1
394,images\inference-video-1\frame_00000395.jpg,inference-video-1,inference-video-1
395,images\inference-video-1\frame_00000396.jpg,inference-video-1,inference-video-1
396,images\inference-video-1\frame_00000397.jpg,inference-video-1,inference-video-1
397,images\inference-video-1\frame_00000398.jpg,inference-video-1,inference-video-1
398,images\inference-video-1\frame_00000399.jpg,inference-video-1,inference-video-1
399,images\inference-video-1\frame_00000400.jpg,inference-video-1,inference-video-1
400,images\inference-video-1\frame_00000401.jpg,inference-video-1,inference-video-1
401,images\inference-video-1\frame_00000402.jpg,inference-video-1,inference-video-1
402,images\inference-video-1\frame_00000403.jpg,inference-video-1,inference-video-1
403,images\inference-video-1\frame_00000404.jpg,inference-video-1,inference-video-1
404,images\inference-video-1\frame_00000405.jpg,inference-video-1,inference-video-1
405,images\inference-video-1\frame_00000406.jpg,inference-video-1,inference-video-1
406,images\inference-video-1\frame_00000407.jpg,inference-video-1,inference-video-1
407,images\inference-video-1\frame_00000408.jpg,inference-video-1,inference-video-1
408,images\inference-video-1\frame_00000409.jpg,inference-video-1,inference-video-1
409,images\inference-video-1\frame_00000410.jpg,inference-video-1,inference-video-1
410,images\inference-video-1\frame_00000411.jpg,inference-video-1,inference-video-1
411,images\inference-video-1\frame_00000412.jpg,inference-video-1,inference-video-1
412,images\inference-video-1\frame_00000413.jpg,inference-video-1,inference-video-1
413,images\inference-video-1\frame_00000414.jpg,inference-video-1,inference-video-1
414,images\inference-video-1\frame_00000415.jpg,inference-video-1,inference-video-1
415,images\inference-video-1\frame_00000416.jpg,inference-video-1,inference-video-1
416,images\inference-video-1\frame_00000417.jpg,inference-video-1,inference-video-1
417,images\inference-video-1\frame_00000418.jpg,inference-video-1,inference-video-1
418,images\inference-video-1\frame_00000419.jpg,inference-video-1,inference-video-1
419,images\inference-video-1\frame_00000420.jpg,inference-video-1,inference-video-1
420,images\inference-video-1\frame_00000421.jpg,inference-video-1,inference-video-1
421,images\inference-video-1\frame_00000422.jpg,inference-video-1,inference-video-1
422,images\inference-video-1\frame_00000423.jpg,inference-video-1,inference-video-1
423,images\inference-video-1\frame_00000424.jpg,inference-video-1,inference-video-1
424,images\inference-video-1\frame_00000425.jpg,inference-video-1,inference-video-1
425,images\inference-video-1\frame_00000426.jpg,inference-video-1,inference-video-1
426,images\inference-video-1\frame_00000427.jpg,inference-video-1,inference-video-1
427,images\inference-video-1\frame_00000428.jpg,inference-video-1,inference-video-1
428,images\inference-video-1\frame_00000429.jpg,inference-video-1,inference-video-1
429,images\inference-video-1\frame_00000430.jpg,inference-video-1,inference-video-1
430,images\inference-video-1\frame_00000431.jpg,inference-video-1,inference-video-1
431,images\inference-video-1\frame_00000432.jpg,inference-video-1,inference-video-1
432,images\inference-video-1\frame_00000433.jpg,inference-video-1,inference-video-1
433,images\inference-video-1\frame_00000434.jpg,inference-video-1,inference-video-1
434,images\inference-video-1\frame_00000435.jpg,inference-video-1,inference-video-1
435,images\inference-video-1\frame_00000436.jpg,inference-video-1,inference-video-1
436,images\inference-video-1\frame_00000437.jpg,inference-video-1,inference-video-1
437,images\inference-video-1\frame_00000438.jpg,inference-video-1,inference-video-1
438,images\inference-video-1\frame_00000439.jpg,inference-video-1,inference-video-1
439,images\inference-video-1\frame_00000440.jpg,inference-video-1,inference-video-1
440,images\inference-video-1\frame_00000441.jpg,inference-video-1,inference-video-1
441,images\inference-video-1\frame_00000442.jpg,inference-video-1,inference-video-1
442,images\inference-video-1\frame_00000443.jpg,inference-video-1,inference-video-1
443,images\inference-video-1\frame_00000444.jpg,inference-video-1,inference-video-1
444,images\inference-video-1\frame_00000445.jpg,inference-video-1,inference-video-1
445,images\inference-video-1\frame_00000446.jpg,inference-video-1,inference-video-1
446,images\inference-video-1\frame_00000447.jpg,inference-video-1,inference-video-1
447,images\inference-video-1\frame_00000448.jpg,inference-video-1,inference-video-1
448,images\inference-video-1\frame_00000449.jpg,inference-video-1,inference-video-1
449,images\inference-video-1\frame_00000450.jpg,inference-video-1,inference-video-1
450,images\inference-video-1\frame_00000451.jpg,inference-video-1,inference-video-1
451,images\inference-video-1\frame_00000452.jpg,inference-video-1,inference-video-1
452,images\inference-video-1\frame_00000453.jpg,inference-video-1,inference-video-1
453,images\inference-video-1\frame_00000454.jpg,inference-video-1,inference-video-1
454,images\inference-video-1\frame_00000455.jpg,inference-video-1,inference-video-1
455,images\inference-video-1\frame_00000456.jpg,inference-video-1,inference-video-1
456,images\inference-video-1\frame_00000457.jpg,inference-video-1,inference-video-1
457,images\inference-video-1\frame_00000458.jpg,inference-video-1,inference-video-1
458,images\inference-video-1\frame_00000459.jpg,inference-video-1,inference-video-1
459,images\inference-video-1\frame_00000460.jpg,inference-video-1,inference-video-1
460,images\inference-video-1\frame_00000461.jpg,inference-video-1,inference-video-1
461,images\inference-video-1\frame_00000462.jpg,inference-video-1,inference-video-1
462,images\inference-video-1\frame_00000463.jpg,inference-video-1,inference-video-1
463,images\inference-video-1\frame_00000464.jpg,inference-video-1,inference-video-1
464,images\inference-video-1\frame_00000465.jpg,inference-video-1,inference-video-1
465,images\inference-video-1\frame_00000466.jpg,inference-video-1,inference-video-1
466,images\inference-video-1\frame_00000467.jpg,inference-video-1,inference-video-1
467,images\inference-video-1\frame_00000468.jpg,inference-video-1,inference-video-1
468,images\inference-video-1\frame_00000469.jpg,inference-video-1,inference-video-1
469,images\inference-video-1\frame_00000470.jpg,inference-video-1,inference-video-1
470,images\inference-video-1\frame_00000471.jpg,inference-video-1,inference-video-1
471,images\inference-video-1\frame_00000472.jpg,inference-video-1,inference-video-1
472,images\inference-video-1\frame_00000473.jpg,inference-video-1,inference-video-1
473,images\inference-video-1\frame_00000474.jpg,inference-video-1,inference-video-1
474,images\inference-video-1\frame_00000475.jpg,inference-video-1,inference-video-1
475,images\inference-video-1\frame_00000476.jpg,inference-video-1,inference-video-1
476,images\inference-video-1\frame_00000477.jpg,inference-video-1,inference-video-1
477,images\inference-video-1\frame_00000478.jpg,inference-video-1,inference-video-1
478,images\inference-video-1\frame_00000479.jpg,inference-video-1,inference-video-1
479,images\inference-video-1\frame_00000480.jpg,inference-video-1,inference-video-1
480,images\inference-video-1\frame_00000481.jpg,inference-video-1,inference-video-1
481,images\inference-video-1\frame_00000482.jpg,inference-video-1,inference-video-1
482,images\inference-video-1\frame_00000483.jpg,inference-video-1,inference-video-1
483,images\inference-video-1\frame_00000484.jpg,inference-video-1,inference-video-1
484,images\inference-video-1\frame_00000485.jpg,inference-video-1,inference-video-1
485,images\inference-video-1\frame_00000486.jpg,inference-video-1,inference-video-1
486,images\inference-video-1\frame_00000487.jpg,inference-video-1,inference-video-1
487,images\inference-video-1\frame_00000488.jpg,inference-video-1,inference-video-1
488,images\inference-video-1\frame_00000489.jpg,inference-video-1,inference-video-1
489,images\inference-video-1\frame_00000490.jpg,inference-video-1,inference-video-1
490,images\inference-video-1\frame_00000491.jpg,inference-video-1,inference-video-1
491,images\inference-video-1\frame_00000492.jpg,inference-video-1,inference-video-1
492,images\inference-video-1\frame_00000493.jpg,inference-video-1,inference-video-1
493,images\inference-video-1\frame_00000494.jpg,inference-video-1,inference-video-1
494,images\inference-video-1\frame_00000495.jpg,inference-video-1,inference-video-1
495,images\inference-video-1\frame_00000496.jpg,inference-video-1,inference-video-1
496,images\inference-video-1\frame_00000497.jpg,inference-video-1,inference-video-1
497,images\inference-video-1\frame_00000498.jpg,inference-video-1,inference-video-1
498,images\inference-video-1\frame_00000499.jpg,inference-video-1,inference-video-1
499,images\inference-video-1\frame_00000500.jpg,inference-video-1,inference-video-1
500,images\inference-video-1\frame_00000501.jpg,inference-video-1,inference-video-1
501,images\inference-video-1\frame_00000502.jpg,inference-video-1,inference-video-1
502,images\inference-video-1\frame_00000503.jpg,inference-video-1,inference-video-1
503,images\inference-video-1\frame_00000504.jpg,inference-video-1,inference-video-1
504,images\inference-video-1\frame_00000505.jpg,inference-video-1,inference-video-1
505,images\inference-video-1\frame_00000506.jpg,inference-video-1,inference-video-1
506,images\inference-video-1\frame_00000507.jpg,inference-video-1,inference-video-1
507,images\inference-video-1\frame_00000508.jpg,inference-video-1,inference-video-1
508,images\inference-video-1\frame_00000509.jpg,inference-video-1,inference-video-1
509,images\inference-video-1\frame_00000510.jpg,inference-video-1,inference-video-1
510,images\inference-video-1\frame_00000511.jpg,inference-video-1,inference-video-1
511,images\inference-video-1\frame_00000512.jpg,inference-video-1,inference-video-1
512,images\inference-video-1\frame_00000513.jpg,inference-video-1,inference-video-1
513,images\inference-video-1\frame_00000514.jpg,inference-video-1,inference-video-1
514,images\inference-video-1\frame_00000515.jpg,inference-video-1,inference-video-1
515,images\inference-video-1\frame_00000516.jpg,inference-video-1,inference-video-1
516,images\inference-video-1\frame_00000517.jpg,inference-video-1,inference-video-1
517,images\inference-video-1\frame_00000518.jpg,inference-video-1,inference-video-1
518,images\inference-video-1\frame_00000519.jpg,inference-video-1,inference-video-1
519,images\inference-video-1\frame_00000520.jpg,inference-video-1,inference-video-1
520,images\inference-video-1\frame_00000521.jpg,inference-video-1,inference-video-1
521,images\inference-video-1\frame_00000522.jpg,inference-video-1,inference-video-1
522,images\inference-video-1\frame_00000523.jpg,inference-video-1,inference-video-1
523,images\inference-video-1\frame_00000524.jpg,inference-video-1,inference-video-1
524,images\inference-video-1\frame_00000525.jpg,inference-video-1,inference-video-1
525,images\inference-video-1\frame_00000526.jpg,inference-video-1,inference-video-1
526,images\inference-video-1\frame_00000527.jpg,inference-video-1,inference-video-1
527,images\inference-video-1\frame_00000528.jpg,inference-video-1,inference-video-1
528,images\inference-video-1\frame_00000529.jpg,inference-video-1,inference-video-1
529,images\inference-video-1\frame_00000530.jpg,inference-video-1,inference-video-1
530,images\inference-video-1\frame_00000531.jpg,inference-video-1,inference-video-1
531,images\inference-video-1\frame_00000532.jpg,inference-video-1,inference-video-1
532,images\inference-video-1\frame_00000533.jpg,inference-video-1,inference-video-1
533,images\inference-video-1\frame_00000534.jpg,inference-video-1,inference-video-1
534,images\inference-video-1\frame_00000535.jpg,inference-video-1,inference-video-1
535,images\inference-video-1\frame_00000536.jpg,inference-video-1,inference-video-1
536,images\inference-video-1\frame_00000537.jpg,inference-video-1,inference-video-1
537,images\inference-video-1\frame_00000538.jpg,inference-video-1,inference-video-1
538,images\inference-video-1\frame_00000539.jpg,inference-video-1,inference-video-1
539,images\inference-video-1\frame_00000540.jpg,inference-video-1,inference-video-1
540,images\inference-video-1\frame_00000541.jpg,inference-video-1,inference-video-1
541,images\inference-video-1\frame_00000542.jpg,inference-video-1,inference-video-1
542,images\inference-video-1\frame_00000543.jpg,inference-video-1,inference-video-1
543,images\inference-video-1\frame_00000544.jpg,inference-video-1,inference-video-1
544,images\inference-video-1\frame_00000545.jpg,inference-video-1,inference-video-1
545,images\inference-video-1\frame_00000546.jpg,inference-video-1,inference-video-1
546,images\inference-video-1\frame_00000547.jpg,inference-video-1,inference-video-1
547,images\inference-video-1\frame_00000548.jpg,inference-video-1,inference-video-1
548,images\inference-video-1\frame_00000549.jpg,inference-video-1,inference-video-1
549,images\inference-video-1\frame_00000550.jpg,inference-video-1,inference-video-1
550,images\inference-video-1\frame_00000551.jpg,inference-video-1,inference-video-1
551,images\inference-video-1\frame_00000552.jpg,inference-video-1,inference-video-1
552,images\inference-video-1\frame_00000553.jpg,inference-video-1,inference-video-1
553,images\inference-video-1\frame_00000554.jpg,inference-video-1,inference-video-1
554,images\inference-video-1\frame_00000555.jpg,inference-video-1,inference-video-1
555,images\inference-video-1\frame_00000556.jpg,inference-video-1,inference-video-1
556,images\inference-video-1\frame_00000557.jpg,inference-video-1,inference-video-1
557,images\inference-video-1\frame_00000558.jpg,inference-video-1,inference-video-1
558,images\inference-video-1\frame_00000559.jpg,inference-video-1,inference-video-1
559,images\inference-video-1\frame_00000560.jpg,inference-video-1,inference-video-1
560,images\inference-video-1\frame_00000561.jpg,inference-video-1,inference-video-1
561,images\inference-video-1\frame_00000562.jpg,inference-video-1,inference-video-1
562,images\inference-video-1\frame_00000563.jpg,inference-video-1,inference-video-1
563,images\inference-video-1\frame_00000564.jpg,inference-video-1,inference-video-1
564,images\inference-video-1\frame_00000565.jpg,inference-video-1,inference-video-1
565,images\inference-video-1\frame_00000566.jpg,inference-video-1,inference-video-1
566,images\inference-video-1\frame_00000567.jpg,inference-video-1,inference-video-1
567,images\inference-video-1\frame_00000568.jpg,inference-video-1,inference-video-1
568,images\inference-video-1\frame_00000569.jpg,inference-video-1,inference-video-1
569,images\inference-video-1\frame_00000570.jpg,inference-video-1,inference-video-1
570,images\inference-video-1\frame_00000571.jpg,inference-video-1,inference-video-1
571,images\inference-video-1\frame_00000572.jpg,inference-video-1,inference-video-1
572,images\inference-video-1\frame_00000573.jpg,inference-video-1,inference-video-1
573,images\inference-video-1\frame_00000574.jpg,inference-video-1,inference-video-1
574,images\inference-video-1\frame_00000575.jpg,inference-video-1,inference-video-1
575,images\inference-video-1\frame_00000576.jpg,inference-video-1,inference-video-1
576,images\inference-video-1\frame_00000577.jpg,inference-video-1,inference-video-1
577,images\inference-video-1\frame_00000578.jpg,inference-video-1,inference-video-1
578,images\inference-video-1\frame_00000579.jpg,inference-video-1,inference-video-1
579,images\inference-video-1\frame_00000580.jpg,inference-video-1,inference-video-1
580,images\inference-video-1\frame_00000581.jpg,inference-video-1,inference-video-1
581,images\inference-video-1\frame_00000582.jpg,inference-video-1,inference-video-1
582,images\inference-video-1\frame_00000583.jpg,inference-video-1,inference-video-1
583,images\inference-video-1\frame_00000584.jpg,inference-video-1,inference-video-1
584,images\inference-video-1\frame_00000585.jpg,inference-video-1,inference-video-1
585,images\inference-video-1\frame_00000586.jpg,inference-video-1,inference-video-1
586,images\inference-video-1\frame_00000587.jpg,inference-video-1,inference-video-1
587,images\inference-video-1\frame_00000588.jpg,inference-video-1,inference-video-1
588,images\inference-video-1\frame_00000589.jpg,inference-video-1,inference-video-1
589,images\inference-video-1\frame_00000590.jpg,inference-video-1,inference-video-1
590,images\inference-video-1\frame_00000591.jpg,inference-video-1,inference-video-1
591,images\inference-video-1\frame_00000592.jpg,inference-video-1,inference-video-1
592,images\inference-video-1\frame_00000593.jpg,inference-video-1,inference-video-1
593,images\inference-video-1\frame_00000594.jpg,inference-video-1,inference-video-1
594,images\inference-video-1\frame_00000595.jpg,inference-video-1,inference-video-1
595,images\inference-video-1\frame_00000596.jpg,inference-video-1,inference-video-1
596,images\inference-video-1\frame_00000597.jpg,inference-video-1,inference-video-1
597,images\inference-video-1\frame_00000598.jpg,inference-video-1,inference-video-1
598,images\inference-video-1\frame_00000599.jpg,inference-video-1,inference-video-1
599,images\inference-video-1\frame_00000600.jpg,inference-video-1,inference-video-1
600,images\inference-video-1\frame_00000601.jpg,inference-video-1,inference-video-1
601,images\inference-video-1\frame_00000602.jpg,inference-video-1,inference-video-1
602,images\inference-video-1\frame_00000603.jpg,inference-video-1,inference-video-1
603,images\inference-video-1\frame_00000604.jpg,inference-video-1,inference-video-1
604,images\inference-video-1\frame_00000605.jpg,inference-video-1,inference-video-1
605,images\inference-video-1\frame_00000606.jpg,inference-video-1,inference-video-1
606,images\inference-video-1\frame_00000607.jpg,inference-video-1,inference-video-1
607,images\inference-video-1\frame_00000608.jpg,inference-video-1,inference-video-1
608,images\inference-video-1\frame_00000609.jpg,inference-video-1,inference-video-1
609,images\inference-video-1\frame_00000610.jpg,inference-video-1,inference-video-1
610,images\inference-video-1\frame_00000611.jpg,inference-video-1,inference-video-1
611,images\inference-video-1\frame_00000612.jpg,inference-video-1,inference-video-1
612,images\inference-video-1\frame_00000613.jpg,inference-video-1,inference-video-1
613,images\inference-video-1\frame_00000614.jpg,inference-video-1,inference-video-1
614,images\inference-video-1\frame_00000615.jpg,inference-video-1,inference-video-1
615,images\inference-video-1\frame_00000616.jpg,inference-video-1,inference-video-1
616,images\inference-video-1\frame_00000617.jpg,inference-video-1,inference-video-1
617,images\inference-video-1\frame_00000618.jpg,inference-video-1,inference-video-1
618,images\inference-video-1\frame_00000619.jpg,inference-video-1,inference-video-1
619,images\inference-video-1\frame_00000620.jpg,inference-video-1,inference-video-1
620,images\inference-video-1\frame_00000621.jpg,inference-video-1,inference-video-1
621,images\inference-video-1\frame_00000622.jpg,inference-video-1,inference-video-1
622,images\inference-video-1\frame_00000623.jpg,inference-video-1,inference-video-1
623,images\inference-video-1\frame_00000624.jpg,inference-video-1,inference-video-1
624,images\inference-video-1\frame_00000625.jpg,inference-video-1,inference-video-1
625,images\inference-video-1\frame_00000626.jpg,inference-video-1,inference-video-1
626,images\inference-video-1\frame_00000627.jpg,inference-video-1,inference-video-1
627,images\inference-video-1\frame_00000628.jpg,inference-video-1,inference-video-1
628,images\inference-video-1\frame_00000629.jpg,inference-video-1,inference-video-1
629,images\inference-video-1\frame_00000630.jpg,inference-video-1,inference-video-1
630,images\inference-video-1\frame_00000631.jpg,inference-video-1,inference-video-1
631,images\inference-video-1\frame_00000632.jpg,inference-video-1,inference-video-1
632,images\inference-video-1\frame_00000633.jpg,inference-video-1,inference-video-1
633,images\inference-video-1\frame_00000634.jpg,inference-video-1,inference-video-1
634,images\inference-video-1\frame_00000635.jpg,inference-video-1,inference-video-1
635,images\inference-video-1\frame_00000636.jpg,inference-video-1,inference-video-1
636,images\inference-video-1\frame_00000637.jpg,inference-video-1,inference-video-1
637,images\inference-video-1\frame_00000638.jpg,inference-video-1,inference-video-1
638,images\inference-video-1\frame_00000639.jpg,inference-video-1,inference-video-1
639,images\inference-video-1\frame_00000640.jpg,inference-video-1,inference-video-1
640,images\inference-video-1\frame_00000641.jpg,inference-video-1,inference-video-1
641,images\inference-video-1\frame_00000642.jpg,inference-video-1,inference-video-1
642,images\inference-video-1\frame_00000643.jpg,inference-video-1,inference-video-1
643,images\inference-video-1\frame_00000644.jpg,inference-video-1,inference-video-1
644,images\inference-video-1\frame_00000645.jpg,inference-video-1,inference-video-1
645,images\inference-video-1\frame_00000646.jpg,inference-video-1,inference-video-1
646,images\inference-video-1\frame_00000647.jpg,inference-video-1,inference-video-1
647,images\inference-video-1\frame_00000648.jpg,inference-video-1,inference-video-1
648,images\inference-video-1\frame_00000649.jpg,inference-video-1,inference-video-1
649,images\inference-video-1\frame_00000650.jpg,inference-video-1,inference-video-1
650,images\inference-video-1\frame_00000651.jpg,inference-video-1,inference-video-1
651,images\inference-video-1\frame_00000652.jpg,inference-video-1,inference-video-1
652,images\inference-video-1\frame_00000653.jpg,inference-video-1,inference-video-1
653,images\inference-video-1\frame_00000654.jpg,inference-video-1,inference-video-1
654,images\inference-video-1\frame_00000655.jpg,inference-video-1,inference-video-1
655,images\inference-video-1\frame_00000656.jpg,inference-video-1,inference-video-1
656,images\inference-video-1\frame_00000657.jpg,inference-video-1,inference-video-1
657,images\inference-video-1\frame_00000658.jpg,inference-video-1,inference-video-1
658,images\inference-video-1\frame_00000659.jpg,inference-video-1,inference-video-1
659,images\inference-video-1\frame_00000660.jpg,inference-video-1,inference-video-1
660,images\inference-video-1\frame_00000661.jpg,inference-video-1,inference-video-1
661,images\inference-video-1\frame_00000662.jpg,inference-video-1,inference-video-1
662,images\inference-video-1\frame_00000663.jpg,inference-video-1,inference-video-1
663,images\inference-video-1\frame_00000664.jpg,inference-video-1,inference-video-1
664,images\inference-video-1\frame_00000665.jpg,inference-video-1,inference-video-1
665,images\inference-video-1\frame_00000666.jpg,inference-video-1,inference-video-1
666,images\inference-video-1\frame_00000667.jpg,inference-video-1,inference-video-1
667,images\inference-video-1\frame_00000668.jpg,inference-video-1,inference-video-1
668,images\inference-video-1\frame_00000669.jpg,inference-video-1,inference-video-1
669,images\inference-video-1\frame_00000670.jpg,inference-video-1,inference-video-1
670,images\inference-video-1\frame_00000671.jpg,inference-video-1,inference-video-1
671,images\inference-video-1\frame_00000672.jpg,inference-video-1,inference-video-1
672,images\inference-video-1\frame_00000673.jpg,inference-video-1,inference-video-1
673,images\inference-video-1\frame_00000674.jpg,inference-video-1,inference-video-1
674,images\inference-video-1\frame_00000675.jpg,inference-video-1,inference-video-1
675,images\inference-video-1\frame_00000676.jpg,inference-video-1,inference-video-1
676,images\inference-video-1\frame_00000677.jpg,inference-video-1,inference-video-1
677,images\inference-video-1\frame_00000678.jpg,inference-video-1,inference-video-1
678,images\inference-video-1\frame_00000679.jpg,inference-video-1,inference-video-1
679,images\inference-video-1\frame_00000680.jpg,inference-video-1,inference-video-1
680,images\inference-video-1\frame_00000681.jpg,inference-video-1,inference-video-1
681,images\inference-video-1\frame_00000682.jpg,inference-video-1,inference-video-1
682,images\inference-video-1\frame_00000683.jpg,inference-video-1,inference-video-1
683,images\inference-video-1\frame_00000684.jpg,inference-video-1,inference-video-1
684,images\inference-video-1\frame_00000685.jpg,inference-video-1,inference-video-1
685,images\inference-video-1\frame_00000686.jpg,inference-video-1,inference-video-1
686,images\inference-video-1\frame_00000687.jpg,inference-video-1,inference-video-1
687,images\inference-video-1\frame_00000688.jpg,inference-video-1,inference-video-1
688,images\inference-video-1\frame_00000689.jpg,inference-video-1,inference-video-1
689,images\inference-video-1\frame_00000690.jpg,inference-video-1,inference-video-1
690,images\inference-video-1\frame_00000691.jpg,inference-video-1,inference-video-1
691,images\inference-video-1\frame_00000692.jpg,inference-video-1,inference-video-1
692,images\inference-video-1\frame_00000693.jpg,inference-video-1,inference-video-1
693,images\inference-video-1\frame_00000694.jpg,inference-video-1,inference-video-1
694,images\inference-video-1\frame_00000695.jpg,inference-video-1,inference-video-1
695,images\inference-video-1\frame_00000696.jpg,inference-video-1,inference-video-1
696,images\inference-video-1\frame_00000697.jpg,inference-video-1,inference-video-1
697,images\inference-video-1\frame_00000698.jpg,inference-video-1,inference-video-1
698,images\inference-video-1\frame_00000699.jpg,inference-video-1,inference-video-1
699,images\inference-video-1\frame_00000700.jpg,inference-video-1,inference-video-1
700,images\inference-video-1\frame_00000701.jpg,inference-video-1,inference-video-1
701,images\inference-video-1\frame_00000702.jpg,inference-video-1,inference-video-1
702,images\inference-video-1\frame_00000703.jpg,inference-video-1,inference-video-1
703,images\inference-video-1\frame_00000704.jpg,inference-video-1,inference-video-1
704,images\inference-video-1\frame_00000705.jpg,inference-video-1,inference-video-1
705,images\inference-video-1\frame_00000706.jpg,inference-video-1,inference-video-1
706,images\inference-video-1\frame_00000707.jpg,inference-video-1,inference-video-1
707,images\inference-video-1\frame_00000708.jpg,inference-video-1,inference-video-1
708,images\inference-video-1\frame_00000709.jpg,inference-video-1,inference-video-1
709,images\inference-video-1\frame_00000710.jpg,inference-video-1,inference-video-1
710,images\inference-video-1\frame_00000711.jpg,inference-video-1,inference-video-1
711,images\inference-video-1\frame_00000712.jpg,inference-video-1,inference-video-1
712,images\inference-video-1\frame_00000713.jpg,inference-video-1,inference-video-1
713,images\inference-video-1\frame_00000714.jpg,inference-video-1,inference-video-1
714,images\inference-video-1\frame_00000715.jpg,inference-video-1,inference-video-1
715,images\inference-video-1\frame_00000716.jpg,inference-video-1,inference-video-1
716,images\inference-video-1\frame_00000717.jpg,inference-video-1,inference-video-1
717,images\inference-video-1\frame_00000718.jpg,inference-video-1,inference-video-1
718,images\inference-video-1\frame_00000719.jpg,inference-video-1,inference-video-1
719,images\inference-video-1\frame_00000720.jpg,inference-video-1,inference-video-1
720,images\inference-video-1\frame_00000721.jpg,inference-video-1,inference-video-1
721,images\inference-video-1\frame_00000722.jpg,inference-video-1,inference-video-1
722,images\inference-video-1\frame_00000723.jpg,inference-video-1,inference-video-1
723,images\inference-video-1\frame_00000724.jpg,inference-video-1,inference-video-1
724,images\inference-video-1\frame_00000725.jpg,inference-video-1,inference-video-1
725,images\inference-video-1\frame_00000726.jpg,inference-video-1,inference-video-1
726,images\inference-video-1\frame_00000727.jpg,inference-video-1,inference-video-1
727,images\inference-video-1\frame_00000728.jpg,inference-video-1,inference-video-1
728,images\inference-video-1\frame_00000729.jpg,inference-video-1,inference-video-1
729,images\inference-video-1\frame_00000730.jpg,inference-video-1,inference-video-1
730,images\inference-video-1\frame_00000731.jpg,inference-video-1,inference-video-1
731,images\inference-video-1\frame_00000732.jpg,inference-video-1,inference-video-1
732,images\inference-video-1\frame_00000733.jpg,inference-video-1,inference-video-1
733,images\inference-video-1\frame_00000734.jpg,inference-video-1,inference-video-1
734,images\inference-video-1\frame_00000735.jpg,inference-video-1,inference-video-1
735,images\inference-video-1\frame_00000736.jpg,inference-video-1,inference-video-1
736,images\inference-video-1\frame_00000737.jpg,inference-video-1,inference-video-1
737,images\inference-video-1\frame_00000738.jpg,inference-video-1,inference-video-1
738,images\inference-video-1\frame_00000739.jpg,inference-video-1,inference-video-1
739,images\inference-video-1\frame_00000740.jpg,inference-video-1,inference-video-1
740,images\inference-video-1\frame_00000741.jpg,inference-video-1,inference-video-1
741,images\inference-video-1\frame_00000742.jpg,inference-video-1,inference-video-1
742,images\inference-video-1\frame_00000743.jpg,inference-video-1,inference-video-1
743,images\inference-video-1\frame_00000744.jpg,inference-video-1,inference-video-1
744,images\inference-video-1\frame_00000745.jpg,inference-video-1,inference-video-1
745,images\inference-video-1\frame_00000746.jpg,inference-video-1,inference-video-1
746,images\inference-video-1\frame_00000747.jpg,inference-video-1,inference-video-1
747,images\inference-video-1\frame_00000748.jpg,inference-video-1,inference-video-1
748,images\inference-video-1\frame_00000749.jpg,inference-video-1,inference-video-1
749,images\inference-video-1\frame_00000750.jpg,inference-video-1,inference-video-1
750,images\inference-video-1\frame_00000751.jpg,inference-video-1,inference-video-1
751,images\inference-video-1\frame_00000752.jpg,inference-video-1,inference-video-1
752,images\inference-video-1\frame_00000753.jpg,inference-video-1,inference-video-1
753,images\inference-video-1\frame_00000754.jpg,inference-video-1,inference-video-1
754,images\inference-video-1\frame_00000755.jpg,inference-video-1,inference-video-1
755,images\inference-video-1\frame_00000756.jpg,inference-video-1,inference-video-1
756,images\inference-video-1\frame_00000757.jpg,inference-video-1,inference-video-1
757,images\inference-video-1\frame_00000758.jpg,inference-video-1,inference-video-1
758,images\inference-video-1\frame_00000759.jpg,inference-video-1,inference-video-1
759,images\inference-video-1\frame_00000760.jpg,inference-video-1,inference-video-1
760,images\inference-video-1\frame_00000761.jpg,inference-video-1,inference-video-1
761,images\inference-video-1\frame_00000762.jpg,inference-video-1,inference-video-1
762,images\inference-video-1\frame_00000763.jpg,inference-video-1,inference-video-1
763,images\inference-video-1\frame_00000764.jpg,inference-video-1,inference-video-1
764,images\inference-video-1\frame_00000765.jpg,inference-video-1,inference-video-1
765,images\inference-video-1\frame_00000766.jpg,inference-video-1,inference-video-1
766,images\inference-video-1\frame_00000767.jpg,inference-video-1,inference-video-1
767,images\inference-video-1\frame_00000768.jpg,inference-video-1,inference-video-1
768,images\inference-video-1\frame_00000769.jpg,inference-video-1,inference-video-1
769,images\inference-video-1\frame_00000770.jpg,inference-video-1,inference-video-1
770,images\inference-video-1\frame_00000771.jpg,inference-video-1,inference-video-1
771,images\inference-video-1\frame_00000772.jpg,inference-video-1,inference-video-1
772,images\inference-video-1\frame_00000773.jpg,inference-video-1,inference-video-1
773,images\inference-video-1\frame_00000774.jpg,inference-video-1,inference-video-1
774,images\inference-video-1\frame_00000775.jpg,inference-video-1,inference-video-1
775,images\inference-video-1\frame_00000776.jpg,inference-video-1,inference-video-1
776,images\inference-video-1\frame_00000777.jpg,inference-video-1,inference-video-1
777,images\inference-video-1\frame_00000778.jpg,inference-video-1,inference-video-1
778,images\inference-video-1\frame_00000779.jpg,inference-video-1,inference-video-1
779,images\inference-video-1\frame_00000780.jpg,inference-video-1,inference-video-1
780,images\inference-video-1\frame_00000781.jpg,inference-video-1,inference-video-1
781,images\inference-video-1\frame_00000782.jpg,inference-video-1,inference-video-1
782,images\inference-video-1\frame_00000783.jpg,inference-video-1,inference-video-1
783,images\inference-video-1\frame_00000784.jpg,inference-video-1,inference-video-1
784,images\inference-video-1\frame_00000785.jpg,inference-video-1,inference-video-1
785,images\inference-video-1\frame_00000786.jpg,inference-video-1,inference-video-1
786,images\inference-video-1\frame_00000787.jpg,inference-video-1,inference-video-1
787,images\inference-video-1\frame_00000788.jpg,inference-video-1,inference-video-1
788,images\inference-video-1\frame_00000789.jpg,inference-video-1,inference-video-1
789,images\inference-video-1\frame_00000790.jpg,inference-video-1,inference-video-1
790,images\inference-video-1\frame_00000791.jpg,inference-video-1,inference-video-1
791,images\inference-video-1\frame_00000792.jpg,inference-video-1,inference-video-1
792,images\inference-video-1\frame_00000793.jpg,inference-video-1,inference-video-1
793,images\inference-video-1\frame_00000794.jpg,inference-video-1,inference-video-1
794,images\inference-video-1\frame_00000795.jpg,inference-video-1,inference-video-1
795,images\inference-video-1\frame_00000796.jpg,inference-video-1,inference-video-1
796,images\inference-video-1\frame_00000797.jpg,inference-video-1,inference-video-1
797,images\inference-video-1\frame_00000798.jpg,inference-video-1,inference-video-1
798,images\inference-video-1\frame_00000799.jpg,inference-video-1,inference-video-1
799,images\inference-video-1\frame_00000800.jpg,inference-video-1,inference-video-1
800,images\inference-video-1\frame_00000801.jpg,inference-video-1,inference-video-1
801,images\inference-video-1\frame_00000802.jpg,inference-video-1,inference-video-1
802,images\inference-video-1\frame_00000803.jpg,inference-video-1,inference-video-1
803,images\inference-video-1\frame_00000804.jpg,inference-video-1,inference-video-1
804,images\inference-video-1\frame_00000805.jpg,inference-video-1,inference-video-1
805,images\inference-video-1\frame_00000806.jpg,inference-video-1,inference-video-1
806,images\inference-video-1\frame_00000807.jpg,inference-video-1,inference-video-1
807,images\inference-video-1\frame_00000808.jpg,inference-video-1,inference-video-1
808,images\inference-video-1\frame_00000809.jpg,inference-video-1,inference-video-1
809,images\inference-video-1\frame_00000810.jpg,inference-video-1,inference-video-1
810,images\inference-video-1\frame_00000811.jpg,inference-video-1,inference-video-1
811,images\inference-video-1\frame_00000812.jpg,inference-video-1,inference-video-1
812,images\inference-video-1\frame_00000813.jpg,inference-video-1,inference-video-1
813,images\inference-video-1\frame_00000814.jpg,inference-video-1,inference-video-1
814,images\inference-video-1\frame_00000815.jpg,inference-video-1,inference-video-1
815,images\inference-video-1\frame_00000816.jpg,inference-video-1,inference-video-1
816,images\inference-video-1\frame_00000817.jpg,inference-video-1,inference-video-1
817,images\inference-video-1\frame_00000818.jpg,inference-video-1,inference-video-1
818,images\inference-video-1\frame_00000819.jpg,inference-video-1,inference-video-1
819,images\inference-video-1\frame_00000820.jpg,inference-video-1,inference-video-1
820,images\inference-video-1\frame_00000821.jpg,inference-video-1,inference-video-1
821,images\inference-video-1\frame_00000822.jpg,inference-video-1,inference-video-1
822,images\inference-video-1\frame_00000823.jpg,inference-video-1,inference-video-1
823,images\inference-video-1\frame_00000824.jpg,inference-video-1,inference-video-1
824,images\inference-video-1\frame_00000825.jpg,inference-video-1,inference-video-1
825,images\inference-video-1\frame_00000826.jpg,inference-video-1,inference-video-1
826,images\inference-video-1\frame_00000827.jpg,inference-video-1,inference-video-1
827,images\inference-video-1\frame_00000828.jpg,inference-video-1,inference-video-1
828,images\inference-video-1\frame_00000829.jpg,inference-video-1,inference-video-1
829,images\inference-video-1\frame_00000830.jpg,inference-video-1,inference-video-1
830,images\inference-video-1\frame_00000831.jpg,inference-video-1,inference-video-1
831,images\inference-video-1\frame_00000832.jpg,inference-video-1,inference-video-1
832,images\inference-video-1\frame_00000833.jpg,inference-video-1,inference-video-1
833,images\inference-video-1\frame_00000834.jpg,inference-video-1,inference-video-1
834,images\inference-video-1\frame_00000835.jpg,inference-video-1,inference-video-1
835,images\inference-video-1\frame_00000836.jpg,inference-video-1,inference-video-1
836,images\inference-video-1\frame_00000837.jpg,inference-video-1,inference-video-1
837,images\inference-video-1\frame_00000838.jpg,inference-video-1,inference-video-1
838,images\inference-video-1\frame_00000839.jpg,inference-video-1,inference-video-1
839,images\inference-video-1\frame_00000840.jpg,inference-video-1,inference-video-1
840,images\inference-video-1\frame_00000841.jpg,inference-video-1,inference-video-1
841,images\inference-video-1\frame_00000842.jpg,inference-video-1,inference-video-1
842,images\inference-video-1\frame_00000843.jpg,inference-video-1,inference-video-1
843,images\inference-video-1\frame_00000844.jpg,inference-video-1,inference-video-1
844,images\inference-video-1\frame_00000845.jpg,inference-video-1,inference-video-1
845,images\inference-video-1\frame_00000846.jpg,inference-video-1,inference-video-1
846,images\inference-video-1\frame_00000847.jpg,inference-video-1,inference-video-1
847,images\inference-video-1\frame_00000848.jpg,inference-video-1,inference-video-1
848,images\inference-video-1\frame_00000849.jpg,inference-video-1,inference-video-1
849,images\inference-video-1\frame_00000850.jpg,inference-video-1,inference-video-1
850,images\inference-video-1\frame_00000851.jpg,inference-video-1,inference-video-1
851,images\inference-video-1\frame_00000852.jpg,inference-video-1,inference-video-1
852,images\inference-video-1\frame_00000853.jpg,inference-video-1,inference-video-1
853,images\inference-video-1\frame_00000854.jpg,inference-video-1,inference-video-1
854,images\inference-video-1\frame_00000855.jpg,inference-video-1,inference-video-1
855,images\inference-video-1\frame_00000856.jpg,inference-video-1,inference-video-1
856,images\inference-video-1\frame_00000857.jpg,inference-video-1,inference-video-1
857,images\inference-video-1\frame_00000858.jpg,inference-video-1,inference-video-1
858,images\inference-video-1\frame_00000859.jpg,inference-video-1,inference-video-1
859,images\inference-video-1\frame_00000860.jpg,inference-video-1,inference-video-1
860,images\inference-video-1\frame_00000861.jpg,inference-video-1,inference-video-1
861,images\inference-video-1\frame_00000862.jpg,inference-video-1,inference-video-1
862,images\inference-video-1\frame_00000863.jpg,inference-video-1,inference-video-1
863,images\inference-video-1\frame_00000864.jpg,inference-video-1,inference-video-1
864,images\inference-video-1\frame_00000865.jpg,inference-video-1,inference-video-1
865,images\inference-video-1\frame_00000866.jpg,inference-video-1,inference-video-1
866,images\inference-video-1\frame_00000867.jpg,inference-video-1,inference-video-1
867,images\inference-video-1\frame_00000868.jpg,inference-video-1,inference-video-1
868,images\inference-video-1\frame_00000869.jpg,inference-video-1,inference-video-1
869,images\inference-video-1\frame_00000870.jpg,inference-video-1,inference-video-1
870,images\inference-video-1\frame_00000871.jpg,inference-video-1,inference-video-1
871,images\inference-video-1\frame_00000872.jpg,inference-video-1,inference-video-1
872,images\inference-video-1\frame_00000873.jpg,inference-video-1,inference-video-1
873,images\inference-video-1\frame_00000874.jpg,inference-video-1,inference-video-1
874,images\inference-video-1\frame_00000875.jpg,inference-video-1,inference-video-1
875,images\inference-video-1\frame_00000876.jpg,inference-video-1,inference-video-1
876,images\inference-video-1\frame_00000877.jpg,inference-video-1,inference-video-1
877,images\inference-video-1\frame_00000878.jpg,inference-video-1,inference-video-1
878,images\inference-video-1\frame_00000879.jpg,inference-video-1,inference-video-1
879,images\inference-video-1\frame_00000880.jpg,inference-video-1,inference-video-1
880,images\inference-video-1\frame_00000881.jpg,inference-video-1,inference-video-1
881,images\inference-video-1\frame_00000882.jpg,inference-video-1,inference-video-1
882,images\inference-video-1\frame_00000883.jpg,inference-video-1,inference-video-1
883,images\inference-video-1\frame_00000884.jpg,inference-video-1,inference-video-1
884,images\inference-video-1\frame_00000885.jpg,inference-video-1,inference-video-1
885,images\inference-video-1\frame_00000886.jpg,inference-video-1,inference-video-1
886,images\inference-video-1\frame_00000887.jpg,inference-video-1,inference-video-1
887,images\inference-video-1\frame_00000888.jpg,inference-video-1,inference-video-1
888,images\inference-video-1\frame_00000889.jpg,inference-video-1,inference-video-1
889,images\inference-video-1\frame_00000890.jpg,inference-video-1,inference-video-1
890,images\inference-video-1\frame_00000891.jpg,inference-video-1,inference-video-1
891,images\inference-video-1\frame_00000892.jpg,inference-video-1,inference-video-1
892,images\inference-video-1\frame_00000893.jpg,inference-video-1,inference-video-1
893,images\inference-video-1\frame_00000894.jpg,inference-video-1,inference-video-1
894,images\inference-video-1\frame_00000895.jpg,inference-video-1,inference-video-1
895,images\inference-video-1\frame_00000896.jpg,inference-video-1,inference-video-1
896,images\inference-video-1\frame_00000897.jpg,inference-video-1,inference-video-1
897,images\inference-video-1\frame_00000898.jpg,inference-video-1,inference-video-1
898,images\inference-video-1\frame_00000899.jpg,inference-video-1,inference-video-1
899,images\inference-video-1\frame_00000900.jpg,inference-video-1,inference-video-1
900,images\inference-video-1\frame_00000901.jpg,inference-video-1,inference-video-1
901,images\inference-video-1\frame_00000902.jpg,inference-video-1,inference-video-1
902,images\inference-video-1\frame_00000903.jpg,inference-video-1,inference-video-1
903,images\inference-video-1\frame_00000904.jpg,inference-video-1,inference-video-1
904,images\inference-video-1\frame_00000905.jpg,inference-video-1,inference-video-1
905,images\inference-video-1\frame_00000906.jpg,inference-video-1,inference-video-1
906,images\inference-video-1\frame_00000907.jpg,inference-video-1,inference-video-1
907,images\inference-video-1\frame_00000908.jpg,inference-video-1,inference-video-1
908,images\inference-video-1\frame_00000909.jpg,inference-video-1,inference-video-1
909,images\inference-video-1\frame_00000910.jpg,inference-video-1,inference-video-1
910,images\inference-video-1\frame_00000911.jpg,inference-video-1,inference-video-1
911,images\inference-video-1\frame_00000912.jpg,inference-video-1,inference-video-1
912,images\inference-video-1\frame_00000913.jpg,inference-video-1,inference-video-1
913,images\inference-video-1\frame_00000914.jpg,inference-video-1,inference-video-1
914,images\inference-video-1\frame_00000915.jpg,inference-video-1,inference-video-1
915,images\inference-video-1\frame_00000916.jpg,inference-video-1,inference-video-1
916,images\inference-video-1\frame_00000917.jpg,inference-video-1,inference-video-1
917,images\inference-video-1\frame_00000918.jpg,inference-video-1,inference-video-1
918,images\inference-video-1\frame_00000919.jpg,inference-video-1,inference-video-1
919,images\inference-video-1\frame_00000920.jpg,inference-video-1,inference-video-1
920,images\inference-video-1\frame_00000921.jpg,inference-video-1,inference-video-1
921,images\inference-video-1\frame_00000922.jpg,inference-video-1,inference-video-1
922,images\inference-video-1\frame_00000923.jpg,inference-video-1,inference-video-1
923,images\inference-video-1\frame_00000924.jpg,inference-video-1,inference-video-1
924,images\inference-video-1\frame_00000925.jpg,inference-video-1,inference-video-1
925,images\inference-video-1\frame_00000926.jpg,inference-video-1,inference-video-1
926,images\inference-video-1\frame_00000927.jpg,inference-video-1,inference-video-1
927,images\inference-video-1\frame_00000928.jpg,inference-video-1,inference-video-1
928,images\inference-video-1\frame_00000929.jpg,inference-video-1,inference-video-1
929,images\inference-video-1\frame_00000930.jpg,inference-video-1,inference-video-1
930,images\inference-video-1\frame_00000931.jpg,inference-video-1,inference-video-1
931,images\inference-video-1\frame_00000932.jpg,inference-video-1,inference-video-1
932,images\inference-video-1\frame_00000933.jpg,inference-video-1,inference-video-1
933,images\inference-video-1\frame_00000934.jpg,inference-video-1,inference-video-1
934,images\inference-video-1\frame_00000935.jpg,inference-video-1,inference-video-1
935,images\inference-video-1\frame_00000936.jpg,inference-video-1,inference-video-1
936,images\inference-video-1\frame_00000937.jpg,inference-video-1,inference-video-1
937,images\inference-video-1\frame_00000938.jpg,inference-video-1,inference-video-1
938,images\inference-video-1\frame_00000939.jpg,inference-video-1,inference-video-1
939,images\inference-video-1\frame_00000940.jpg,inference-video-1,inference-video-1
940,images\inference-video-1\frame_00000941.jpg,inference-video-1,inference-video-1
941,images\inference-video-1\frame_00000942.jpg,inference-video-1,inference-video-1
942,images\inference-video-1\frame_00000943.jpg,inference-video-1,inference-video-1
943,images\inference-video-1\frame_00000944.jpg,inference-video-1,inference-video-1
944,images\inference-video-1\frame_00000945.jpg,inference-video-1,inference-video-1
945,images\inference-video-1\frame_00000946.jpg,inference-video-1,inference-video-1
946,images\inference-video-1\frame_00000947.jpg,inference-video-1,inference-video-1
947,images\inference-video-1\frame_00000948.jpg,inference-video-1,inference-video-1
948,images\inference-video-1\frame_00000949.jpg,inference-video-1,inference-video-1
949,images\inference-video-1\frame_00000950.jpg,inference-video-1,inference-video-1
950,images\inference-video-1\frame_00000951.jpg,inference-video-1,inference-video-1
951,images\inference-video-1\frame_00000952.jpg,inference-video-1,inference-video-1
952,images\inference-video-1\frame_00000953.jpg,inference-video-1,inference-video-1
953,images\inference-video-1\frame_00000954.jpg,inference-video-1,inference-video-1
954,images\inference-video-1\frame_00000955.jpg,inference-video-1,inference-video-1
955,images\inference-video-1\frame_00000956.jpg,inference-video-1,inference-video-1
956,images\inference-video-1\frame_00000957.jpg,inference-video-1,inference-video-1
957,images\inference-video-1\frame_00000958.jpg,inference-video-1,inference-video-1
958,images\inference-video-1\frame_00000959.jpg,inference-video-1,inference-video-1
959,images\inference-video-1\frame_00000960.jpg,inference-video-1,inference-video-1
960,images\inference-video-1\frame_00000961.jpg,inference-video-1,inference-video-1
961,images\inference-video-1\frame_00000962.jpg,inference-video-1,inference-video-1
962,images\inference-video-1\frame_00000963.jpg,inference-video-1,inference-video-1
963,images\inference-video-1\frame_00000964.jpg,inference-video-1,inference-video-1
964,images\inference-video-1\frame_00000965.jpg,inference-video-1,inference-video-1
965,images\inference-video-1\frame_00000966.jpg,inference-video-1,inference-video-1
966,images\inference-video-1\frame_00000967.jpg,inference-video-1,inference-video-1
967,images\inference-video-1\frame_00000968.jpg,inference-video-1,inference-video-1
968,images\inference-video-1\frame_00000969.jpg,inference-video-1,inference-video-1
969,images\inference-video-1\frame_00000970.jpg,inference-video-1,inference-video-1
970,images\inference-video-1\frame_00000971.jpg,inference-video-1,inference-video-1
971,images\inference-video-1\frame_00000972.jpg,inference-video-1,inference-video-1
972,images\inference-video-1\frame_00000973.jpg,inference-video-1,inference-video-1
973,images\inference-video-1\frame_00000974.jpg,inference-video-1,inference-video-1
974,images\inference-video-1\frame_00000975.jpg,inference-video-1,inference-video-1
975,images\inference-video-1\frame_00000976.jpg,inference-video-1,inference-video-1
976,images\inference-video-1\frame_00000977.jpg,inference-video-1,inference-video-1
977,images\inference-video-1\frame_00000978.jpg,inference-video-1,inference-video-1
978,images\inference-video-1\frame_00000979.jpg,inference-video-1,inference-video-1
979,images\inference-video-1\frame_00000980.jpg,inference-video-1,inference-video-1
980,images\inference-video-1\frame_00000981.jpg,inference-video-1,inference-video-1
981,images\inference-video-1\frame_00000982.jpg,inference-video-1,inference-video-1
982,images\inference-video-1\frame_00000983.jpg,inference-video-1,inference-video-1
983,images\inference-video-1\frame_00000984.jpg,inference-video-1,inference-video-1
984,images\inference-video-1\frame_00000985.jpg,inference-video-1,inference-video-1
985,images\inference-video-1\frame_00000986.jpg,inference-video-1,inference-video-1
986,images\inference-video-1\frame_00000987.jpg,inference-video-1,inference-video-1
987,images\inference-video-1\frame_00000988.jpg,inference-video-1,inference-video-1
988,images\inference-video-1\frame_00000989.jpg,inference-video-1,inference-video-1
989,images\inference-video-1\frame_00000990.jpg,inference-video-1,inference-video-1
990,images\inference-video-1\frame_00000991.jpg,inference-video-1,inference-video-1
991,images\inference-video-1\frame_00000992.jpg,inference-video-1,inference-video-1
992,images\inference-video-1\frame_00000993.jpg,inference-video-1,inference-video-1
993,images\inference-video-1\frame_00000994.jpg,inference-video-1,inference-video-1
994,images\inference-video-1\frame_00000995.jpg,inference-video-1,inference-video-1
995,images\inference-video-1\frame_00000996.jpg,inference-video-1,inference-video-1
996,images\inference-video-1\frame_00000997.jpg,inference-video-1,inference-video-1
997,images\inference-video-1\frame_00000998.jpg,inference-video-1,inference-video-1
998,images\inference-video-1\frame_00000999.jpg,inference-video-1,inference-video-1
999,images\inference-video-1\frame_00001000.jpg,inference-video-1,inference-video-1
1000,images\inference-video-1\frame_00001001.jpg,inference-video-1,inference-video-1
1001,images\inference-video-1\frame_00001002.jpg,inference-video-1,inference-video-1
1002,images\inference-video-1\frame_00001003.jpg,inference-video-1,inference-video-1
1003,images\inference-video-1\frame_00001004.jpg,inference-video-1,inference-video-1
1004,images\inference-video-1\frame_00001005.jpg,inference-video-1,inference-video-1
1005,images\inference-video-1\frame_00001006.jpg,inference-video-1,inference-video-1
1006,images\inference-video-1\frame_00001007.jpg,inference-video-1,inference-video-1
1007,images\inference-video-1\frame_00001008.jpg,inference-video-1,inference-video-1
1008,images\inference-video-1\frame_00001009.jpg,inference-video-1,inference-video-1
1009,images\inference-video-1\frame_00001010.jpg,inference-video-1,inference-video-1
1010,images\inference-video-1\frame_00001011.jpg,inference-video-1,inference-video-1
1011,images\inference-video-1\frame_00001012.jpg,inference-video-1,inference-video-1
1012,images\inference-video-1\frame_00001013.jpg,inference-video-1,inference-video-1
1013,images\inference-video-1\frame_00001014.jpg,inference-video-1,inference-video-1
1014,images\inference-video-1\frame_00001015.jpg,inference-video-1,inference-video-1
1015,images\inference-video-1\frame_00001016.jpg,inference-video-1,inference-video-1
1016,images\inference-video-1\frame_00001017.jpg,inference-video-1,inference-video-1
1017,images\inference-video-1\frame_00001018.jpg,inference-video-1,inference-video-1
1018,images\inference-video-1\frame_00001019.jpg,inference-video-1,inference-video-1
1019,images\inference-video-1\frame_00001020.jpg,inference-video-1,inference-video-1
1020,images\inference-video-1\frame_00001021.jpg,inference-video-1,inference-video-1
1021,images\inference-video-1\frame_00001022.jpg,inference-video-1,inference-video-1
1022,images\inference-video-1\frame_00001023.jpg,inference-video-1,inference-video-1
1023,images\inference-video-1\frame_00001024.jpg,inference-video-1,inference-video-1
1024,images\inference-video-1\frame_00001025.jpg,inference-video-1,inference-video-1
1025,images\inference-video-1\frame_00001026.jpg,inference-video-1,inference-video-1
1026,images\inference-video-1\frame_00001027.jpg,inference-video-1,inference-video-1
1027,images\inference-video-1\frame_00001028.jpg,inference-video-1,inference-video-1
1028,images\inference-video-1\frame_00001029.jpg,inference-video-1,inference-video-1
1029,images\inference-video-1\frame_00001030.jpg,inference-video-1,inference-video-1
1030,images\inference-video-1\frame_00001031.jpg,inference-video-1,inference-video-1
1031,images\inference-video-1\frame_00001032.jpg,inference-video-1,inference-video-1
1032,images\inference-video-1\frame_00001033.jpg,inference-video-1,inference-video-1
1033,images\inference-video-1\frame_00001034.jpg,inference-video-1,inference-video-1
1034,images\inference-video-1\frame_00001035.jpg,inference-video-1,inference-video-1
1035,images\inference-video-1\frame_00001036.jpg,inference-video-1,inference-video-1
1036,images\inference-video-1\frame_00001037.jpg,inference-video-1,inference-video-1
1037,images\inference-video-1\frame_00001038.jpg,inference-video-1,inference-video-1
1038,images\inference-video-1\frame_00001039.jpg,inference-video-1,inference-video-1
1039,images\inference-video-1\frame_00001040.jpg,inference-video-1,inference-video-1
1040,images\inference-video-1\frame_00001041.jpg,inference-video-1,inference-video-1
1041,images\inference-video-1\frame_00001042.jpg,inference-video-1,inference-video-1
1042,images\inference-video-1\frame_00001043.jpg,inference-video-1,inference-video-1
1043,images\inference-video-1\frame_00001044.jpg,inference-video-1,inference-video-1
1044,images\inference-video-1\frame_00001045.jpg,inference-video-1,inference-video-1
1045,images\inference-video-1\frame_00001046.jpg,inference-video-1,inference-video-1
1046,images\inference-video-1\frame_00001047.jpg,inference-video-1,inference-video-1
1047,images\inference-video-1\frame_00001048.jpg,inference-video-1,inference-video-1
1048,images\inference-video-1\frame_00001049.jpg,inference-video-1,inference-video-1
1049,images\inference-video-1\frame_00001050.jpg,inference-video-1,inference-video-1
1050,images\inference-video-1\frame_00001051.jpg,inference-video-1,inference-video-1
1051,images\inference-video-1\frame_00001052.jpg,inference-video-1,inference-video-1
1052,images\inference-video-1\frame_00001053.jpg,inference-video-1,inference-video-1
1053,images\inference-video-1\frame_00001054.jpg,inference-video-1,inference-video-1
1054,images\inference-video-1\frame_00001055.jpg,inference-video-1,inference-video-1
1055,images\inference-video-1\frame_00001056.jpg,inference-video-1,inference-video-1
1056,images\inference-video-1\frame_00001057.jpg,inference-video-1,inference-video-1
1057,images\inference-video-1\frame_00001058.jpg,inference-video-1,inference-video-1
1058,images\inference-video-1\frame_00001059.jpg,inference-video-1,inference-video-1
1059,images\inference-video-1\frame_00001060.jpg,inference-video-1,inference-video-1
1060,images\inference-video-1\frame_00001061.jpg,inference-video-1,inference-video-1
1061,images\inference-video-1\frame_00001062.jpg,inference-video-1,inference-video-1
1062,images\inference-video-1\frame_00001063.jpg,inference-video-1,inference-video-1
1063,images\inference-video-1\frame_00001064.jpg,inference-video-1,inference-video-1
1064,images\inference-video-1\frame_00001065.jpg,inference-video-1,inference-video-1
1065,images\inference-video-1\frame_00001066.jpg,inference-video-1,inference-video-1
1066,images\inference-video-1\frame_00001067.jpg,inference-video-1,inference-video-1
1067,images\inference-video-1\frame_00001068.jpg,inference-video-1,inference-video-1
1068,images\inference-video-1\frame_00001069.jpg,inference-video-1,inference-video-1
1069,images\inference-video-1\frame_00001070.jpg,inference-video-1,inference-video-1
1070,images\inference-video-1\frame_00001071.jpg,inference-video-1,inference-video-1
1071,images\inference-video-1\frame_00001072.jpg,inference-video-1,inference-video-1
1072,images\inference-video-1\frame_00001073.jpg,inference-video-1,inference-video-1
1073,images\inference-video-1\frame_00001074.jpg,inference-video-1,inference-video-1
1074,images\inference-video-1\frame_00001075.jpg,inference-video-1,inference-video-1
1075,images\inference-video-1\frame_00001076.jpg,inference-video-1,inference-video-1
1076,images\inference-video-1\frame_00001077.jpg,inference-video-1,inference-video-1
1077,images\inference-video-1\frame_00001078.jpg,inference-video-1,inference-video-1
1078,images\inference-video-1\frame_00001079.jpg,inference-video-1,inference-video-1
1079,images\inference-video-1\frame_00001080.jpg,inference-video-1,inference-video-1
1080,images\inference-video-1\frame_00001081.jpg,inference-video-1,inference-video-1
1081,images\inference-video-1\frame_00001082.jpg,inference-video-1,inference-video-1
1082,images\inference-video-1\frame_00001083.jpg,inference-video-1,inference-video-1
1083,images\inference-video-1\frame_00001084.jpg,inference-video-1,inference-video-1
1084,images\inference-video-1\frame_00001085.jpg,inference-video-1,inference-video-1
1085,images\inference-video-1\frame_00001086.jpg,inference-video-1,inference-video-1
1086,images\inference-video-1\frame_00001087.jpg,inference-video-1,inference-video-1
1087,images\inference-video-1\frame_00001088.jpg,inference-video-1,inference-video-1
1088,images\inference-video-1\frame_00001089.jpg,inference-video-1,inference-video-1
1089,images\inference-video-1\frame_00001090.jpg,inference-video-1,inference-video-1
1090,images\inference-video-1\frame_00001091.jpg,inference-video-1,inference-video-1
1091,images\inference-video-1\frame_00001092.jpg,inference-video-1,inference-video-1
1092,images\inference-video-1\frame_00001093.jpg,inference-video-1,inference-video-1
1093,images\inference-video-1\frame_00001094.jpg,inference-video-1,inference-video-1
1094,images\inference-video-1\frame_00001095.jpg,inference-video-1,inference-video-1
1095,images\inference-video-1\frame_00001096.jpg,inference-video-1,inference-video-1
1096,images\inference-video-1\frame_00001097.jpg,inference-video-1,inference-video-1
1097,images\inference-video-1\frame_00001098.jpg,inference-video-1,inference-video-1
1098,images\inference-video-1\frame_00001099.jpg,inference-video-1,inference-video-1
1099,images\inference-video-1\frame_00001100.jpg,inference-video-1,inference-video-1
1100,images\inference-video-1\frame_00001101.jpg,inference-video-1,inference-video-1
1101,images\inference-video-1\frame_00001102.jpg,inference-video-1,inference-video-1
1102,images\inference-video-1\frame_00001103.jpg,inference-video-1,inference-video-1
1103,images\inference-video-1\frame_00001104.jpg,inference-video-1,inference-video-1
1104,images\inference-video-1\frame_00001105.jpg,inference-video-1,inference-video-1
1105,images\inference-video-1\frame_00001106.jpg,inference-video-1,inference-video-1
1106,images\inference-video-1\frame_00001107.jpg,inference-video-1,inference-video-1
1107,images\inference-video-1\frame_00001108.jpg,inference-video-1,inference-video-1
1108,images\inference-video-1\frame_00001109.jpg,inference-video-1,inference-video-1
1109,images\inference-video-1\frame_00001110.jpg,inference-video-1,inference-video-1
1110,images\inference-video-1\frame_00001111.jpg,inference-video-1,inference-video-1
1111,images\inference-video-1\frame_00001112.jpg,inference-video-1,inference-video-1
1112,images\inference-video-1\frame_00001113.jpg,inference-video-1,inference-video-1
1113,images\inference-video-1\frame_00001114.jpg,inference-video-1,inference-video-1
1114,images\inference-video-1\frame_00001115.jpg,inference-video-1,inference-video-1
1115,images\inference-video-1\frame_00001116.jpg,inference-video-1,inference-video-1
1116,images\inference-video-1\frame_00001117.jpg,inference-video-1,inference-video-1
1117,images\inference-video-1\frame_00001118.jpg,inference-video-1,inference-video-1
1118,images\inference-video-1\frame_00001119.jpg,inference-video-1,inference-video-1
1119,images\inference-video-1\frame_00001120.jpg,inference-video-1,inference-video-1
1120,images\inference-video-1\frame_00001121.jpg,inference-video-1,inference-video-1
1121,images\inference-video-1\frame_00001122.jpg,inference-video-1,inference-video-1
1122,images\inference-video-1\frame_00001123.jpg,inference-video-1,inference-video-1
1123,images\inference-video-1\frame_00001124.jpg,inference-video-1,inference-video-1
1124,images\inference-video-1\frame_00001125.jpg,inference-video-1,inference-video-1
1125,images\inference-video-1\frame_00001126.jpg,inference-video-1,inference-video-1
1126,images\inference-video-1\frame_00001127.jpg,inference-video-1,inference-video-1
1127,images\inference-video-1\frame_00001128.jpg,inference-video-1,inference-video-1
1128,images\inference-video-1\frame_00001129.jpg,inference-video-1,inference-video-1
1129,images\inference-video-1\frame_00001130.jpg,inference-video-1,inference-video-1
1130,images\inference-video-1\frame_00001131.jpg,inference-video-1,inference-video-1
1131,images\inference-video-1\frame_00001132.jpg,inference-video-1,inference-video-1
1132,images\inference-video-1\frame_00001133.jpg,inference-video-1,inference-video-1
1133,images\inference-video-1\frame_00001134.jpg,inference-video-1,inference-video-1
1134,images\inference-video-1\frame_00001135.jpg,inference-video-1,inference-video-1
1135,images\inference-video-1\frame_00001136.jpg,inference-video-1,inference-video-1
1136,images\inference-video-1\frame_00001137.jpg,inference-video-1,inference-video-1
1137,images\inference-video-1\frame_00001138.jpg,inference-video-1,inference-video-1
1138,images\inference-video-1\frame_00001139.jpg,inference-video-1,inference-video-1
1139,images\inference-video-1\frame_00001140.jpg,inference-video-1,inference-video-1
1140,images\inference-video-1\frame_00001141.jpg,inference-video-1,inference-video-1
1141,images\inference-video-1\frame_00001142.jpg,inference-video-1,inference-video-1
1142,images\inference-video-1\frame_00001143.jpg,inference-video-1,inference-video-1
1143,images\inference-video-1\frame_00001144.jpg,inference-video-1,inference-video-1
1144,images\inference-video-1\frame_00001145.jpg,inference-video-1,inference-video-1
1145,images\inference-video-1\frame_00001146.jpg,inference-video-1,inference-video-1
1146,images\inference-video-1\frame_00001147.jpg,inference-video-1,inference-video-1
1147,images\inference-video-1\frame_00001148.jpg,inference-video-1,inference-video-1
1148,images\inference-video-1\frame_00001149.jpg,inference-video-1,inference-video-1
1149,images\inference-video-1\frame_00001150.jpg,inference-video-1,inference-video-1
1150,images\inference-video-1\frame_00001151.jpg,inference-video-1,inference-video-1
1151,images\inference-video-1\frame_00001152.jpg,inference-video-1,inference-video-1
1152,images\inference-video-1\frame_00001153.jpg,inference-video-1,inference-video-1
1153,images\inference-video-1\frame_00001154.jpg,inference-video-1,inference-video-1
1154,images\inference-video-1\frame_00001155.jpg,inference-video-1,inference-video-1
1155,images\inference-video-1\frame_00001156.jpg,inference-video-1,inference-video-1
1156,images\inference-video-1\frame_00001157.jpg,inference-video-1,inference-video-1
1157,images\inference-video-1\frame_00001158.jpg,inference-video-1,inference-video-1
1158,images\inference-video-1\frame_00001159.jpg,inference-video-1,inference-video-1
1159,images\inference-video-1\frame_00001160.jpg,inference-video-1,inference-video-1
1160,images\inference-video-1\frame_00001161.jpg,inference-video-1,inference-video-1
1161,images\inference-video-1\frame_00001162.jpg,inference-video-1,inference-video-1
1162,images\inference-video-1\frame_00001163.jpg,inference-video-1,inference-video-1
1163,images\inference-video-1\frame_00001164.jpg,inference-video-1,inference-video-1
1164,images\inference-video-1\frame_00001165.jpg,inference-video-1,inference-video-1
1165,images\inference-video-1\frame_00001166.jpg,inference-video-1,inference-video-1
1166,images\inference-video-1\frame_00001167.jpg,inference-video-1,inference-video-1
1167,images\inference-video-1\frame_00001168.jpg,inference-video-1,inference-video-1
1168,images\inference-video-1\frame_00001169.jpg,inference-video-1,inference-video-1
1169,images\inference-video-1\frame_00001170.jpg,inference-video-1,inference-video-1
1170,images\inference-video-1\frame_00001171.jpg,inference-video-1,inference-video-1
1171,images\inference-video-1\frame_00001172.jpg,inference-video-1,inference-video-1
1172,images\inference-video-1\frame_00001173.jpg,inference-video-1,inference-video-1
1173,images\inference-video-1\frame_00001174.jpg,inference-video-1,inference-video-1
1174,images\inference-video-1\frame_00001175.jpg,inference-video-1,inference-video-1
1175,images\inference-video-1\frame_00001176.jpg,inference-video-1,inference-video-1
1176,images\inference-video-1\frame_00001177.jpg,inference-video-1,inference-video-1
1177,images\inference-video-1\frame_00001178.jpg,inference-video-1,inference-video-1
1178,images\inference-video-1\frame_00001179.jpg,inference-video-1,inference-video-1
1179,images\inference-video-1\frame_00001180.jpg,inference-video-1,inference-video-1
1180,images\inference-video-1\frame_00001181.jpg,inference-video-1,inference-video-1
1181,images\inference-video-1\frame_00001182.jpg,inference-video-1,inference-video-1
1182,images\inference-video-1\frame_00001183.jpg,inference-video-1,inference-video-1
1183,images\inference-video-1\frame_00001184.jpg,inference-video-1,inference-video-1
1184,images\inference-video-1\frame_00001185.jpg,inference-video-1,inference-video-1
1185,images\inference-video-1\frame_00001186.jpg,inference-video-1,inference-video-1
1186,images\inference-video-1\frame_00001187.jpg,inference-video-1,inference-video-1
1187,images\inference-video-1\frame_00001188.jpg,inference-video-1,inference-video-1
1188,images\inference-video-1\frame_00001189.jpg,inference-video-1,inference-video-1
1189,images\inference-video-1\frame_00001190.jpg,inference-video-1,inference-video-1
1190,images\inference-video-1\frame_00001191.jpg,inference-video-1,inference-video-1
1191,images\inference-video-1\frame_00001192.jpg,inference-video-1,inference-video-1
1192,images\inference-video-1\frame_00001193.jpg,inference-video-1,inference-video-1
1193,images\inference-video-1\frame_00001194.jpg,inference-video-1,inference-video-1
1194,images\inference-video-1\frame_00001195.jpg,inference-video-1,inference-video-1
1195,images\inference-video-1\frame_00001196.jpg,inference-video-1,inference-video-1
1196,images\inference-video-1\frame_00001197.jpg,inference-video-1,inference-video-1
1197,images\inference-video-1\frame_00001198.jpg,inference-video-1,inference-video-1
1198,images\inference-video-1\frame_00001199.jpg,inference-video-1,inference-video-1
1199,images\inference-video-1\frame_00001200.jpg,inference-video-1,inference-video-1
1200,images\inference-video-1\frame_00001201.jpg,inference-video-1,inference-video-1
1201,images\inference-video-1\frame_00001202.jpg,inference-video-1,inference-video-1
1202,images\inference-video-1\frame_00001203.jpg,inference-video-1,inference-video-1
1203,images\inference-video-1\frame_00001204.jpg,inference-video-1,inference-video-1
1204,images\inference-video-1\frame_00001205.jpg,inference-video-1,inference-video-1
1205,images\inference-video-1\frame_00001206.jpg,inference-video-1,inference-video-1
1206,images\inference-video-1\frame_00001207.jpg,inference-video-1,inference-video-1
1207,images\inference-video-1\frame_00001208.jpg,inference-video-1,inference-video-1
1208,images\inference-video-1\frame_00001209.jpg,inference-video-1,inference-video-1
1209,images\inference-video-1\frame_00001210.jpg,inference-video-1,inference-video-1
1210,images\inference-video-1\frame_00001211.jpg,inference-video-1,inference-video-1
1211,images\inference-video-1\frame_00001212.jpg,inference-video-1,inference-video-1
1212,images\inference-video-1\frame_00001213.jpg,inference-video-1,inference-video-1
1213,images\inference-video-1\frame_00001214.jpg,inference-video-1,inference-video-1
1214,images\inference-video-1\frame_00001215.jpg,inference-video-1,inference-video-1
1215,images\inference-video-1\frame_00001216.jpg,inference-video-1,inference-video-1
1216,images\inference-video-1\frame_00001217.jpg,inference-video-1,inference-video-1
1217,images\inference-video-1\frame_00001218.jpg,inference-video-1,inference-video-1
1218,images\inference-video-1\frame_00001219.jpg,inference-video-1,inference-video-1
1219,images\inference-video-1\frame_00001220.jpg,inference-video-1,inference-video-1
1220,images\inference-video-1\frame_00001221.jpg,inference-video-1,inference-video-1
1221,images\inference-video-1\frame_00001222.jpg,inference-video-1,inference-video-1
1222,images\inference-video-1\frame_00001223.jpg,inference-video-1,inference-video-1
1223,images\inference-video-1\frame_00001224.jpg,inference-video-1,inference-video-1
1224,images\inference-video-1\frame_00001225.jpg,inference-video-1,inference-video-1
1225,images\inference-video-1\frame_00001226.jpg,inference-video-1,inference-video-1
1226,images\inference-video-1\frame_00001227.jpg,inference-video-1,inference-video-1
1227,images\inference-video-1\frame_00001228.jpg,inference-video-1,inference-video-1
1228,images\inference-video-1\frame_00001229.jpg,inference-video-1,inference-video-1
1229,images\inference-video-1\frame_00001230.jpg,inference-video-1,inference-video-1
1230,images\inference-video-1\frame_00001231.jpg,inference-video-1,inference-video-1
1231,images\inference-video-1\frame_00001232.jpg,inference-video-1,inference-video-1
1232,images\inference-video-1\frame_00001233.jpg,inference-video-1,inference-video-1
1233,images\inference-video-1\frame_00001234.jpg,inference-video-1,inference-video-1
1234,images\inference-video-1\frame_00001235.jpg,inference-video-1,inference-video-1
1235,images\inference-video-1\frame_00001236.jpg,inference-video-1,inference-video-1
1236,images\inference-video-1\frame_00001237.jpg,inference-video-1,inference-video-1
1237,images\inference-video-1\frame_00001238.jpg,inference-video-1,inference-video-1
1238,images\inference-video-1\frame_00001239.jpg,inference-video-1,inference-video-1
1239,images\inference-video-1\frame_00001240.jpg,inference-video-1,inference-video-1
1240,images\inference-video-1\frame_00001241.jpg,inference-video-1,inference-video-1
1241,images\inference-video-1\frame_00001242.jpg,inference-video-1,inference-video-1
1242,images\inference-video-1\frame_00001243.jpg,inference-video-1,inference-video-1
1243,images\inference-video-1\frame_00001244.jpg,inference-video-1,inference-video-1
1244,images\inference-video-1\frame_00001245.jpg,inference-video-1,inference-video-1
1245,images\inference-video-1\frame_00001246.jpg,inference-video-1,inference-video-1
1246,images\inference-video-1\frame_00001247.jpg,inference-video-1,inference-video-1
1247,images\inference-video-1\frame_00001248.jpg,inference-video-1,inference-video-1
1248,images\inference-video-1\frame_00001249.jpg,inference-video-1,inference-video-1
1249,images\inference-video-1\frame_00001250.jpg,inference-video-1,inference-video-1
1250,images\inference-video-1\frame_00001251.jpg,inference-video-1,inference-video-1
1251,images\inference-video-1\frame_00001252.jpg,inference-video-1,inference-video-1
1252,images\inference-video-1\frame_00001253.jpg,inference-video-1,inference-video-1
1253,images\inference-video-1\frame_00001254.jpg,inference-video-1,inference-video-1
1254,images\inference-video-1\frame_00001255.jpg,inference-video-1,inference-video-1
1255,images\inference-video-1\frame_00001256.jpg,inference-video-1,inference-video-1
1256,images\inference-video-1\frame_00001257.jpg,inference-video-1,inference-video-1
1257,images\inference-video-1\frame_00001258.jpg,inference-video-1,inference-video-1
1258,images\inference-video-1\frame_00001259.jpg,inference-video-1,inference-video-1
1259,images\inference-video-1\frame_00001260.jpg,inference-video-1,inference-video-1
1260,images\inference-video-1\frame_00001261.jpg,inference-video-1,inference-video-1
1261,images\inference-video-1\frame_00001262.jpg,inference-video-1,inference-video-1
1262,images\inference-video-1\frame_00001263.jpg,inference-video-1,inference-video-1
1263,images\inference-video-1\frame_00001264.jpg,inference-video-1,inference-video-1
1264,images\inference-video-1\frame_00001265.jpg,inference-video-1,inference-video-1
1265,images\inference-video-1\frame_00001266.jpg,inference-video-1,inference-video-1
1266,images\inference-video-1\frame_00001267.jpg,inference-video-1,inference-video-1
1267,images\inference-video-1\frame_00001268.jpg,inference-video-1,inference-video-1
1268,images\inference-video-1\frame_00001269.jpg,inference-video-1,inference-video-1
1269,images\inference-video-1\frame_00001270.jpg,inference-video-1,inference-video-1
1270,images\inference-video-1\frame_00001271.jpg,inference-video-1,inference-video-1
1271,images\inference-video-1\frame_00001272.jpg,inference-video-1,inference-video-1
1272,images\inference-video-1\frame_00001273.jpg,inference-video-1,inference-video-1
1273,images\inference-video-1\frame_00001274.jpg,inference-video-1,inference-video-1
1274,images\inference-video-1\frame_00001275.jpg,inference-video-1,inference-video-1
1275,images\inference-video-1\frame_00001276.jpg,inference-video-1,inference-video-1
1276,images\inference-video-1\frame_00001277.jpg,inference-video-1,inference-video-1
1277,images\inference-video-1\frame_00001278.jpg,inference-video-1,inference-video-1
1278,images\inference-video-1\frame_00001279.jpg,inference-video-1,inference-video-1
1279,images\inference-video-1\frame_00001280.jpg,inference-video-1,inference-video-1
1280,images\inference-video-1\frame_00001281.jpg,inference-video-1,inference-video-1
1281,images\inference-video-1\frame_00001282.jpg,inference-video-1,inference-video-1
1282,images\inference-video-1\frame_00001283.jpg,inference-video-1,inference-video-1
1283,images\inference-video-1\frame_00001284.jpg,inference-video-1,inference-video-1
1284,images\inference-video-1\frame_00001285.jpg,inference-video-1,inference-video-1
1285,images\inference-video-1\frame_00001286.jpg,inference-video-1,inference-video-1
1286,images\inference-video-1\frame_00001287.jpg,inference-video-1,inference-video-1
1287,images\inference-video-1\frame_00001288.jpg,inference-video-1,inference-video-1
1288,images\inference-video-1\frame_00001289.jpg,inference-video-1,inference-video-1
1289,images\inference-video-1\frame_00001290.jpg,inference-video-1,inference-video-1
1290,images\inference-video-1\frame_00001291.jpg,inference-video-1,inference-video-1
1291,images\inference-video-1\frame_00001292.jpg,inference-video-1,inference-video-1
1292,images\inference-video-1\frame_00001293.jpg,inference-video-1,inference-video-1
1293,images\inference-video-1\frame_00001294.jpg,inference-video-1,inference-video-1
1294,images\inference-video-1\frame_00001295.jpg,inference-video-1,inference-video-1
1295,images\inference-video-1\frame_00001296.jpg,inference-video-1,inference-video-1
1296,images\inference-video-1\frame_00001297.jpg,inference-video-1,inference-video-1
1297,images\inference-video-1\frame_00001298.jpg,inference-video-1,inference-video-1
1298,images\inference-video-1\frame_00001299.jpg,inference-video-1,inference-video-1
1299,images\inference-video-1\frame_00001300.jpg,inference-video-1,inference-video-1
1300,images\inference-video-1\frame_00001301.jpg,inference-video-1,inference-video-1
1301,images\inference-video-1\frame_00001302.jpg,inference-video-1,inference-video-1
1302,images\inference-video-1\frame_00001303.jpg,inference-video-1,inference-video-1
1303,images\inference-video-1\frame_00001304.jpg,inference-video-1,inference-video-1
1304,images\inference-video-1\frame_00001305.jpg,inference-video-1,inference-video-1
1305,images\inference-video-1\frame_00001306.jpg,inference-video-1,inference-video-1
1306,images\inference-video-1\frame_00001307.jpg,inference-video-1,inference-video-1
1307,images\inference-video-1\frame_00001308.jpg,inference-video-1,inference-video-1
1308,images\inference-video-1\frame_00001309.jpg,inference-video-1,inference-video-1
1309,images\inference-video-1\frame_00001310.jpg,inference-video-1,inference-video-1
1310,images\inference-video-1\frame_00001311.jpg,inference-video-1,inference-video-1
1311,images\inference-video-1\frame_00001312.jpg,inference-video-1,inference-video-1
1312,images\inference-video-1\frame_00001313.jpg,inference-video-1,inference-video-1
1313,images\inference-video-1\frame_00001314.jpg,inference-video-1,inference-video-1
1314,images\inference-video-1\frame_00001315.jpg,inference-video-1,inference-video-1
1315,images\inference-video-1\frame_00001316.jpg,inference-video-1,inference-video-1
1316,images\inference-video-1\frame_00001317.jpg,inference-video-1,inference-video-1
1317,images\inference-video-1\frame_00001318.jpg,inference-video-1,inference-video-1
1318,images\inference-video-1\frame_00001319.jpg,inference-video-1,inference-video-1
1319,images\inference-video-1\frame_00001320.jpg,inference-video-1,inference-video-1
1320,images\inference-video-1\frame_00001321.jpg,inference-video-1,inference-video-1
1321,images\inference-video-1\frame_00001322.jpg,inference-video-1,inference-video-1
1322,images\inference-video-1\frame_00001323.jpg,inference-video-1,inference-video-1
1323,images\inference-video-1\frame_00001324.jpg,inference-video-1,inference-video-1
1324,images\inference-video-1\frame_00001325.jpg,inference-video-1,inference-video-1
1325,images\inference-video-1\frame_00001326.jpg,inference-video-1,inference-video-1
1326,images\inference-video-1\frame_00001327.jpg,inference-video-1,inference-video-1
1327,images\inference-video-1\frame_00001328.jpg,inference-video-1,inference-video-1
1328,images\inference-video-1\frame_00001329.jpg,inference-video-1,inference-video-1
1329,images\inference-video-1\frame_00001330.jpg,inference-video-1,inference-video-1
1330,images\inference-video-1\frame_00001331.jpg,inference-video-1,inference-video-1
1331,images\inference-video-1\frame_00001332.jpg,inference-video-1,inference-video-1
1332,images\inference-video-1\frame_00001333.jpg,inference-video-1,inference-video-1
1333,images\inference-video-1\frame_00001334.jpg,inference-video-1,inference-video-1
1334,images\inference-video-1\frame_00001335.jpg,inference-video-1,inference-video-1
1335,images\inference-video-1\frame_00001336.jpg,inference-video-1,inference-video-1
1336,images\inference-video-1\frame_00001337.jpg,inference-video-1,inference-video-1
1337,images\inference-video-1\frame_00001338.jpg,inference-video-1,inference-video-1
1338,images\inference-video-1\frame_00001339.jpg,inference-video-1,inference-video-1
1339,images\inference-video-1\frame_00001340.jpg,inference-video-1,inference-video-1
1340,images\inference-video-1\frame_00001341.jpg,inference-video-1,inference-video-1
1341,images\inference-video-1\frame_00001342.jpg,inference-video-1,inference-video-1
1342,images\inference-video-1\frame_00001343.jpg,inference-video-1,inference-video-1
1343,images\inference-video-1\frame_00001344.jpg,inference-video-1,inference-video-1
1344,images\inference-video-1\frame_00001345.jpg,inference-video-1,inference-video-1
1345,images\inference-video-1\frame_00001346.jpg,inference-video-1,inference-video-1
1346,images\inference-video-1\frame_00001347.jpg,inference-video-1,inference-video-1
1347,images\inference-video-1\frame_00001348.jpg,inference-video-1,inference-video-1
1348,images\inference-video-1\frame_00001349.jpg,inference-video-1,inference-video-1
1349,images\inference-video-1\frame_00001350.jpg,inference-video-1,inference-video-1
1350,images\inference-video-1\frame_00001351.jpg,inference-video-1,inference-video-1
1351,images\inference-video-1\frame_00001352.jpg,inference-video-1,inference-video-1
1352,images\inference-video-1\frame_00001353.jpg,inference-video-1,inference-video-1
1353,images\inference-video-1\frame_00001354.jpg,inference-video-1,inference-video-1
1354,images\inference-video-1\frame_00001355.jpg,inference-video-1,inference-video-1
1355,images\inference-video-1\frame_00001356.jpg,inference-video-1,inference-video-1
1356,images\inference-video-1\frame_00001357.jpg,inference-video-1,inference-video-1
1357,images\inference-video-1\frame_00001358.jpg,inference-video-1,inference-video-1
1358,images\inference-video-1\frame_00001359.jpg,inference-video-1,inference-video-1
1359,images\inference-video-1\frame_00001360.jpg,inference-video-1,inference-video-1
1360,images\inference-video-1\frame_00001361.jpg,inference-video-1,inference-video-1
1361,images\inference-video-1\frame_00001362.jpg,inference-video-1,inference-video-1
1362,images\inference-video-1\frame_00001363.jpg,inference-video-1,inference-video-1
1363,images\inference-video-1\frame_00001364.jpg,inference-video-1,inference-video-1
1364,images\inference-video-1\frame_00001365.jpg,inference-video-1,inference-video-1
1365,images\inference-video-1\frame_00001366.jpg,inference-video-1,inference-video-1
1366,images\inference-video-1\frame_00001367.jpg,inference-video-1,inference-video-1
1367,images\inference-video-1\frame_00001368.jpg,inference-video-1,inference-video-1
1368,images\inference-video-1\frame_00001369.jpg,inference-video-1,inference-video-1
1369,images\inference-video-1\frame_00001370.jpg,inference-video-1,inference-video-1
1370,images\inference-video-1\frame_00001371.jpg,inference-video-1,inference-video-1
1371,images\inference-video-1\frame_00001372.jpg,inference-video-1,inference-video-1
1372,images\inference-video-1\frame_00001373.jpg,inference-video-1,inference-video-1
1373,images\inference-video-1\frame_00001374.jpg,inference-video-1,inference-video-1
1374,images\inference-video-1\frame_00001375.jpg,inference-video-1,inference-video-1
1375,images\inference-video-1\frame_00001376.jpg,inference-video-1,inference-video-1
1376,images\inference-video-1\frame_00001377.jpg,inference-video-1,inference-video-1
1377,images\inference-video-1\frame_00001378.jpg,inference-video-1,inference-video-1
1378,images\inference-video-1\frame_00001379.jpg,inference-video-1,inference-video-1
1379,images\inference-video-1\frame_00001380.jpg,inference-video-1,inference-video-1
1380,images\inference-video-1\frame_00001381.jpg,inference-video-1,inference-video-1
1381,images\inference-video-1\frame_00001382.jpg,inference-video-1,inference-video-1
1382,images\inference-video-1\frame_00001383.jpg,inference-video-1,inference-video-1
1383,images\inference-video-1\frame_00001384.jpg,inference-video-1,inference-video-1
1384,images\inference-video-1\frame_00001385.jpg,inference-video-1,inference-video-1
1385,images\inference-video-1\frame_00001386.jpg,inference-video-1,inference-video-1
1386,images\inference-video-1\frame_00001387.jpg,inference-video-1,inference-video-1
1387,images\inference-video-1\frame_00001388.jpg,inference-video-1,inference-video-1
1388,images\inference-video-1\frame_00001389.jpg,inference-video-1,inference-video-1
1389,images\inference-video-1\frame_00001390.jpg,inference-video-1,inference-video-1
1390,images\inference-video-1\frame_00001391.jpg,inference-video-1,inference-video-1
1391,images\inference-video-1\frame_00001392.jpg,inference-video-1,inference-video-1
1392,images\inference-video-1\frame_00001393.jpg,inference-video-1,inference-video-1
1393,images\inference-video-1\frame_00001394.jpg,inference-video-1,inference-video-1
1394,images\inference-video-1\frame_00001395.jpg,inference-video-1,inference-video-1
1395,images\inference-video-1\frame_00001396.jpg,inference-video-1,inference-video-1
1396,images\inference-video-1\frame_00001397.jpg,inference-video-1,inference-video-1
1397,images\inference-video-1\frame_00001398.jpg,inference-video-1,inference-video-1
1398,images\inference-video-1\frame_00001399.jpg,inference-video-1,inference-video-1
1399,images\inference-video-1\frame_00001400.jpg,inference-video-1,inference-video-1
1400,images\inference-video-1\frame_00001401.jpg,inference-video-1,inference-video-1
1401,images\inference-video-1\frame_00001402.jpg,inference-video-1,inference-video-1
1402,images\inference-video-1\frame_00001403.jpg,inference-video-1,inference-video-1
1403,images\inference-video-1\frame_00001404.jpg,inference-video-1,inference-video-1
1404,images\inference-video-1\frame_00001405.jpg,inference-video-1,inference-video-1
1405,images\inference-video-1\frame_00001406.jpg,inference-video-1,inference-video-1
1406,images\inference-video-1\frame_00001407.jpg,inference-video-1,inference-video-1
1407,images\inference-video-1\frame_00001408.jpg,inference-video-1,inference-video-1
1408,images\inference-video-1\frame_00001409.jpg,inference-video-1,inference-video-1
1409,images\inference-video-1\frame_00001410.jpg,inference-video-1,inference-video-1
1410,images\inference-video-1\frame_00001411.jpg,inference-video-1,inference-video-1
1411,images\inference-video-1\frame_00001412.jpg,inference-video-1,inference-video-1
1412,images\inference-video-1\frame_00001413.jpg,inference-video-1,inference-video-1
1413,images\inference-video-1\frame_00001414.jpg,inference-video-1,inference-video-1
1414,images\inference-video-1\frame_00001415.jpg,inference-video-1,inference-video-1
1415,images\inference-video-1\frame_00001416.jpg,inference-video-1,inference-video-1
1416,images\inference-video-1\frame_00001417.jpg,inference-video-1,inference-video-1
1417,images\inference-video-1\frame_00001418.jpg,inference-video-1,inference-video-1
1418,images\inference-video-1\frame_00001419.jpg,inference-video-1,inference-video-1
1419,images\inference-video-1\frame_00001420.jpg,inference-video-1,inference-video-1
1420,images\inference-video-1\frame_00001421.jpg,inference-video-1,inference-video-1
1421,images\inference-video-1\frame_00001422.jpg,inference-video-1,inference-video-1
1422,images\inference-video-1\frame_00001423.jpg,inference-video-1,inference-video-1
1423,images\inference-video-1\frame_00001424.jpg,inference-video-1,inference-video-1
1424,images\inference-video-1\frame_00001425.jpg,inference-video-1,inference-video-1
1425,images\inference-video-1\frame_00001426.jpg,inference-video-1,inference-video-1
1426,images\inference-video-1\frame_00001427.jpg,inference-video-1,inference-video-1
1427,images\inference-video-1\frame_00001428.jpg,inference-video-1,inference-video-1
1428,images\inference-video-1\frame_00001429.jpg,inference-video-1,inference-video-1
1429,images\inference-video-1\frame_00001430.jpg,inference-video-1,inference-video-1
1430,images\inference-video-1\frame_00001431.jpg,inference-video-1,inference-video-1
1431,images\inference-video-1\frame_00001432.jpg,inference-video-1,inference-video-1
1432,images\inference-video-1\frame_00001433.jpg,inference-video-1,inference-video-1
1433,images\inference-video-1\frame_00001434.jpg,inference-video-1,inference-video-1
1434,images\inference-video-1\frame_00001435.jpg,inference-video-1,inference-video-1
1435,images\inference-video-1\frame_00001436.jpg,inference-video-1,inference-video-1
1436,images\inference-video-1\frame_00001437.jpg,inference-video-1,inference-video-1
1437,images\inference-video-1\frame_00001438.jpg,inference-video-1,inference-video-1
1438,images\inference-video-1\frame_00001439.jpg,inference-video-1,inference-video-1
1439,images\inference-video-1\frame_00001440.jpg,inference-video-1,inference-video-1
1440,images\inference-video-1\frame_00001441.jpg,inference-video-1,inference-video-1
1441,images\inference-video-1\frame_00001442.jpg,inference-video-1,inference-video-1
1442,images\inference-video-1\frame_00001443.jpg,inference-video-1,inference-video-1
1443,images\inference-video-1\frame_00001444.jpg,inference-video-1,inference-video-1
1444,images\inference-video-1\frame_00001445.jpg,inference-video-1,inference-video-1
1445,images\inference-video-1\frame_00001446.jpg,inference-video-1,inference-video-1
1446,images\inference-video-1\frame_00001447.jpg,inference-video-1,inference-video-1
1447,images\inference-video-1\frame_00001448.jpg,inference-video-1,inference-video-1
1448,images\inference-video-1\frame_00001449.jpg,inference-video-1,inference-video-1
1449,images\inference-video-1\frame_00001450.jpg,inference-video-1,inference-video-1
1450,images\inference-video-1\frame_00001451.jpg,inference-video-1,inference-video-1
1451,images\inference-video-1\frame_00001452.jpg,inference-video-1,inference-video-1
1452,images\inference-video-1\frame_00001453.jpg,inference-video-1,inference-video-1
1453,images\inference-video-1\frame_00001454.jpg,inference-video-1,inference-video-1
1454,images\inference-video-1\frame_00001455.jpg,inference-video-1,inference-video-1
1455,images\inference-video-1\frame_00001456.jpg,inference-video-1,inference-video-1
1456,images\inference-video-1\frame_00001457.jpg,inference-video-1,inference-video-1
1457,images\inference-video-1\frame_00001458.jpg,inference-video-1,inference-video-1
1458,images\inference-video-1\frame_00001459.jpg,inference-video-1,inference-video-1
1459,images\inference-video-1\frame_00001460.jpg,inference-video-1,inference-video-1
1460,images\inference-video-1\frame_00001461.jpg,inference-video-1,inference-video-1
1461,images\inference-video-1\frame_00001462.jpg,inference-video-1,inference-video-1
1462,images\inference-video-1\frame_00001463.jpg,inference-video-1,inference-video-1
1463,images\inference-video-1\frame_00001464.jpg,inference-video-1,inference-video-1
1464,images\inference-video-1\frame_00001465.jpg,inference-video-1,inference-video-1
1465,images\inference-video-1\frame_00001466.jpg,inference-video-1,inference-video-1
1466,images\inference-video-1\frame_00001467.jpg,inference-video-1,inference-video-1
1467,images\inference-video-1\frame_00001468.jpg,inference-video-1,inference-video-1
1468,images\inference-video-1\frame_00001469.jpg,inference-video-1,inference-video-1
1469,images\inference-video-1\frame_00001470.jpg,inference-video-1,inference-video-1
1470,images\inference-video-1\frame_00001471.jpg,inference-video-1,inference-video-1
1471,images\inference-video-1\frame_00001472.jpg,inference-video-1,inference-video-1
1472,images\inference-video-1\frame_00001473.jpg,inference-video-1,inference-video-1
1473,images\inference-video-1\frame_00001474.jpg,inference-video-1,inference-video-1
1474,images\inference-video-1\frame_00001475.jpg,inference-video-1,inference-video-1
1475,images\inference-video-1\frame_00001476.jpg,inference-video-1,inference-video-1
1476,images\inference-video-1\frame_00001477.jpg,inference-video-1,inference-video-1
1477,images\inference-video-1\frame_00001478.jpg,inference-video-1,inference-video-1
1478,images\inference-video-1\frame_00001479.jpg,inference-video-1,inference-video-1
1479,images\inference-video-1\frame_00001480.jpg,inference-video-1,inference-video-1
1480,images\inference-video-1\frame_00001481.jpg,inference-video-1,inference-video-1
1481,images\inference-video-1\frame_00001482.jpg,inference-video-1,inference-video-1
1482,images\inference-video-1\frame_00001483.jpg,inference-video-1,inference-video-1
1483,images\inference-video-1\frame_00001484.jpg,inference-video-1,inference-video-1
1484,images\inference-video-1\frame_00001485.jpg,inference-video-1,inference-video-1
1485,images\inference-video-1\frame_00001486.jpg,inference-video-1,inference-video-1
1486,images\inference-video-1\frame_00001487.jpg,inference-video-1,inference-video-1
1487,images\inference-video-1\frame_00001488.jpg,inference-video-1,inference-video-1
1488,images\inference-video-1\frame_00001489.jpg,inference-video-1,inference-video-1
1489,images\inference-video-1\frame_00001490.jpg,inference-video-1,inference-video-1
1490,images\inference-video-1\frame_00001491.jpg,inference-video-1,inference-video-1
1491,images\inference-video-1\frame_00001492.jpg,inference-video-1,inference-video-1
1492,images\inference-video-1\frame_00001493.jpg,inference-video-1,inference-video-1
1493,images\inference-video-1\frame_00001494.jpg,inference-video-1,inference-video-1
1494,images\inference-video-1\frame_00001495.jpg,inference-video-1,inference-video-1
1495,images\inference-video-1\frame_00001496.jpg,inference-video-1,inference-video-1
1496,images\inference-video-1\frame_00001497.jpg,inference-video-1,inference-video-1
1497,images\inference-video-1\frame_00001498.jpg,inference-video-1,inference-video-1
1498,images\inference-video-1\frame_00001499.jpg,inference-video-1,inference-video-1
1499,images\inference-video-1\frame_00001500.jpg,inference-video-1,inference-video-1
1500,images\inference-video-1\frame_00001501.jpg,inference-video-1,inference-video-1
1501,images\inference-video-1\frame_00001502.jpg,inference-video-1,inference-video-1
1502,images\inference-video-1\frame_00001503.jpg,inference-video-1,inference-video-1
1503,images\inference-video-1\frame_00001504.jpg,inference-video-1,inference-video-1
1504,images\inference-video-1\frame_00001505.jpg,inference-video-1,inference-video-1
1505,images\inference-video-1\frame_00001506.jpg,inference-video-1,inference-video-1
1506,images\inference-video-1\frame_00001507.jpg,inference-video-1,inference-video-1
1507,images\inference-video-1\frame_00001508.jpg,inference-video-1,inference-video-1
1508,images\inference-video-1\frame_00001509.jpg,inference-video-1,inference-video-1
1509,images\inference-video-1\frame_00001510.jpg,inference-video-1,inference-video-1
1510,images\inference-video-1\frame_00001511.jpg,inference-video-1,inference-video-1
1511,images\inference-video-1\frame_00001512.jpg,inference-video-1,inference-video-1
1512,images\inference-video-1\frame_00001513.jpg,inference-video-1,inference-video-1
1513,images\inference-video-1\frame_00001514.jpg,inference-video-1,inference-video-1
1514,images\inference-video-1\frame_00001515.jpg,inference-video-1,inference-video-1
1515,images\inference-video-1\frame_00001516.jpg,inference-video-1,inference-video-1
1516,images\inference-video-1\frame_00001517.jpg,inference-video-1,inference-video-1
1517,images\inference-video-1\frame_00001518.jpg,inference-video-1,inference-video-1
1518,images\inference-video-1\frame_00001519.jpg,inference-video-1,inference-video-1
1519,images\inference-video-1\frame_00001520.jpg,inference-video-1,inference-video-1
1520,images\inference-video-1\frame_00001521.jpg,inference-video-1,inference-video-1
1521,images\inference-video-1\frame_00001522.jpg,inference-video-1,inference-video-1
1522,images\inference-video-1\frame_00001523.jpg,inference-video-1,inference-video-1
1523,images\inference-video-1\frame_00001524.jpg,inference-video-1,inference-video-1
1524,images\inference-video-1\frame_00001525.jpg,inference-video-1,inference-video-1
1525,images\inference-video-1\frame_00001526.jpg,inference-video-1,inference-video-1
1526,images\inference-video-1\frame_00001527.jpg,inference-video-1,inference-video-1
1527,images\inference-video-1\frame_00001528.jpg,inference-video-1,inference-video-1
1528,images\inference-video-1\frame_00001529.jpg,inference-video-1,inference-video-1
1529,images\inference-video-1\frame_00001530.jpg,inference-video-1,inference-video-1
1530,images\inference-video-1\frame_00001531.jpg,inference-video-1,inference-video-1
1531,images\inference-video-1\frame_00001532.jpg,inference-video-1,inference-video-1
1532,images\inference-video-1\frame_00001533.jpg,inference-video-1,inference-video-1
1533,images\inference-video-1\frame_00001534.jpg,inference-video-1,inference-video-1
1534,images\inference-video-1\frame_00001535.jpg,inference-video-1,inference-video-1
1535,images\inference-video-1\frame_00001536.jpg,inference-video-1,inference-video-1
1536,images\inference-video-1\frame_00001537.jpg,inference-video-1,inference-video-1
1537,images\inference-video-1\frame_00001538.jpg,inference-video-1,inference-video-1
1538,images\inference-video-1\frame_00001539.jpg,inference-video-1,inference-video-1
1539,images\inference-video-1\frame_00001540.jpg,inference-video-1,inference-video-1
1540,images\inference-video-1\frame_00001541.jpg,inference-video-1,inference-video-1
1541,images\inference-video-1\frame_00001542.jpg,inference-video-1,inference-video-1
1542,images\inference-video-1\frame_00001543.jpg,inference-video-1,inference-video-1
1543,images\inference-video-1\frame_00001544.jpg,inference-video-1,inference-video-1
1544,images\inference-video-1\frame_00001545.jpg,inference-video-1,inference-video-1
1545,images\inference-video-1\frame_00001546.jpg,inference-video-1,inference-video-1
1546,images\inference-video-1\frame_00001547.jpg,inference-video-1,inference-video-1
1547,images\inference-video-1\frame_00001548.jpg,inference-video-1,inference-video-1
1548,images\inference-video-1\frame_00001549.jpg,inference-video-1,inference-video-1
1549,images\inference-video-1\frame_00001550.jpg,inference-video-1,inference-video-1
1550,images\inference-video-1\frame_00001551.jpg,inference-video-1,inference-video-1
1551,images\inference-video-1\frame_00001552.jpg,inference-video-1,inference-video-1
1552,images\inference-video-1\frame_00001553.jpg,inference-video-1,inference-video-1
1553,images\inference-video-1\frame_00001554.jpg,inference-video-1,inference-video-1
1554,images\inference-video-1\frame_00001555.jpg,inference-video-1,inference-video-1
1555,images\inference-video-1\frame_00001556.jpg,inference-video-1,inference-video-1
1556,images\inference-video-1\frame_00001557.jpg,inference-video-1,inference-video-1
1557,images\inference-video-1\frame_00001558.jpg,inference-video-1,inference-video-1
1558,images\inference-video-1\frame_00001559.jpg,inference-video-1,inference-video-1
1559,images\inference-video-1\frame_00001560.jpg,inference-video-1,inference-video-1
1560,images\inference-video-1\frame_00001561.jpg,inference-video-1,inference-video-1
1561,images\inference-video-1\frame_00001562.jpg,inference-video-1,inference-video-1
1562,images\inference-video-1\frame_00001563.jpg,inference-video-1,inference-video-1
1563,images\inference-video-1\frame_00001564.jpg,inference-video-1,inference-video-1
1564,images\inference-video-1\frame_00001565.jpg,inference-video-1,inference-video-1
1565,images\inference-video-1\frame_00001566.jpg,inference-video-1,inference-video-1
1566,images\inference-video-1\frame_00001567.jpg,inference-video-1,inference-video-1
1567,images\inference-video-1\frame_00001568.jpg,inference-video-1,inference-video-1
1568,images\inference-video-1\frame_00001569.jpg,inference-video-1,inference-video-1
1569,images\inference-video-1\frame_00001570.jpg,inference-video-1,inference-video-1
1570,images\inference-video-1\frame_00001571.jpg,inference-video-1,inference-video-1
1571,images\inference-video-1\frame_00001572.jpg,inference-video-1,inference-video-1
1572,images\inference-video-1\frame_00001573.jpg,inference-video-1,inference-video-1
1573,images\inference-video-1\frame_00001574.jpg,inference-video-1,inference-video-1
1574,images\inference-video-1\frame_00001575.jpg,inference-video-1,inference-video-1
1575,images\inference-video-1\frame_00001576.jpg,inference-video-1,inference-video-1
1576,images\inference-video-1\frame_00001577.jpg,inference-video-1,inference-video-1
1577,images\inference-video-1\frame_00001578.jpg,inference-video-1,inference-video-1
1578,images\inference-video-1\frame_00001579.jpg,inference-video-1,inference-video-1
1579,images\inference-video-1\frame_00001580.jpg,inference-video-1,inference-video-1
1580,images\inference-video-1\frame_00001581.jpg,inference-video-1,inference-video-1
1581,images\inference-video-1\frame_00001582.jpg,inference-video-1,inference-video-1
1582,images\inference-video-1\frame_00001583.jpg,inference-video-1,inference-video-1
1583,images\inference-video-1\frame_00001584.jpg,inference-video-1,inference-video-1
1584,images\inference-video-1\frame_00001585.jpg,inference-video-1,inference-video-1
1585,images\inference-video-1\frame_00001586.jpg,inference-video-1,inference-video-1
1586,images\inference-video-1\frame_00001587.jpg,inference-video-1,inference-video-1
1587,images\inference-video-1\frame_00001588.jpg,inference-video-1,inference-video-1
1588,images\inference-video-1\frame_00001589.jpg,inference-video-1,inference-video-1
1589,images\inference-video-1\frame_00001590.jpg,inference-video-1,inference-video-1
1590,images\inference-video-1\frame_00001591.jpg,inference-video-1,inference-video-1
1591,images\inference-video-1\frame_00001592.jpg,inference-video-1,inference-video-1
1592,images\inference-video-1\frame_00001593.jpg,inference-video-1,inference-video-1
1593,images\inference-video-1\frame_00001594.jpg,inference-video-1,inference-video-1
1594,images\inference-video-1\frame_00001595.jpg,inference-video-1,inference-video-1
1595,images\inference-video-1\frame_00001596.jpg,inference-video-1,inference-video-1
1596,images\inference-video-1\frame_00001597.jpg,inference-video-1,inference-video-1
1597,images\inference-video-1\frame_00001598.jpg,inference-video-1,inference-video-1
1598,images\inference-video-1\frame_00001599.jpg,inference-video-1,inference-video-1
1599,images\inference-video-1\frame_00001600.jpg,inference-video-1,inference-video-1
1600,images\inference-video-1\frame_00001601.jpg,inference-video-1,inference-video-1
1601,images\inference-video-1\frame_00001602.jpg,inference-video-1,inference-video-1
1602,images\inference-video-1\frame_00001603.jpg,inference-video-1,inference-video-1
1603,images\inference-video-1\frame_00001604.jpg,inference-video-1,inference-video-1
1604,images\inference-video-1\frame_00001605.jpg,inference-video-1,inference-video-1
1605,images\inference-video-1\frame_00001606.jpg,inference-video-1,inference-video-1
1606,images\inference-video-1\frame_00001607.jpg,inference-video-1,inference-video-1
1607,images\inference-video-1\frame_00001608.jpg,inference-video-1,inference-video-1
1608,images\inference-video-1\frame_00001609.jpg,inference-video-1,inference-video-1
1609,images\inference-video-1\frame_00001610.jpg,inference-video-1,inference-video-1
1610,images\inference-video-1\frame_00001611.jpg,inference-video-1,inference-video-1
1611,images\inference-video-1\frame_00001612.jpg,inference-video-1,inference-video-1
1612,images\inference-video-1\frame_00001613.jpg,inference-video-1,inference-video-1
1613,images\inference-video-1\frame_00001614.jpg,inference-video-1,inference-video-1
